transaction_id,customer_id,product_id,quantity,timestamp
1,CUST_334,PROD_16,2,2025-12-31 05:13:32
2,CUST_191,PROD_74,2,2026-01-03 04:40:26
3,CUST_269,PROD_51,4,2026-01-15 18:18:36
4,CUST_61,PROD_92,5,2026-01-24 08:15:05
5,CUST_223,PROD_55,4,2026-01-01 13:19:15
6,CUST_355,PROD_95,1,2026-01-17 11:10:29
7,CUST_440,PROD_72,4,2026-01-08 23:57:31
8,CUST_162,PROD_49,5,2025-12-30 21:38:42
9,CUST_30,PROD_79,4,2026-01-17 21:38:00
10,CUST_479,PROD_30,3,2026-01-11 02:16:23
11,CUST_214,PROD_1,2,2026-01-01 01:04:41
12,CUST_204,PROD_99,2,2026-01-11 15:09:57
13,CUST_352,PROD_57,1,2026-01-05 00:25:12
14,CUST_350,PROD_1,5,2025-12-31 13:46:27
15,CUST_172,PROD_36,4,2026-01-07 12:51:53
16,CUST_370,PROD_67,3,2026-01-05 20:32:56
17,CUST_245,PROD_78,1,2026-01-11 23:40:04
18,CUST_105,PROD_90,4,2026-01-03 08:23:22
19,CUST_225,PROD_30,5,2025-12-28 19:02:25
20,CUST_438,PROD_50,2,2026-01-04 15:01:02
21,CUST_41,PROD_71,5,2026-01-19 00:25:25
22,CUST_488,PROD_83,1,2026-01-10 21:41:04
23,CUST_73,PROD_12,2,2026-01-24 17:18:59
24,CUST_227,PROD_92,1,2026-01-12 15:32:09
25,CUST_298,PROD_51,1,2026-01-25 04:23:07
26,CUST_246,PROD_95,5,2026-01-04 08:18:35
27,CUST_272,PROD_7,1,2025-12-31 02:20:00
28,CUST_138,PROD_26,5,2026-01-11 13:40:20
29,CUST_443,PROD_31,2,2026-01-03 09:11:50
30,CUST_389,PROD_67,3,2025-12-30 14:07:04
31,CUST_430,PROD_90,2,2026-01-06 15:30:04
32,CUST_489,PROD_70,5,2026-01-19 21:57:24
33,CUST_294,PROD_31,1,2026-01-23 13:12:41
34,CUST_439,PROD_84,1,2025-12-28 23:59:38
35,CUST_217,PROD_97,5,2026-01-14 18:43:36
36,CUST_261,PROD_26,4,2026-01-13 06:22:12
37,CUST_140,PROD_41,1,2026-01-27 02:54:43
38,CUST_327,PROD_86,3,2026-01-13 20:00:37
39,CUST_359,PROD_86,2,2026-01-18 05:23:26
40,CUST_105,PROD_88,1,2026-01-05 07:50:37
41,CUST_335,PROD_90,4,2026-01-04 01:23:50
42,CUST_64,PROD_10,4,2026-01-01 09:50:35
43,CUST_71,PROD_17,4,2025-12-30 09:37:42
44,CUST_113,PROD_9,5,2026-01-23 04:05:37
45,CUST_331,PROD_59,2,2026-01-15 00:04:08
46,CUST_46,PROD_99,3,2026-01-15 22:45:32
47,CUST_125,PROD_51,5,2026-01-14 19:43:01
48,CUST_253,PROD_13,4,2026-01-19 02:05:36
49,CUST_282,PROD_61,1,2026-01-21 10:28:12
50,CUST_491,PROD_7,5,2026-01-17 05:32:48
51,CUST_177,PROD_32,2,2026-01-23 22:19:15
52,CUST_23,PROD_48,2,2026-01-19 22:38:32
53,CUST_282,PROD_4,3,2026-01-14 13:46:39
54,CUST_488,PROD_47,3,2026-01-08 17:23:47
55,CUST_129,PROD_71,4,2026-01-07 01:01:17
56,CUST_33,PROD_81,3,2026-01-04 17:11:10
57,CUST_309,PROD_1,5,2026-01-24 00:17:18
58,CUST_30,PROD_94,1,2026-01-13 08:11:15
59,CUST_187,PROD_99,4,2026-01-03 17:03:47
60,CUST_141,PROD_34,2,2026-01-06 14:47:19
61,CUST_332,PROD_91,5,2026-01-01 11:45:11
62,CUST_6,PROD_27,1,2026-01-16 07:38:33
63,CUST_98,PROD_85,4,2025-12-30 08:54:43
64,CUST_186,PROD_90,1,2026-01-13 05:17:07
65,CUST_252,PROD_29,4,2026-01-08 02:32:27
66,CUST_426,PROD_19,3,2025-12-30 16:12:37
67,CUST_455,PROD_92,4,2026-01-14 21:22:38
68,CUST_465,PROD_41,1,2026-01-25 21:39:47
69,CUST_407,PROD_40,3,2026-01-27 05:52:49
70,CUST_318,PROD_14,2,2026-01-19 20:42:07
71,CUST_19,PROD_65,5,2026-01-26 18:23:55
72,CUST_183,PROD_9,2,2025-12-30 06:45:04
73,CUST_260,PROD_39,3,2026-01-10 06:44:35
74,CUST_479,PROD_58,3,2025-12-29 12:26:33
75,CUST_248,PROD_11,4,2026-01-09 16:15:28
76,CUST_500,PROD_21,3,2026-01-03 14:32:04
77,CUST_102,PROD_13,5,2026-01-05 07:28:04
78,CUST_251,PROD_65,3,2026-01-24 04:49:34
79,CUST_211,PROD_94,2,2026-01-12 23:16:34
80,CUST_378,PROD_20,5,2026-01-14 08:19:34
81,CUST_38,PROD_22,3,2025-12-29 05:31:15
82,CUST_149,PROD_34,4,2026-01-01 06:58:39
83,CUST_59,PROD_87,4,2026-01-23 12:24:11
84,CUST_99,PROD_73,1,2026-01-13 10:17:03
85,CUST_87,PROD_9,3,2026-01-22 01:54:55
86,CUST_82,PROD_19,2,2026-01-05 09:49:13
87,CUST_218,PROD_10,5,2026-01-06 20:30:00
88,CUST_380,PROD_36,3,2026-01-03 22:14:47
89,CUST_36,PROD_84,2,2026-01-01 12:20:06
90,CUST_376,PROD_62,1,2026-01-10 21:41:16
91,CUST_238,PROD_48,2,2026-01-04 18:24:15
92,CUST_254,PROD_3,4,2026-01-24 17:52:43
93,CUST_443,PROD_13,2,2026-01-13 03:35:04
94,CUST_202,PROD_3,5,2026-01-07 03:29:14
95,CUST_454,PROD_39,5,2026-01-22 23:56:15
96,CUST_79,PROD_51,3,2026-01-18 16:00:45
97,CUST_41,PROD_80,3,2026-01-06 21:57:45
98,CUST_359,PROD_44,5,2025-12-29 22:01:49
99,CUST_306,PROD_84,5,2026-01-08 08:18:32
100,CUST_6,PROD_39,1,2026-01-16 13:13:34
101,CUST_45,PROD_83,1,2026-01-06 08:06:19
102,CUST_141,PROD_74,2,2026-01-04 21:19:26
103,CUST_458,PROD_8,5,2026-01-14 22:20:03
104,CUST_272,PROD_8,3,2025-12-30 05:53:40
105,CUST_69,PROD_81,2,2026-01-25 13:30:13
106,CUST_364,PROD_42,1,2026-01-22 09:50:17
107,CUST_39,PROD_97,4,2026-01-08 17:55:56
108,CUST_254,PROD_98,5,2026-01-22 23:22:57
109,CUST_207,PROD_74,2,2026-01-01 12:56:53
110,CUST_374,PROD_92,1,2026-01-12 22:25:10
111,CUST_414,PROD_92,1,2026-01-10 12:48:07
112,CUST_489,PROD_79,4,2026-01-05 03:27:53
113,CUST_302,PROD_48,1,2026-01-10 09:27:49
114,CUST_457,PROD_40,4,2026-01-20 13:00:30
115,CUST_487,PROD_60,4,2025-12-30 06:19:19
116,CUST_439,PROD_58,4,2025-12-29 04:16:35
117,CUST_465,PROD_93,5,2026-01-05 00:04:07
118,CUST_460,PROD_16,5,2025-12-29 09:57:08
119,CUST_392,PROD_71,1,2026-01-20 09:29:29
120,CUST_249,PROD_28,1,2026-01-18 23:24:00
121,CUST_265,PROD_18,1,2026-01-18 07:02:57
122,CUST_438,PROD_35,5,2026-01-01 04:46:17
123,CUST_500,PROD_77,2,2026-01-13 17:42:15
124,CUST_464,PROD_5,5,2026-01-18 23:31:50
125,CUST_317,PROD_90,5,2026-01-01 18:48:33
126,CUST_58,PROD_62,4,2026-01-12 22:18:44
127,CUST_340,PROD_55,5,2026-01-09 00:07:21
128,CUST_295,PROD_85,5,2026-01-07 22:21:11
129,CUST_372,PROD_8,3,2025-12-29 22:52:16
130,CUST_436,PROD_80,3,2026-01-11 03:15:04
131,CUST_255,PROD_100,4,2026-01-11 09:36:11
132,CUST_192,PROD_7,5,2026-01-07 12:22:24
133,CUST_276,PROD_7,1,2026-01-10 18:05:50
134,CUST_333,PROD_45,1,2026-01-12 01:57:51
135,CUST_170,PROD_21,2,2026-01-07 09:55:46
136,CUST_120,PROD_16,2,2026-01-13 09:04:09
137,CUST_162,PROD_83,5,2026-01-17 06:40:30
138,CUST_364,PROD_5,2,2026-01-24 13:05:42
139,CUST_178,PROD_96,1,2026-01-26 22:58:40
140,CUST_170,PROD_26,1,2025-12-30 21:03:12
141,CUST_137,PROD_71,3,2026-01-17 02:28:28
142,CUST_361,PROD_84,5,2026-01-13 16:02:58
143,CUST_178,PROD_9,2,2026-01-24 07:24:55
144,CUST_368,PROD_67,1,2026-01-09 09:47:31
145,CUST_499,PROD_54,4,2026-01-26 12:45:08
146,CUST_492,PROD_45,3,2026-01-04 00:34:02
147,CUST_160,PROD_46,2,2025-12-30 01:32:00
148,CUST_257,PROD_94,5,2026-01-25 08:38:48
149,CUST_87,PROD_47,2,2026-01-11 06:19:36
150,CUST_302,PROD_16,2,2026-01-18 04:45:36
151,CUST_285,PROD_33,3,2026-01-02 03:44:09
152,CUST_113,PROD_100,4,2026-01-07 05:22:57
153,CUST_47,PROD_60,4,2026-01-05 04:58:17
154,CUST_325,PROD_37,4,2026-01-10 04:44:07
155,CUST_376,PROD_34,3,2026-01-15 16:57:50
156,CUST_455,PROD_71,3,2026-01-22 06:13:27
157,CUST_39,PROD_93,1,2025-12-31 12:09:31
158,CUST_104,PROD_82,3,2026-01-20 03:05:24
159,CUST_465,PROD_66,1,2026-01-21 02:10:47
160,CUST_384,PROD_84,3,2026-01-25 13:58:30
161,CUST_291,PROD_29,1,2026-01-07 13:51:26
162,CUST_320,PROD_94,5,2026-01-11 16:58:28
163,CUST_482,PROD_71,5,2026-01-22 01:25:10
164,CUST_124,PROD_97,2,2026-01-23 07:34:44
165,CUST_395,PROD_37,2,2026-01-23 15:55:47
166,CUST_309,PROD_41,5,2026-01-26 20:58:06
167,CUST_460,PROD_84,5,2026-01-06 02:28:44
168,CUST_12,PROD_19,5,2026-01-27 06:51:27
169,CUST_147,PROD_35,2,2026-01-09 03:03:09
170,CUST_11,PROD_85,2,2026-01-07 10:51:34
171,CUST_288,PROD_3,4,2026-01-16 14:36:53
172,CUST_231,PROD_48,5,2026-01-19 04:15:00
173,CUST_264,PROD_72,3,2025-12-30 20:40:38
174,CUST_328,PROD_70,2,2026-01-08 05:58:22
175,CUST_179,PROD_32,3,2026-01-14 17:11:48
176,CUST_25,PROD_49,5,2026-01-26 15:32:25
177,CUST_288,PROD_76,3,2026-01-05 16:02:21
178,CUST_290,PROD_23,2,2025-12-31 16:49:50
179,CUST_277,PROD_97,3,2026-01-21 07:09:32
180,CUST_336,PROD_96,1,2026-01-24 03:21:29
181,CUST_382,PROD_86,2,2026-01-06 11:01:06
182,CUST_485,PROD_22,1,2026-01-04 13:20:04
183,CUST_17,PROD_41,4,2026-01-15 13:28:09
184,CUST_421,PROD_57,4,2026-01-27 05:08:29
185,CUST_120,PROD_15,5,2026-01-06 01:44:41
186,CUST_8,PROD_97,3,2026-01-24 08:55:51
187,CUST_155,PROD_97,3,2026-01-02 11:10:22
188,CUST_294,PROD_23,4,2026-01-10 08:16:51
189,CUST_122,PROD_9,2,2026-01-24 01:17:23
190,CUST_130,PROD_15,2,2026-01-13 22:07:27
191,CUST_301,PROD_65,4,2026-01-06 17:46:37
192,CUST_5,PROD_86,3,2026-01-25 20:52:20
193,CUST_479,PROD_69,3,2026-01-11 02:57:08
194,CUST_487,PROD_26,2,2026-01-26 13:31:10
195,CUST_480,PROD_56,3,2026-01-19 16:06:33
196,CUST_94,PROD_71,2,2026-01-20 12:52:13
197,CUST_349,PROD_54,2,2026-01-01 09:42:03
198,CUST_154,PROD_64,3,2026-01-02 17:09:16
199,CUST_80,PROD_36,4,2026-01-17 10:21:10
200,CUST_53,PROD_45,1,2026-01-13 19:41:34
201,CUST_315,PROD_23,3,2026-01-26 08:37:26
202,CUST_220,PROD_59,5,2026-01-09 08:03:38
203,CUST_98,PROD_37,2,2026-01-18 00:45:10
204,CUST_454,PROD_5,3,2026-01-12 04:22:51
205,CUST_206,PROD_51,3,2026-01-08 18:26:07
206,CUST_281,PROD_51,5,2026-01-24 08:14:38
207,CUST_215,PROD_43,4,2026-01-06 06:04:41
208,CUST_94,PROD_74,5,2026-01-14 21:15:37
209,CUST_206,PROD_74,3,2026-01-15 23:30:29
210,CUST_285,PROD_89,3,2026-01-12 00:45:12
211,CUST_291,PROD_38,3,2026-01-24 11:31:03
212,CUST_112,PROD_93,4,2026-01-20 15:56:27
213,CUST_405,PROD_78,5,2026-01-27 08:52:40
214,CUST_475,PROD_69,3,2026-01-24 20:51:28
215,CUST_336,PROD_3,4,2026-01-18 12:52:50
216,CUST_461,PROD_63,2,2026-01-12 19:16:06
217,CUST_469,PROD_71,4,2026-01-12 09:07:45
218,CUST_129,PROD_94,5,2026-01-09 12:30:42
219,CUST_383,PROD_21,1,2026-01-23 09:34:28
220,CUST_285,PROD_3,4,2026-01-19 18:36:17
221,CUST_158,PROD_24,4,2026-01-15 20:32:22
222,CUST_414,PROD_73,3,2026-01-06 11:09:56
223,CUST_156,PROD_67,4,2026-01-25 08:09:47
224,CUST_249,PROD_79,2,2025-12-29 16:23:45
225,CUST_70,PROD_54,5,2026-01-12 16:23:39
226,CUST_305,PROD_18,5,2025-12-29 02:51:23
227,CUST_248,PROD_27,3,2026-01-02 00:40:49
228,CUST_328,PROD_18,4,2026-01-22 15:24:55
229,CUST_338,PROD_38,3,2026-01-09 04:04:52
230,CUST_245,PROD_85,3,2026-01-23 12:44:54
231,CUST_428,PROD_76,2,2026-01-15 12:52:50
232,CUST_483,PROD_40,3,2026-01-12 23:03:57
233,CUST_383,PROD_99,4,2026-01-14 01:25:15
234,CUST_300,PROD_75,2,2026-01-24 03:37:20
235,CUST_5,PROD_53,1,2026-01-27 03:34:58
236,CUST_103,PROD_45,3,2026-01-03 00:05:01
237,CUST_65,PROD_9,5,2026-01-06 13:53:05
238,CUST_72,PROD_40,5,2026-01-04 10:37:40
239,CUST_324,PROD_47,2,2026-01-05 16:36:33
240,CUST_159,PROD_32,5,2026-01-27 10:15:12
241,CUST_67,PROD_39,1,2026-01-16 01:34:10
242,CUST_190,PROD_3,4,2026-01-04 08:41:48
243,CUST_369,PROD_38,3,2026-01-11 08:32:02
244,CUST_466,PROD_93,4,2026-01-03 11:44:09
245,CUST_333,PROD_86,5,2026-01-04 22:01:33
246,CUST_386,PROD_21,3,2025-12-29 23:34:08
247,CUST_281,PROD_19,2,2026-01-19 10:01:09
248,CUST_270,PROD_20,5,2026-01-10 04:18:05
249,CUST_231,PROD_86,4,2026-01-23 03:34:17
250,CUST_129,PROD_61,3,2026-01-18 02:43:31
251,CUST_143,PROD_86,5,2025-12-30 04:41:50
252,CUST_446,PROD_3,1,2025-12-29 10:55:44
253,CUST_434,PROD_84,2,2026-01-22 04:36:06
254,CUST_159,PROD_71,2,2025-12-31 20:03:57
255,CUST_141,PROD_70,1,2026-01-05 13:00:27
256,CUST_12,PROD_1,4,2026-01-23 11:49:02
257,CUST_444,PROD_20,2,2026-01-05 18:52:37
258,CUST_309,PROD_30,2,2026-01-26 16:59:04
259,CUST_429,PROD_41,4,2026-01-12 04:51:08
260,CUST_346,PROD_27,4,2026-01-10 06:52:51
261,CUST_496,PROD_80,5,2026-01-01 03:44:46
262,CUST_213,PROD_19,1,2026-01-08 16:42:51
263,CUST_184,PROD_5,4,2026-01-11 06:00:29
264,CUST_110,PROD_96,5,2026-01-15 21:10:11
265,CUST_406,PROD_57,3,2026-01-16 02:50:45
266,CUST_209,PROD_45,3,2026-01-21 13:57:49
267,CUST_211,PROD_69,2,2026-01-21 13:03:26
268,CUST_49,PROD_63,5,2026-01-25 06:38:59
269,CUST_68,PROD_5,4,2026-01-11 16:56:57
270,CUST_20,PROD_25,5,2026-01-19 05:25:34
271,CUST_280,PROD_93,5,2026-01-06 10:12:59
272,CUST_186,PROD_67,4,2026-01-23 15:12:52
273,CUST_399,PROD_40,1,2025-12-31 23:10:42
274,CUST_356,PROD_69,3,2026-01-20 16:57:05
275,CUST_347,PROD_32,1,2026-01-08 02:01:03
276,CUST_353,PROD_57,4,2026-01-11 16:53:41
277,CUST_253,PROD_69,2,2026-01-02 14:28:13
278,CUST_454,PROD_2,4,2026-01-16 10:38:24
279,CUST_44,PROD_5,5,2025-12-30 07:21:25
280,CUST_168,PROD_22,1,2026-01-02 14:02:03
281,CUST_271,PROD_56,4,2025-12-30 22:46:54
282,CUST_263,PROD_96,3,2026-01-17 16:08:07
283,CUST_87,PROD_88,1,2025-12-30 17:51:42
284,CUST_271,PROD_58,3,2026-01-04 13:18:50
285,CUST_348,PROD_51,1,2026-01-19 19:40:26
286,CUST_490,PROD_47,1,2026-01-09 16:56:29
287,CUST_95,PROD_93,3,2026-01-11 17:49:48
288,CUST_184,PROD_12,3,2026-01-09 16:48:51
289,CUST_262,PROD_79,5,2025-12-30 20:11:25
290,CUST_355,PROD_86,5,2026-01-18 00:17:09
291,CUST_277,PROD_17,4,2026-01-08 01:54:26
292,CUST_89,PROD_76,2,2026-01-01 23:53:01
293,CUST_180,PROD_51,1,2025-12-31 10:42:21
294,CUST_290,PROD_75,1,2026-01-22 18:45:57
295,CUST_61,PROD_21,2,2026-01-19 05:27:53
296,CUST_310,PROD_32,4,2026-01-18 11:13:09
297,CUST_96,PROD_63,5,2026-01-25 10:49:14
298,CUST_86,PROD_21,4,2026-01-14 02:34:17
299,CUST_28,PROD_9,3,2026-01-19 11:58:32
300,CUST_443,PROD_68,4,2026-01-18 18:07:22
301,CUST_436,PROD_26,5,2026-01-11 22:41:10
302,CUST_305,PROD_19,5,2026-01-11 20:07:14
303,CUST_176,PROD_12,3,2026-01-24 00:34:01
304,CUST_356,PROD_73,1,2026-01-27 05:25:01
305,CUST_127,PROD_28,3,2026-01-21 20:59:48
306,CUST_395,PROD_8,3,2026-01-02 01:12:51
307,CUST_451,PROD_49,1,2026-01-23 07:20:00
308,CUST_417,PROD_5,3,2026-01-21 07:04:26
309,CUST_9,PROD_31,2,2026-01-21 19:54:04
310,CUST_25,PROD_100,5,2026-01-14 02:45:22
311,CUST_144,PROD_78,2,2026-01-24 17:48:20
312,CUST_472,PROD_22,2,2026-01-01 18:49:08
313,CUST_164,PROD_43,2,2026-01-18 03:54:48
314,CUST_455,PROD_18,2,2026-01-10 10:50:03
315,CUST_354,PROD_50,1,2026-01-26 02:08:28
316,CUST_331,PROD_1,1,2025-12-30 14:33:25
317,CUST_405,PROD_65,1,2026-01-06 01:52:59
318,CUST_165,PROD_57,5,2026-01-04 13:52:04
319,CUST_432,PROD_51,1,2026-01-06 01:29:36
320,CUST_222,PROD_60,1,2026-01-08 18:33:19
321,CUST_216,PROD_91,4,2026-01-16 09:17:26
322,CUST_34,PROD_15,1,2026-01-15 17:22:48
323,CUST_350,PROD_57,2,2026-01-09 12:09:21
324,CUST_85,PROD_85,1,2026-01-19 02:22:02
325,CUST_244,PROD_31,2,2026-01-21 01:24:51
326,CUST_36,PROD_3,5,2026-01-07 23:37:41
327,CUST_340,PROD_18,3,2026-01-23 04:46:10
328,CUST_247,PROD_37,5,2026-01-22 08:26:00
329,CUST_464,PROD_82,3,2026-01-26 06:37:15
330,CUST_334,PROD_97,5,2026-01-12 23:56:08
331,CUST_85,PROD_63,1,2026-01-03 06:31:53
332,CUST_442,PROD_77,4,2026-01-11 13:04:10
333,CUST_457,PROD_81,1,2026-01-12 22:18:32
334,CUST_154,PROD_27,3,2026-01-25 16:02:13
335,CUST_265,PROD_55,3,2026-01-24 09:03:37
336,CUST_439,PROD_41,1,2026-01-12 01:08:05
337,CUST_144,PROD_45,1,2026-01-15 07:53:52
338,CUST_164,PROD_7,5,2025-12-31 18:08:10
339,CUST_318,PROD_63,1,2026-01-19 22:29:50
340,CUST_50,PROD_58,1,2026-01-19 14:03:12
341,CUST_330,PROD_93,5,2026-01-22 07:19:40
342,CUST_361,PROD_43,4,2026-01-06 13:59:43
343,CUST_343,PROD_31,1,2026-01-13 15:48:16
344,CUST_43,PROD_36,2,2026-01-23 03:49:09
345,CUST_219,PROD_95,4,2026-01-22 16:31:54
346,CUST_431,PROD_24,4,2025-12-30 19:55:48
347,CUST_168,PROD_30,4,2026-01-07 13:37:57
348,CUST_307,PROD_49,1,2026-01-24 00:44:12
349,CUST_351,PROD_56,2,2026-01-21 09:46:44
350,CUST_73,PROD_6,3,2026-01-04 01:07:01
351,CUST_91,PROD_81,3,2026-01-17 01:37:29
352,CUST_165,PROD_59,4,2026-01-04 07:02:43
353,CUST_248,PROD_74,2,2026-01-04 08:05:48
354,CUST_209,PROD_23,2,2026-01-17 01:32:52
355,CUST_399,PROD_67,5,2026-01-24 20:30:38
356,CUST_219,PROD_31,3,2026-01-20 15:51:22
357,CUST_486,PROD_39,4,2026-01-08 12:58:17
358,CUST_49,PROD_65,5,2026-01-25 17:31:26
359,CUST_225,PROD_27,1,2026-01-21 19:40:34
360,CUST_461,PROD_5,3,2026-01-27 15:53:50
361,CUST_322,PROD_19,5,2026-01-11 14:29:15
362,CUST_52,PROD_52,4,2026-01-16 12:54:12
363,CUST_78,PROD_95,4,2026-01-01 16:44:56
364,CUST_46,PROD_92,2,2026-01-12 20:03:59
365,CUST_423,PROD_24,5,2025-12-30 19:34:20
366,CUST_305,PROD_67,1,2026-01-01 01:31:18
367,CUST_331,PROD_75,1,2026-01-25 04:33:26
368,CUST_293,PROD_5,4,2026-01-10 09:47:34
369,CUST_460,PROD_19,4,2026-01-24 20:10:15
370,CUST_260,PROD_1,4,2026-01-22 15:26:53
371,CUST_286,PROD_26,4,2025-12-31 04:29:41
372,CUST_480,PROD_5,4,2025-12-31 19:12:08
373,CUST_434,PROD_60,2,2026-01-05 17:28:00
374,CUST_258,PROD_92,3,2026-01-18 20:41:28
375,CUST_410,PROD_91,3,2026-01-02 13:57:09
376,CUST_49,PROD_6,5,2026-01-26 23:49:48
377,CUST_489,PROD_42,3,2026-01-03 04:42:56
378,CUST_99,PROD_27,5,2026-01-06 04:53:22
379,CUST_150,PROD_18,3,2025-12-29 12:16:58
380,CUST_38,PROD_90,5,2026-01-26 09:27:24
381,CUST_23,PROD_14,4,2026-01-02 10:42:21
382,CUST_262,PROD_52,4,2026-01-16 01:58:26
383,CUST_333,PROD_79,3,2026-01-03 09:44:44
384,CUST_117,PROD_33,4,2026-01-11 01:31:22
385,CUST_125,PROD_12,4,2025-12-29 23:41:00
386,CUST_435,PROD_22,4,2026-01-09 07:08:51
387,CUST_103,PROD_5,4,2025-12-30 11:50:34
388,CUST_438,PROD_79,3,2026-01-23 23:15:33
389,CUST_442,PROD_69,2,2026-01-25 14:51:03
390,CUST_300,PROD_21,3,2026-01-21 08:00:46
391,CUST_457,PROD_53,4,2026-01-09 07:38:04
392,CUST_39,PROD_83,5,2026-01-23 23:32:02
393,CUST_40,PROD_66,5,2026-01-19 09:57:33
394,CUST_40,PROD_58,3,2026-01-22 00:04:11
395,CUST_419,PROD_26,3,2026-01-12 06:15:50
396,CUST_428,PROD_15,1,2026-01-24 13:32:35
397,CUST_349,PROD_96,5,2026-01-23 17:55:43
398,CUST_142,PROD_98,4,2026-01-08 18:54:13
399,CUST_78,PROD_22,4,2026-01-11 21:17:51
400,CUST_209,PROD_68,3,2026-01-15 03:21:46
401,CUST_42,PROD_48,2,2026-01-05 21:17:18
402,CUST_488,PROD_42,4,2026-01-06 12:54:27
403,CUST_413,PROD_31,5,2026-01-10 06:59:49
404,CUST_430,PROD_7,5,2026-01-07 18:14:40
405,CUST_493,PROD_68,1,2026-01-23 09:59:06
406,CUST_246,PROD_91,1,2026-01-13 01:12:54
407,CUST_357,PROD_22,4,2026-01-19 20:05:28
408,CUST_29,PROD_95,4,2026-01-11 11:04:24
409,CUST_471,PROD_5,5,2026-01-25 02:20:13
410,CUST_5,PROD_45,3,2026-01-11 23:06:34
411,CUST_477,PROD_91,3,2026-01-19 07:36:36
412,CUST_434,PROD_42,2,2026-01-18 04:54:52
413,CUST_391,PROD_23,2,2025-12-31 05:00:33
414,CUST_359,PROD_22,2,2026-01-17 05:29:46
415,CUST_393,PROD_57,4,2026-01-24 21:48:22
416,CUST_91,PROD_63,3,2026-01-26 01:16:54
417,CUST_208,PROD_25,4,2026-01-24 22:48:56
418,CUST_401,PROD_74,3,2026-01-01 08:02:03
419,CUST_415,PROD_77,1,2026-01-01 14:21:59
420,CUST_89,PROD_12,2,2026-01-20 19:56:16
421,CUST_163,PROD_3,1,2026-01-22 11:30:13
422,CUST_377,PROD_26,4,2026-01-11 04:31:20
423,CUST_277,PROD_30,4,2026-01-21 07:14:05
424,CUST_239,PROD_82,4,2026-01-25 03:42:04
425,CUST_188,PROD_95,4,2026-01-08 14:22:16
426,CUST_470,PROD_8,1,2026-01-03 19:27:44
427,CUST_455,PROD_71,2,2026-01-12 11:11:43
428,CUST_459,PROD_72,2,2025-12-29 01:02:31
429,CUST_308,PROD_87,3,2026-01-19 04:04:40
430,CUST_67,PROD_67,3,2026-01-06 07:58:47
431,CUST_70,PROD_80,3,2026-01-09 10:32:58
432,CUST_64,PROD_2,1,2026-01-02 03:38:53
433,CUST_262,PROD_1,3,2026-01-15 16:04:05
434,CUST_500,PROD_57,4,2026-01-18 01:13:19
435,CUST_69,PROD_88,1,2026-01-01 13:19:58
436,CUST_482,PROD_43,1,2026-01-10 14:32:15
437,CUST_336,PROD_33,5,2025-12-29 02:35:27
438,CUST_235,PROD_95,5,2026-01-26 00:52:42
439,CUST_218,PROD_72,1,2026-01-07 07:13:42
440,CUST_75,PROD_97,5,2026-01-20 13:29:22
441,CUST_384,PROD_27,2,2026-01-09 17:52:54
442,CUST_319,PROD_38,5,2026-01-21 08:05:59
443,CUST_73,PROD_99,4,2026-01-19 08:29:06
444,CUST_127,PROD_100,5,2026-01-20 23:38:32
445,CUST_296,PROD_44,5,2026-01-13 16:24:03
446,CUST_118,PROD_45,3,2026-01-04 08:42:41
447,CUST_375,PROD_36,2,2025-12-30 06:11:04
448,CUST_363,PROD_29,3,2026-01-20 22:03:24
449,CUST_210,PROD_41,4,2026-01-07 09:47:46
450,CUST_225,PROD_86,3,2026-01-18 10:14:30
451,CUST_118,PROD_16,4,2026-01-15 10:19:45
452,CUST_39,PROD_50,1,2026-01-18 01:26:30
453,CUST_305,PROD_17,4,2025-12-29 09:02:11
454,CUST_480,PROD_6,3,2026-01-25 18:30:00
455,CUST_360,PROD_50,3,2026-01-09 12:23:39
456,CUST_404,PROD_11,1,2026-01-23 14:55:15
457,CUST_96,PROD_41,2,2026-01-26 01:12:22
458,CUST_462,PROD_85,5,2026-01-13 05:52:23
459,CUST_387,PROD_77,4,2026-01-18 08:45:56
460,CUST_177,PROD_29,2,2026-01-24 12:13:37
461,CUST_105,PROD_97,3,2025-12-31 23:39:29
462,CUST_73,PROD_87,5,2026-01-07 06:36:32
463,CUST_408,PROD_40,4,2026-01-23 16:28:52
464,CUST_95,PROD_15,4,2026-01-16 02:19:20
465,CUST_200,PROD_24,3,2026-01-25 01:39:51
466,CUST_233,PROD_62,3,2025-12-31 15:53:55
467,CUST_235,PROD_52,1,2026-01-05 03:00:40
468,CUST_453,PROD_71,5,2025-12-29 13:29:36
469,CUST_384,PROD_24,3,2026-01-09 16:28:40
470,CUST_214,PROD_80,1,2026-01-08 05:41:54
471,CUST_450,PROD_62,3,2026-01-23 08:54:41
472,CUST_101,PROD_85,4,2026-01-03 21:37:13
473,CUST_466,PROD_22,4,2026-01-01 21:58:31
474,CUST_416,PROD_62,1,2026-01-12 06:48:54
475,CUST_278,PROD_20,5,2026-01-11 03:46:37
476,CUST_98,PROD_53,3,2026-01-25 12:07:21
477,CUST_155,PROD_20,2,2026-01-03 02:06:38
478,CUST_153,PROD_59,4,2026-01-14 14:35:37
479,CUST_229,PROD_25,2,2025-12-29 15:13:54
480,CUST_314,PROD_57,2,2025-12-30 16:00:02
481,CUST_296,PROD_47,2,2026-01-26 07:08:05
482,CUST_270,PROD_44,1,2026-01-10 03:08:26
483,CUST_180,PROD_56,3,2026-01-13 21:28:47
484,CUST_133,PROD_40,2,2026-01-08 10:01:08
485,CUST_482,PROD_87,1,2026-01-22 23:18:47
486,CUST_362,PROD_47,1,2026-01-12 21:21:20
487,CUST_158,PROD_92,1,2026-01-09 00:55:13
488,CUST_455,PROD_99,3,2026-01-07 15:38:58
489,CUST_375,PROD_28,2,2026-01-05 00:17:51
490,CUST_80,PROD_43,3,2026-01-03 21:35:01
491,CUST_95,PROD_18,2,2026-01-20 20:41:18
492,CUST_321,PROD_29,1,2025-12-30 05:18:48
493,CUST_237,PROD_21,4,2026-01-27 15:53:14
494,CUST_383,PROD_79,1,2026-01-02 20:09:33
495,CUST_205,PROD_24,5,2026-01-01 12:09:39
496,CUST_44,PROD_18,1,2026-01-06 09:38:20
497,CUST_308,PROD_59,3,2025-12-30 17:49:27
498,CUST_59,PROD_42,5,2026-01-13 00:20:41
499,CUST_98,PROD_24,2,2026-01-23 07:55:41
500,CUST_97,PROD_88,1,2026-01-09 20:57:50
501,CUST_300,PROD_36,2,2026-01-13 16:01:08
502,CUST_312,PROD_28,3,2026-01-09 05:27:03
503,CUST_124,PROD_90,2,2026-01-20 14:38:18
504,CUST_163,PROD_6,3,2026-01-11 08:28:26
505,CUST_4,PROD_75,3,2026-01-04 22:15:36
506,CUST_421,PROD_18,1,2026-01-04 17:12:56
507,CUST_221,PROD_28,2,2026-01-22 11:00:27
508,CUST_425,PROD_16,1,2026-01-23 14:59:52
509,CUST_72,PROD_68,5,2026-01-19 11:47:01
510,CUST_252,PROD_55,2,2025-12-31 09:17:24
511,CUST_334,PROD_71,2,2026-01-13 15:32:46
512,CUST_29,PROD_24,5,2026-01-17 08:44:27
513,CUST_220,PROD_51,3,2026-01-10 17:46:55
514,CUST_305,PROD_53,3,2026-01-16 03:58:11
515,CUST_500,PROD_41,1,2026-01-21 01:49:30
516,CUST_3,PROD_17,5,2026-01-04 00:11:03
517,CUST_300,PROD_28,1,2026-01-27 09:32:28
518,CUST_236,PROD_63,5,2026-01-25 01:16:39
519,CUST_26,PROD_31,3,2026-01-12 08:49:26
520,CUST_259,PROD_58,5,2026-01-11 19:57:34
521,CUST_183,PROD_70,3,2026-01-20 03:22:17
522,CUST_249,PROD_59,5,2026-01-15 09:17:32
523,CUST_164,PROD_8,1,2026-01-27 17:23:11
524,CUST_7,PROD_98,5,2026-01-08 00:44:31
525,CUST_271,PROD_86,4,2026-01-01 10:31:01
526,CUST_356,PROD_7,1,2026-01-20 03:18:03
527,CUST_492,PROD_49,2,2026-01-23 16:20:33
528,CUST_258,PROD_47,2,2026-01-25 12:00:22
529,CUST_383,PROD_51,5,2026-01-04 21:14:49
530,CUST_252,PROD_31,2,2026-01-24 09:40:43
531,CUST_411,PROD_63,2,2026-01-14 09:47:12
532,CUST_473,PROD_54,2,2026-01-08 19:45:09
533,CUST_248,PROD_66,3,2026-01-03 05:14:30
534,CUST_13,PROD_73,4,2026-01-04 20:37:41
535,CUST_123,PROD_24,3,2026-01-01 02:19:45
536,CUST_178,PROD_96,3,2026-01-07 13:45:11
537,CUST_375,PROD_76,1,2026-01-25 01:51:05
538,CUST_325,PROD_3,5,2026-01-04 08:48:19
539,CUST_36,PROD_70,2,2026-01-21 00:03:44
540,CUST_56,PROD_12,3,2026-01-22 21:16:04
541,CUST_362,PROD_86,4,2026-01-16 17:05:01
542,CUST_449,PROD_95,1,2026-01-05 00:21:40
543,CUST_368,PROD_41,5,2026-01-07 18:48:19
544,CUST_78,PROD_80,3,2026-01-27 09:49:42
545,CUST_449,PROD_81,2,2025-12-30 03:57:41
546,CUST_318,PROD_32,5,2026-01-09 03:23:07
547,CUST_354,PROD_58,4,2026-01-04 00:30:54
548,CUST_373,PROD_56,5,2026-01-17 07:22:05
549,CUST_173,PROD_69,2,2026-01-05 07:09:26
550,CUST_265,PROD_93,2,2026-01-20 14:04:30
551,CUST_466,PROD_74,5,2026-01-03 04:53:38
552,CUST_402,PROD_70,4,2026-01-07 01:25:57
553,CUST_399,PROD_94,3,2026-01-24 15:00:52
554,CUST_381,PROD_88,1,2026-01-14 02:07:45
555,CUST_401,PROD_58,5,2026-01-06 03:14:22
556,CUST_195,PROD_80,4,2026-01-21 04:15:20
557,CUST_31,PROD_91,3,2026-01-12 18:34:14
558,CUST_162,PROD_63,5,2026-01-23 00:32:32
559,CUST_31,PROD_80,4,2026-01-21 21:00:26
560,CUST_95,PROD_69,4,2026-01-10 12:07:20
561,CUST_457,PROD_94,3,2026-01-24 17:30:15
562,CUST_154,PROD_62,4,2026-01-21 11:40:39
563,CUST_369,PROD_25,2,2025-12-28 21:46:16
564,CUST_192,PROD_97,5,2026-01-22 21:59:43
565,CUST_344,PROD_7,3,2026-01-18 03:15:07
566,CUST_250,PROD_50,5,2026-01-19 06:53:27
567,CUST_211,PROD_50,4,2025-12-31 18:45:15
568,CUST_459,PROD_1,1,2025-12-29 02:05:53
569,CUST_483,PROD_21,2,2026-01-16 12:37:33
570,CUST_459,PROD_61,4,2025-12-31 13:10:54
571,CUST_136,PROD_84,4,2026-01-04 07:50:14
572,CUST_53,PROD_28,5,2026-01-12 22:46:59
573,CUST_28,PROD_48,5,2026-01-16 13:54:03
574,CUST_109,PROD_56,1,2026-01-20 13:49:54
575,CUST_473,PROD_49,4,2026-01-08 02:39:22
576,CUST_290,PROD_54,4,2026-01-09 02:18:54
577,CUST_352,PROD_3,3,2026-01-03 09:26:06
578,CUST_2,PROD_58,2,2026-01-16 18:49:17
579,CUST_474,PROD_44,1,2026-01-08 13:41:49
580,CUST_230,PROD_58,2,2026-01-27 17:13:19
581,CUST_389,PROD_87,5,2026-01-03 00:31:05
582,CUST_367,PROD_75,5,2026-01-10 12:15:22
583,CUST_343,PROD_64,1,2026-01-14 09:01:03
584,CUST_413,PROD_56,4,2026-01-12 23:01:47
585,CUST_312,PROD_89,2,2026-01-19 15:47:54
586,CUST_138,PROD_21,5,2026-01-17 10:00:31
587,CUST_331,PROD_74,3,2026-01-13 01:48:57
588,CUST_6,PROD_83,2,2025-12-28 18:31:52
589,CUST_238,PROD_88,3,2026-01-01 16:44:49
590,CUST_364,PROD_55,2,2026-01-12 00:15:16
591,CUST_374,PROD_19,1,2026-01-03 02:04:48
592,CUST_91,PROD_29,5,2025-12-29 06:48:07
593,CUST_42,PROD_9,4,2026-01-08 21:07:29
594,CUST_340,PROD_45,2,2026-01-25 03:14:56
595,CUST_411,PROD_17,5,2026-01-22 14:27:14
596,CUST_351,PROD_73,4,2026-01-24 23:33:20
597,CUST_33,PROD_48,2,2026-01-06 23:00:20
598,CUST_332,PROD_73,4,2026-01-19 15:31:22
599,CUST_94,PROD_29,3,2026-01-11 19:46:47
600,CUST_23,PROD_7,2,2025-12-31 04:06:45
601,CUST_424,PROD_1,1,2026-01-09 04:33:22
602,CUST_224,PROD_77,4,2026-01-22 22:47:14
603,CUST_312,PROD_27,1,2026-01-17 16:46:24
604,CUST_458,PROD_31,2,2026-01-04 19:43:27
605,CUST_240,PROD_89,5,2026-01-04 09:12:31
606,CUST_21,PROD_91,1,2026-01-20 16:35:59
607,CUST_196,PROD_50,3,2026-01-20 04:32:11
608,CUST_329,PROD_22,1,2026-01-17 06:00:46
609,CUST_11,PROD_26,3,2026-01-26 09:39:37
610,CUST_5,PROD_73,3,2026-01-21 19:45:13
611,CUST_39,PROD_56,4,2025-12-31 05:43:45
612,CUST_248,PROD_70,1,2026-01-22 15:00:18
613,CUST_12,PROD_83,2,2026-01-22 12:37:16
614,CUST_269,PROD_38,4,2025-12-31 18:57:06
615,CUST_65,PROD_72,3,2026-01-04 17:04:54
616,CUST_437,PROD_27,5,2026-01-06 17:27:20
617,CUST_417,PROD_22,3,2026-01-14 22:33:38
618,CUST_294,PROD_6,1,2026-01-01 04:58:08
619,CUST_118,PROD_4,3,2026-01-24 01:29:11
620,CUST_328,PROD_69,3,2026-01-24 23:17:08
621,CUST_235,PROD_86,1,2026-01-09 02:00:50
622,CUST_183,PROD_46,5,2026-01-24 01:43:15
623,CUST_379,PROD_8,1,2025-12-30 22:55:25
624,CUST_493,PROD_87,4,2026-01-25 23:29:02
625,CUST_170,PROD_31,1,2026-01-11 07:18:09
626,CUST_348,PROD_85,3,2025-12-29 00:07:12
627,CUST_289,PROD_100,2,2026-01-02 09:02:14
628,CUST_389,PROD_92,3,2026-01-03 18:16:06
629,CUST_140,PROD_19,4,2026-01-08 14:47:20
630,CUST_488,PROD_66,3,2026-01-07 04:44:08
631,CUST_318,PROD_53,4,2026-01-13 18:34:37
632,CUST_419,PROD_98,4,2026-01-16 01:31:56
633,CUST_7,PROD_30,5,2026-01-24 13:13:04
634,CUST_475,PROD_74,2,2026-01-11 16:42:54
635,CUST_395,PROD_64,4,2026-01-02 00:38:13
636,CUST_206,PROD_61,2,2026-01-16 19:17:08
637,CUST_53,PROD_2,1,2026-01-20 10:24:46
638,CUST_261,PROD_55,3,2026-01-23 10:28:03
639,CUST_255,PROD_79,5,2026-01-22 07:12:09
640,CUST_38,PROD_77,4,2026-01-03 21:26:52
641,CUST_59,PROD_47,4,2026-01-12 16:41:09
642,CUST_22,PROD_27,2,2026-01-26 09:24:16
643,CUST_367,PROD_76,5,2026-01-26 16:32:31
644,CUST_423,PROD_83,5,2026-01-22 02:04:48
645,CUST_148,PROD_74,4,2026-01-18 08:14:28
646,CUST_155,PROD_20,5,2026-01-25 03:04:58
647,CUST_157,PROD_80,5,2026-01-17 09:59:39
648,CUST_362,PROD_50,5,2026-01-20 23:55:20
649,CUST_108,PROD_99,5,2026-01-25 18:27:48
650,CUST_215,PROD_4,5,2026-01-26 19:56:16
651,CUST_140,PROD_56,3,2026-01-07 08:00:46
652,CUST_154,PROD_17,5,2026-01-06 19:06:55
653,CUST_212,PROD_23,5,2025-12-30 14:58:08
654,CUST_98,PROD_100,2,2026-01-08 13:31:34
655,CUST_394,PROD_87,5,2026-01-10 04:00:59
656,CUST_55,PROD_47,5,2026-01-09 08:16:11
657,CUST_183,PROD_50,2,2026-01-01 04:43:06
658,CUST_255,PROD_44,1,2026-01-02 04:14:30
659,CUST_57,PROD_48,1,2026-01-06 05:49:14
660,CUST_93,PROD_49,5,2026-01-26 07:46:00
661,CUST_421,PROD_58,4,2026-01-18 02:50:13
662,CUST_297,PROD_35,5,2026-01-22 03:38:07
663,CUST_51,PROD_78,3,2026-01-10 06:58:36
664,CUST_258,PROD_54,4,2026-01-24 04:17:52
665,CUST_144,PROD_41,4,2026-01-19 23:38:26
666,CUST_448,PROD_27,2,2026-01-10 03:55:11
667,CUST_67,PROD_94,1,2026-01-27 02:16:05
668,CUST_280,PROD_47,4,2026-01-04 08:20:52
669,CUST_21,PROD_77,5,2026-01-20 06:40:23
670,CUST_126,PROD_82,2,2026-01-05 00:42:27
671,CUST_313,PROD_75,3,2026-01-09 23:43:20
672,CUST_372,PROD_31,4,2026-01-23 18:42:08
673,CUST_481,PROD_89,3,2026-01-22 16:55:41
674,CUST_263,PROD_62,1,2026-01-08 20:25:51
675,CUST_200,PROD_82,3,2026-01-20 00:40:06
676,CUST_86,PROD_20,2,2026-01-14 11:29:04
677,CUST_86,PROD_48,1,2026-01-18 13:45:36
678,CUST_311,PROD_17,4,2025-12-29 10:15:26
679,CUST_391,PROD_54,2,2026-01-04 06:47:58
680,CUST_351,PROD_24,1,2026-01-11 19:36:16
681,CUST_245,PROD_15,4,2026-01-14 17:37:23
682,CUST_208,PROD_20,3,2025-12-29 02:25:46
683,CUST_126,PROD_73,2,2026-01-25 13:38:20
684,CUST_39,PROD_98,5,2026-01-18 00:40:47
685,CUST_336,PROD_27,5,2026-01-10 07:30:01
686,CUST_320,PROD_45,3,2026-01-11 09:18:15
687,CUST_171,PROD_93,4,2026-01-01 21:29:10
688,CUST_45,PROD_20,5,2026-01-05 16:09:44
689,CUST_56,PROD_9,3,2026-01-14 16:09:01
690,CUST_164,PROD_43,5,2026-01-19 10:57:38
691,CUST_322,PROD_83,1,2025-12-30 10:59:13
692,CUST_93,PROD_97,5,2026-01-21 19:33:47
693,CUST_258,PROD_98,3,2026-01-04 22:18:25
694,CUST_88,PROD_11,3,2026-01-05 08:44:07
695,CUST_242,PROD_93,5,2026-01-06 00:09:53
696,CUST_243,PROD_89,2,2026-01-04 01:40:53
697,CUST_206,PROD_65,2,2026-01-18 18:25:16
698,CUST_214,PROD_49,2,2026-01-17 12:00:04
699,CUST_251,PROD_61,3,2026-01-15 10:04:09
700,CUST_384,PROD_76,4,2026-01-15 17:12:53
701,CUST_118,PROD_78,3,2026-01-12 02:12:18
702,CUST_278,PROD_73,2,2026-01-14 13:24:25
703,CUST_202,PROD_73,1,2026-01-12 09:33:27
704,CUST_369,PROD_80,2,2026-01-21 02:39:28
705,CUST_167,PROD_71,2,2026-01-10 10:21:12
706,CUST_470,PROD_81,4,2026-01-08 00:18:30
707,CUST_436,PROD_46,1,2026-01-04 03:21:04
708,CUST_456,PROD_28,3,2026-01-17 05:57:24
709,CUST_366,PROD_86,4,2026-01-01 23:21:02
710,CUST_324,PROD_91,3,2026-01-03 09:56:21
711,CUST_397,PROD_43,4,2026-01-22 06:22:28
712,CUST_92,PROD_92,5,2026-01-02 01:54:53
713,CUST_292,PROD_5,1,2026-01-09 07:47:37
714,CUST_293,PROD_9,4,2026-01-11 16:08:27
715,CUST_278,PROD_52,3,2026-01-07 23:52:29
716,CUST_480,PROD_82,4,2026-01-16 17:39:18
717,CUST_272,PROD_60,4,2026-01-08 13:27:49
718,CUST_280,PROD_23,1,2025-12-29 04:23:03
719,CUST_161,PROD_11,1,2025-12-29 22:49:15
720,CUST_343,PROD_21,3,2026-01-10 03:55:30
721,CUST_86,PROD_17,5,2025-12-29 06:36:15
722,CUST_212,PROD_79,1,2025-12-31 16:29:19
723,CUST_172,PROD_52,4,2026-01-15 22:15:16
724,CUST_486,PROD_63,2,2026-01-14 04:34:07
725,CUST_102,PROD_81,1,2026-01-14 14:26:43
726,CUST_175,PROD_68,3,2026-01-03 07:10:37
727,CUST_149,PROD_20,3,2026-01-08 09:39:16
728,CUST_42,PROD_27,1,2026-01-20 21:52:10
729,CUST_475,PROD_45,1,2025-12-30 14:40:03
730,CUST_10,PROD_38,2,2026-01-02 08:11:38
731,CUST_340,PROD_22,5,2025-12-29 18:00:28
732,CUST_227,PROD_23,4,2026-01-25 21:41:40
733,CUST_305,PROD_84,5,2026-01-08 18:04:33
734,CUST_36,PROD_68,2,2026-01-21 14:43:14
735,CUST_252,PROD_73,4,2026-01-23 02:40:58
736,CUST_431,PROD_88,2,2026-01-06 14:17:54
737,CUST_485,PROD_79,4,2026-01-21 04:12:51
738,CUST_463,PROD_51,3,2026-01-23 22:25:56
739,CUST_238,PROD_45,5,2026-01-20 00:43:33
740,CUST_272,PROD_35,5,2026-01-22 13:41:20
741,CUST_53,PROD_59,4,2026-01-02 15:46:32
742,CUST_327,PROD_57,5,2026-01-27 04:05:43
743,CUST_394,PROD_60,5,2026-01-01 11:17:44
744,CUST_359,PROD_16,3,2026-01-07 19:10:10
745,CUST_222,PROD_90,5,2026-01-17 00:11:06
746,CUST_391,PROD_43,3,2026-01-03 17:25:35
747,CUST_479,PROD_60,1,2026-01-07 23:30:21
748,CUST_258,PROD_21,2,2026-01-23 01:06:50
749,CUST_341,PROD_74,2,2026-01-07 18:23:35
750,CUST_406,PROD_85,5,2026-01-02 12:25:16
751,CUST_277,PROD_54,3,2026-01-12 19:21:56
752,CUST_307,PROD_40,3,2026-01-21 06:50:12
753,CUST_208,PROD_64,1,2026-01-13 18:03:46
754,CUST_411,PROD_90,2,2026-01-15 08:52:46
755,CUST_19,PROD_79,5,2026-01-25 01:09:40
756,CUST_395,PROD_27,5,2026-01-15 02:36:28
757,CUST_217,PROD_44,1,2026-01-21 22:01:06
758,CUST_253,PROD_49,1,2026-01-14 22:41:41
759,CUST_200,PROD_79,2,2026-01-08 06:51:00
760,CUST_148,PROD_67,1,2026-01-17 16:51:40
761,CUST_236,PROD_48,3,2026-01-14 03:45:42
762,CUST_308,PROD_27,3,2026-01-02 02:08:51
763,CUST_447,PROD_30,4,2026-01-02 09:01:57
764,CUST_217,PROD_11,2,2026-01-06 03:32:02
765,CUST_496,PROD_38,5,2026-01-11 00:10:26
766,CUST_446,PROD_24,2,2026-01-26 17:43:34
767,CUST_250,PROD_84,3,2026-01-27 03:25:00
768,CUST_138,PROD_52,2,2026-01-01 20:15:56
769,CUST_480,PROD_89,1,2025-12-28 20:15:18
770,CUST_491,PROD_31,5,2026-01-04 19:56:22
771,CUST_67,PROD_90,3,2026-01-05 23:53:05
772,CUST_373,PROD_90,4,2026-01-22 02:56:05
773,CUST_186,PROD_76,2,2026-01-01 01:38:19
774,CUST_496,PROD_22,5,2026-01-21 17:38:53
775,CUST_245,PROD_53,4,2026-01-21 04:43:27
776,CUST_451,PROD_28,4,2026-01-10 05:27:42
777,CUST_277,PROD_16,2,2025-12-30 20:22:07
778,CUST_488,PROD_73,3,2026-01-08 06:44:47
779,CUST_248,PROD_39,1,2026-01-25 05:12:56
780,CUST_46,PROD_56,2,2026-01-07 11:53:32
781,CUST_273,PROD_7,1,2026-01-15 14:34:50
782,CUST_126,PROD_45,2,2026-01-14 03:26:22
783,CUST_117,PROD_34,3,2026-01-16 03:43:45
784,CUST_276,PROD_18,3,2026-01-11 04:05:11
785,CUST_349,PROD_98,4,2026-01-22 23:52:23
786,CUST_147,PROD_33,3,2026-01-23 22:45:37
787,CUST_96,PROD_91,3,2026-01-13 11:15:19
788,CUST_199,PROD_22,3,2026-01-11 12:33:04
789,CUST_421,PROD_98,2,2026-01-08 21:45:44
790,CUST_416,PROD_99,1,2026-01-19 06:51:18
791,CUST_459,PROD_27,2,2026-01-16 18:44:01
792,CUST_79,PROD_56,4,2026-01-25 06:08:48
793,CUST_387,PROD_65,3,2026-01-07 23:45:42
794,CUST_24,PROD_41,1,2026-01-13 22:17:34
795,CUST_82,PROD_67,3,2026-01-23 05:02:54
796,CUST_436,PROD_37,5,2026-01-06 00:49:30
797,CUST_238,PROD_48,1,2026-01-15 15:59:33
798,CUST_15,PROD_60,4,2026-01-21 14:08:02
799,CUST_312,PROD_64,5,2026-01-25 17:59:39
800,CUST_371,PROD_1,3,2025-12-29 19:05:50
801,CUST_437,PROD_45,4,2026-01-12 20:24:27
802,CUST_116,PROD_8,2,2026-01-04 18:28:31
803,CUST_473,PROD_16,5,2026-01-06 02:46:23
804,CUST_178,PROD_78,4,2026-01-27 13:24:52
805,CUST_167,PROD_95,5,2026-01-13 18:17:35
806,CUST_237,PROD_95,1,2026-01-02 08:34:31
807,CUST_347,PROD_15,3,2026-01-10 20:27:25
808,CUST_100,PROD_31,2,2026-01-14 07:28:03
809,CUST_146,PROD_82,2,2026-01-14 14:23:42
810,CUST_455,PROD_35,1,2026-01-06 09:22:22
811,CUST_355,PROD_15,2,2026-01-15 08:24:31
812,CUST_316,PROD_84,2,2026-01-06 13:57:50
813,CUST_15,PROD_31,1,2026-01-10 10:02:46
814,CUST_461,PROD_63,2,2026-01-09 13:08:46
815,CUST_15,PROD_56,2,2026-01-25 07:07:10
816,CUST_451,PROD_94,4,2026-01-27 12:25:13
817,CUST_184,PROD_96,5,2026-01-08 02:48:44
818,CUST_472,PROD_42,3,2025-12-30 22:01:54
819,CUST_131,PROD_43,5,2025-12-31 01:16:57
820,CUST_264,PROD_59,3,2026-01-27 01:03:56
821,CUST_451,PROD_4,4,2026-01-24 10:56:11
822,CUST_186,PROD_89,2,2026-01-02 17:47:35
823,CUST_16,PROD_12,4,2026-01-07 07:26:48
824,CUST_137,PROD_61,4,2025-12-31 23:42:42
825,CUST_183,PROD_50,4,2025-12-31 14:30:25
826,CUST_128,PROD_26,3,2026-01-27 13:02:49
827,CUST_386,PROD_60,5,2026-01-19 05:09:38
828,CUST_281,PROD_99,1,2026-01-02 01:48:49
829,CUST_86,PROD_82,5,2026-01-18 21:41:00
830,CUST_307,PROD_26,5,2026-01-10 11:13:33
831,CUST_406,PROD_70,3,2026-01-23 16:02:14
832,CUST_355,PROD_63,4,2026-01-24 22:28:41
833,CUST_422,PROD_9,5,2026-01-25 12:18:42
834,CUST_72,PROD_2,1,2025-12-28 22:03:44
835,CUST_28,PROD_19,3,2026-01-12 08:16:56
836,CUST_276,PROD_47,4,2026-01-24 20:06:08
837,CUST_342,PROD_97,4,2026-01-02 08:56:19
838,CUST_293,PROD_35,4,2026-01-13 14:36:37
839,CUST_315,PROD_39,4,2026-01-15 06:20:12
840,CUST_335,PROD_1,2,2026-01-25 17:51:01
841,CUST_112,PROD_1,3,2026-01-18 22:48:25
842,CUST_210,PROD_21,5,2026-01-15 10:23:20
843,CUST_130,PROD_58,3,2025-12-31 18:19:28
844,CUST_292,PROD_68,1,2026-01-01 17:22:17
845,CUST_386,PROD_94,5,2026-01-05 04:26:13
846,CUST_399,PROD_29,3,2026-01-19 23:23:29
847,CUST_208,PROD_30,3,2026-01-26 07:26:22
848,CUST_184,PROD_6,1,2026-01-16 17:55:34
849,CUST_175,PROD_10,1,2026-01-13 19:26:34
850,CUST_457,PROD_25,1,2026-01-14 06:31:32
851,CUST_458,PROD_25,2,2026-01-02 05:15:48
852,CUST_232,PROD_60,2,2026-01-24 04:49:15
853,CUST_427,PROD_87,4,2026-01-25 12:46:25
854,CUST_314,PROD_96,1,2026-01-06 05:38:30
855,CUST_69,PROD_93,5,2026-01-20 05:55:07
856,CUST_465,PROD_18,2,2026-01-22 11:04:58
857,CUST_316,PROD_3,5,2026-01-10 16:13:20
858,CUST_355,PROD_47,1,2026-01-19 22:40:39
859,CUST_88,PROD_51,4,2026-01-12 00:54:25
860,CUST_332,PROD_85,5,2026-01-17 06:41:59
861,CUST_360,PROD_56,2,2026-01-27 15:25:43
862,CUST_142,PROD_15,5,2026-01-18 05:41:12
863,CUST_178,PROD_65,4,2026-01-08 13:42:18
864,CUST_61,PROD_46,2,2026-01-20 13:24:02
865,CUST_341,PROD_11,3,2026-01-07 00:29:57
866,CUST_394,PROD_2,5,2026-01-01 22:55:25
867,CUST_54,PROD_34,1,2026-01-03 05:47:00
868,CUST_468,PROD_93,2,2025-12-29 18:03:59
869,CUST_13,PROD_65,5,2026-01-06 09:53:55
870,CUST_203,PROD_88,4,2026-01-24 12:32:27
871,CUST_174,PROD_38,4,2025-12-31 23:44:42
872,CUST_332,PROD_46,1,2026-01-21 23:37:53
873,CUST_114,PROD_11,5,2026-01-06 20:16:41
874,CUST_221,PROD_33,2,2025-12-28 23:28:31
875,CUST_366,PROD_85,1,2026-01-25 15:04:34
876,CUST_399,PROD_56,2,2025-12-30 21:09:13
877,CUST_409,PROD_73,2,2026-01-05 00:28:59
878,CUST_360,PROD_17,1,2026-01-23 12:40:11
879,CUST_486,PROD_67,3,2026-01-13 03:26:35
880,CUST_277,PROD_42,3,2026-01-07 12:25:04
881,CUST_479,PROD_51,5,2026-01-25 21:02:18
882,CUST_134,PROD_16,1,2026-01-21 22:59:57
883,CUST_403,PROD_71,3,2026-01-16 10:40:41
884,CUST_99,PROD_31,5,2026-01-17 14:05:53
885,CUST_220,PROD_24,5,2026-01-06 06:34:30
886,CUST_369,PROD_61,1,2026-01-24 10:46:17
887,CUST_398,PROD_92,5,2026-01-16 05:33:06
888,CUST_3,PROD_42,5,2026-01-18 08:45:00
889,CUST_224,PROD_66,2,2026-01-02 15:08:37
890,CUST_475,PROD_92,4,2026-01-22 02:35:29
891,CUST_213,PROD_83,3,2026-01-23 01:17:27
892,CUST_472,PROD_2,4,2026-01-03 11:53:53
893,CUST_68,PROD_33,4,2026-01-05 11:21:39
894,CUST_251,PROD_89,3,2026-01-18 13:43:56
895,CUST_15,PROD_70,5,2026-01-03 20:55:25
896,CUST_243,PROD_84,1,2026-01-25 10:44:20
897,CUST_410,PROD_65,2,2026-01-06 11:26:03
898,CUST_362,PROD_60,1,2026-01-24 15:50:31
899,CUST_307,PROD_62,1,2026-01-06 19:40:04
900,CUST_481,PROD_3,1,2026-01-20 13:38:05
901,CUST_308,PROD_50,3,2026-01-03 08:28:24
902,CUST_422,PROD_70,4,2026-01-20 17:12:16
903,CUST_42,PROD_47,5,2026-01-01 12:48:41
904,CUST_124,PROD_95,1,2026-01-06 05:54:23
905,CUST_51,PROD_47,4,2026-01-10 00:12:04
906,CUST_278,PROD_25,3,2026-01-20 22:48:38
907,CUST_231,PROD_40,4,2026-01-17 03:45:13
908,CUST_339,PROD_57,4,2026-01-17 00:47:17
909,CUST_450,PROD_82,4,2026-01-24 16:58:29
910,CUST_406,PROD_19,3,2026-01-20 09:15:43
911,CUST_16,PROD_75,4,2026-01-12 17:00:37
912,CUST_253,PROD_20,3,2026-01-21 16:40:19
913,CUST_489,PROD_27,1,2026-01-09 18:14:00
914,CUST_342,PROD_96,2,2026-01-24 19:12:09
915,CUST_91,PROD_1,5,2026-01-05 15:19:04
916,CUST_444,PROD_23,4,2026-01-02 14:28:42
917,CUST_197,PROD_14,2,2026-01-05 14:55:17
918,CUST_394,PROD_75,2,2026-01-05 20:37:50
919,CUST_244,PROD_12,1,2026-01-16 21:40:54
920,CUST_229,PROD_5,2,2026-01-05 16:10:56
921,CUST_150,PROD_26,4,2026-01-02 15:44:12
922,CUST_160,PROD_65,1,2026-01-25 07:55:41
923,CUST_194,PROD_58,5,2026-01-24 00:19:57
924,CUST_380,PROD_63,5,2026-01-01 18:06:11
925,CUST_424,PROD_64,2,2025-12-30 20:12:15
926,CUST_355,PROD_40,3,2026-01-17 06:27:03
927,CUST_232,PROD_61,5,2026-01-17 22:43:49
928,CUST_419,PROD_25,1,2026-01-18 08:25:19
929,CUST_284,PROD_85,5,2026-01-02 02:53:42
930,CUST_440,PROD_35,4,2026-01-11 13:34:45
931,CUST_329,PROD_86,2,2026-01-01 17:35:54
932,CUST_382,PROD_4,5,2026-01-21 20:06:26
933,CUST_140,PROD_51,2,2026-01-25 20:17:49
934,CUST_66,PROD_17,4,2026-01-20 19:44:59
935,CUST_174,PROD_54,1,2026-01-09 22:26:15
936,CUST_404,PROD_23,1,2026-01-08 08:34:00
937,CUST_172,PROD_21,1,2026-01-25 08:09:51
938,CUST_117,PROD_90,2,2026-01-24 21:22:30
939,CUST_441,PROD_34,5,2026-01-15 19:37:43
940,CUST_371,PROD_17,4,2026-01-23 01:46:40
941,CUST_104,PROD_44,4,2026-01-14 14:32:11
942,CUST_321,PROD_64,4,2026-01-02 20:56:26
943,CUST_247,PROD_92,2,2026-01-22 22:10:40
944,CUST_195,PROD_90,1,2026-01-16 10:40:58
945,CUST_413,PROD_65,4,2026-01-03 15:05:09
946,CUST_376,PROD_92,2,2026-01-10 18:04:39
947,CUST_492,PROD_10,1,2026-01-06 21:06:57
948,CUST_487,PROD_69,2,2026-01-11 22:16:44
949,CUST_11,PROD_97,2,2026-01-06 03:38:23
950,CUST_234,PROD_31,1,2026-01-08 06:27:53
951,CUST_198,PROD_45,5,2026-01-12 05:21:45
952,CUST_137,PROD_33,3,2026-01-12 01:31:11
953,CUST_420,PROD_67,4,2026-01-18 01:45:35
954,CUST_230,PROD_22,1,2026-01-14 01:24:53
955,CUST_77,PROD_30,3,2026-01-18 07:25:46
956,CUST_449,PROD_77,2,2025-12-30 01:11:49
957,CUST_270,PROD_46,5,2025-12-30 16:41:25
958,CUST_303,PROD_41,4,2026-01-19 18:55:28
959,CUST_468,PROD_30,1,2026-01-10 18:19:45
960,CUST_487,PROD_48,5,2026-01-16 08:54:50
961,CUST_156,PROD_60,3,2026-01-17 19:17:58
962,CUST_296,PROD_56,2,2026-01-07 03:00:03
963,CUST_480,PROD_37,1,2026-01-17 03:11:30
964,CUST_85,PROD_81,4,2026-01-01 05:55:26
965,CUST_255,PROD_92,2,2026-01-11 16:13:31
966,CUST_132,PROD_87,1,2026-01-12 16:18:35
967,CUST_477,PROD_19,5,2026-01-03 01:23:18
968,CUST_342,PROD_8,3,2026-01-07 03:05:30
969,CUST_336,PROD_22,4,2026-01-23 01:15:20
970,CUST_464,PROD_96,4,2026-01-06 00:36:57
971,CUST_393,PROD_1,3,2026-01-27 15:43:42
972,CUST_183,PROD_100,4,2026-01-08 16:55:51
973,CUST_246,PROD_37,4,2026-01-01 19:08:19
974,CUST_350,PROD_92,5,2026-01-25 03:18:44
975,CUST_422,PROD_36,5,2026-01-08 09:05:40
976,CUST_444,PROD_43,1,2026-01-10 15:45:12
977,CUST_392,PROD_61,4,2026-01-23 21:03:05
978,CUST_364,PROD_33,5,2026-01-14 04:12:28
979,CUST_422,PROD_21,3,2026-01-12 01:36:17
980,CUST_256,PROD_33,4,2026-01-02 23:31:36
981,CUST_405,PROD_24,1,2026-01-20 07:35:02
982,CUST_97,PROD_97,5,2026-01-26 10:16:52
983,CUST_11,PROD_21,3,2026-01-01 00:49:51
984,CUST_248,PROD_69,4,2026-01-12 16:08:16
985,CUST_495,PROD_67,1,2026-01-14 06:54:05
986,CUST_483,PROD_90,3,2026-01-22 06:32:52
987,CUST_175,PROD_43,2,2026-01-01 04:12:04
988,CUST_176,PROD_1,4,2026-01-02 17:37:16
989,CUST_235,PROD_21,2,2026-01-03 10:28:47
990,CUST_129,PROD_14,3,2026-01-11 01:48:43
991,CUST_467,PROD_78,2,2025-12-29 11:35:13
992,CUST_269,PROD_98,1,2026-01-02 13:47:55
993,CUST_283,PROD_79,3,2026-01-02 04:01:06
994,CUST_341,PROD_93,1,2026-01-27 14:02:52
995,CUST_135,PROD_61,4,2026-01-08 21:00:57
996,CUST_135,PROD_81,3,2026-01-07 15:03:47
997,CUST_88,PROD_20,4,2026-01-12 04:28:38
998,CUST_110,PROD_55,2,2026-01-13 18:11:52
999,CUST_44,PROD_77,3,2026-01-22 13:32:43
1000,CUST_306,PROD_73,3,2026-01-23 15:13:12
1001,CUST_29,PROD_30,3,2026-01-09 20:54:30
1002,CUST_28,PROD_22,3,2026-01-25 03:23:53
1003,CUST_184,PROD_46,4,2026-01-23 16:16:43
1004,CUST_313,PROD_24,1,2026-01-23 23:50:39
1005,CUST_200,PROD_42,5,2026-01-25 06:11:35
1006,CUST_281,PROD_58,5,2026-01-13 05:12:49
1007,CUST_494,PROD_10,3,2026-01-23 07:49:25
1008,CUST_184,PROD_94,2,2026-01-12 23:02:56
1009,CUST_414,PROD_77,3,2025-12-31 21:38:13
1010,CUST_27,PROD_54,3,2026-01-17 04:59:53
1011,CUST_356,PROD_15,3,2026-01-21 17:27:20
1012,CUST_392,PROD_67,3,2026-01-12 03:32:03
1013,CUST_111,PROD_23,1,2026-01-04 04:07:25
1014,CUST_234,PROD_16,4,2026-01-07 00:18:19
1015,CUST_369,PROD_73,2,2026-01-06 23:40:05
1016,CUST_305,PROD_7,4,2026-01-21 22:03:58
1017,CUST_419,PROD_59,3,2026-01-18 15:07:36
1018,CUST_333,PROD_38,4,2026-01-23 15:54:35
1019,CUST_487,PROD_74,2,2026-01-22 09:37:19
1020,CUST_249,PROD_5,5,2026-01-18 13:36:51
1021,CUST_11,PROD_30,4,2026-01-18 08:06:23
1022,CUST_476,PROD_8,2,2026-01-07 18:03:30
1023,CUST_236,PROD_67,1,2026-01-21 21:52:31
1024,CUST_333,PROD_68,2,2026-01-21 18:12:35
1025,CUST_128,PROD_27,5,2026-01-15 01:05:24
1026,CUST_184,PROD_42,5,2026-01-06 14:01:27
1027,CUST_202,PROD_74,3,2026-01-06 16:13:08
1028,CUST_78,PROD_95,4,2026-01-18 11:45:09
1029,CUST_440,PROD_22,2,2025-12-31 20:56:10
1030,CUST_416,PROD_16,2,2025-12-29 17:59:24
1031,CUST_388,PROD_37,2,2026-01-01 20:41:32
1032,CUST_350,PROD_27,4,2026-01-10 04:16:41
1033,CUST_73,PROD_72,2,2026-01-11 01:40:18
1034,CUST_197,PROD_11,1,2026-01-05 18:34:15
1035,CUST_280,PROD_46,4,2026-01-25 02:25:29
1036,CUST_378,PROD_45,2,2026-01-07 11:41:23
1037,CUST_371,PROD_96,5,2026-01-17 20:44:19
1038,CUST_139,PROD_61,5,2026-01-01 14:32:24
1039,CUST_12,PROD_64,4,2026-01-22 04:46:12
1040,CUST_424,PROD_45,3,2026-01-09 03:12:20
1041,CUST_84,PROD_6,2,2026-01-12 05:12:39
1042,CUST_15,PROD_66,5,2026-01-24 07:06:29
1043,CUST_55,PROD_87,1,2026-01-14 16:18:44
1044,CUST_453,PROD_68,3,2026-01-03 13:50:41
1045,CUST_42,PROD_48,2,2026-01-27 17:40:07
1046,CUST_121,PROD_68,3,2026-01-24 05:27:49
1047,CUST_62,PROD_95,4,2025-12-31 04:12:21
1048,CUST_51,PROD_61,4,2026-01-13 10:18:13
1049,CUST_107,PROD_29,3,2026-01-04 20:24:27
1050,CUST_79,PROD_67,5,2026-01-02 02:45:58
1051,CUST_242,PROD_72,5,2025-12-29 04:59:31
1052,CUST_480,PROD_75,1,2026-01-22 22:55:36
1053,CUST_412,PROD_44,4,2026-01-22 12:19:07
1054,CUST_430,PROD_64,2,2026-01-22 18:29:59
1055,CUST_416,PROD_51,5,2026-01-01 07:45:20
1056,CUST_499,PROD_73,2,2026-01-11 04:57:47
1057,CUST_488,PROD_8,1,2026-01-18 15:00:24
1058,CUST_250,PROD_77,2,2026-01-17 13:51:14
1059,CUST_126,PROD_6,3,2026-01-14 05:20:22
1060,CUST_245,PROD_22,5,2026-01-17 23:02:53
1061,CUST_337,PROD_95,5,2026-01-27 11:15:54
1062,CUST_69,PROD_2,5,2026-01-16 08:24:04
1063,CUST_475,PROD_67,2,2026-01-08 10:08:10
1064,CUST_377,PROD_36,5,2026-01-04 09:31:58
1065,CUST_5,PROD_15,2,2026-01-16 23:03:40
1066,CUST_236,PROD_17,2,2026-01-03 22:04:55
1067,CUST_300,PROD_23,4,2026-01-02 02:31:21
1068,CUST_440,PROD_21,1,2025-12-29 00:01:20
1069,CUST_171,PROD_93,1,2026-01-24 04:54:01
1070,CUST_290,PROD_40,3,2026-01-04 13:31:55
1071,CUST_89,PROD_39,1,2026-01-12 06:35:49
1072,CUST_258,PROD_87,5,2026-01-05 03:32:52
1073,CUST_442,PROD_89,2,2026-01-14 14:46:42
1074,CUST_65,PROD_56,2,2026-01-24 14:45:38
1075,CUST_171,PROD_48,4,2026-01-08 17:11:14
1076,CUST_114,PROD_56,3,2026-01-03 21:38:11
1077,CUST_178,PROD_73,4,2026-01-18 09:45:20
1078,CUST_129,PROD_18,2,2026-01-20 23:46:12
1079,CUST_70,PROD_58,5,2026-01-27 17:24:36
1080,CUST_310,PROD_43,2,2026-01-10 21:36:57
1081,CUST_319,PROD_73,3,2026-01-21 08:38:56
1082,CUST_91,PROD_58,1,2026-01-24 22:39:03
1083,CUST_166,PROD_29,4,2026-01-23 15:36:55
1084,CUST_435,PROD_10,1,2026-01-25 17:15:19
1085,CUST_445,PROD_29,3,2026-01-06 12:55:18
1086,CUST_257,PROD_93,1,2026-01-14 12:04:09
1087,CUST_162,PROD_55,1,2026-01-24 18:04:33
1088,CUST_12,PROD_72,4,2026-01-06 16:25:32
1089,CUST_346,PROD_1,2,2025-12-30 08:45:45
1090,CUST_374,PROD_3,1,2026-01-04 01:51:57
1091,CUST_187,PROD_45,5,2026-01-06 05:30:58
1092,CUST_166,PROD_44,3,2025-12-31 03:09:27
1093,CUST_277,PROD_33,1,2026-01-03 04:50:08
1094,CUST_284,PROD_72,4,2026-01-07 21:15:37
1095,CUST_418,PROD_21,1,2026-01-09 00:17:33
1096,CUST_456,PROD_85,3,2026-01-21 00:18:41
1097,CUST_216,PROD_41,2,2026-01-12 21:54:00
1098,CUST_407,PROD_29,1,2026-01-17 09:02:51
1099,CUST_250,PROD_70,1,2026-01-21 19:09:01
1100,CUST_341,PROD_84,3,2026-01-04 03:28:42
1101,CUST_496,PROD_41,4,2025-12-29 09:13:46
1102,CUST_36,PROD_78,4,2026-01-19 05:38:22
1103,CUST_485,PROD_21,1,2026-01-12 03:17:24
1104,CUST_434,PROD_88,4,2026-01-05 06:56:44
1105,CUST_168,PROD_82,3,2026-01-08 07:42:35
1106,CUST_146,PROD_61,2,2026-01-20 09:41:04
1107,CUST_415,PROD_43,1,2026-01-18 05:45:47
1108,CUST_359,PROD_87,3,2026-01-19 14:11:44
1109,CUST_203,PROD_15,4,2026-01-05 16:20:47
1110,CUST_150,PROD_44,1,2026-01-11 19:30:22
1111,CUST_79,PROD_3,2,2026-01-19 03:53:07
1112,CUST_202,PROD_58,4,2026-01-05 05:45:28
1113,CUST_195,PROD_92,3,2025-12-30 21:35:42
1114,CUST_434,PROD_8,2,2026-01-22 05:37:14
1115,CUST_129,PROD_65,5,2026-01-25 18:10:38
1116,CUST_192,PROD_93,2,2026-01-19 03:14:04
1117,CUST_152,PROD_53,1,2026-01-26 07:00:23
1118,CUST_148,PROD_39,3,2026-01-03 16:03:40
1119,CUST_357,PROD_42,3,2025-12-29 07:58:03
1120,CUST_276,PROD_66,2,2026-01-05 20:19:16
1121,CUST_407,PROD_73,5,2026-01-09 17:11:53
1122,CUST_471,PROD_29,4,2026-01-07 18:18:01
1123,CUST_419,PROD_53,4,2026-01-16 06:55:51
1124,CUST_24,PROD_28,5,2026-01-21 04:25:38
1125,CUST_317,PROD_60,4,2026-01-09 23:16:10
1126,CUST_346,PROD_100,1,2025-12-29 05:50:28
1127,CUST_405,PROD_55,5,2026-01-14 05:42:47
1128,CUST_241,PROD_88,2,2026-01-21 10:59:12
1129,CUST_202,PROD_21,5,2026-01-15 05:25:31
1130,CUST_78,PROD_20,4,2026-01-27 02:56:48
1131,CUST_77,PROD_20,1,2026-01-16 09:08:25
1132,CUST_444,PROD_78,5,2026-01-05 16:16:23
1133,CUST_136,PROD_56,5,2026-01-10 03:18:26
1134,CUST_321,PROD_77,4,2026-01-12 16:33:17
1135,CUST_363,PROD_95,5,2026-01-12 23:34:08
1136,CUST_302,PROD_59,4,2026-01-05 17:29:28
1137,CUST_292,PROD_43,4,2026-01-19 01:51:47
1138,CUST_196,PROD_61,1,2026-01-07 01:56:20
1139,CUST_101,PROD_59,2,2026-01-26 08:25:43
1140,CUST_218,PROD_22,4,2026-01-22 00:00:00
1141,CUST_86,PROD_54,2,2026-01-03 23:03:15
1142,CUST_462,PROD_96,1,2026-01-09 11:46:41
1143,CUST_18,PROD_74,5,2026-01-07 22:45:41
1144,CUST_396,PROD_55,5,2026-01-18 12:18:40
1145,CUST_223,PROD_87,5,2026-01-06 07:45:49
1146,CUST_129,PROD_19,2,2026-01-25 16:42:43
1147,CUST_56,PROD_46,2,2026-01-19 01:03:12
1148,CUST_26,PROD_20,5,2026-01-19 07:35:55
1149,CUST_231,PROD_56,3,2026-01-17 12:41:22
1150,CUST_273,PROD_36,5,2026-01-03 09:38:30
1151,CUST_123,PROD_87,3,2026-01-22 21:43:55
1152,CUST_467,PROD_63,4,2026-01-26 11:40:35
1153,CUST_374,PROD_35,2,2026-01-09 17:19:51
1154,CUST_105,PROD_76,2,2026-01-25 01:46:36
1155,CUST_328,PROD_99,4,2026-01-15 19:08:46
1156,CUST_395,PROD_97,1,2026-01-03 06:26:19
1157,CUST_475,PROD_85,1,2026-01-12 07:19:54
1158,CUST_419,PROD_79,5,2025-12-31 19:48:43
1159,CUST_299,PROD_41,2,2026-01-22 16:18:28
1160,CUST_114,PROD_67,1,2026-01-10 02:37:01
1161,CUST_144,PROD_89,4,2026-01-07 03:28:19
1162,CUST_234,PROD_82,5,2026-01-10 04:56:18
1163,CUST_308,PROD_62,1,2026-01-07 00:29:21
1164,CUST_241,PROD_38,2,2026-01-22 10:03:57
1165,CUST_100,PROD_7,5,2026-01-18 06:54:29
1166,CUST_156,PROD_77,2,2026-01-16 20:43:41
1167,CUST_167,PROD_80,4,2026-01-07 04:14:09
1168,CUST_358,PROD_90,1,2026-01-18 11:45:28
1169,CUST_277,PROD_23,4,2026-01-19 20:52:38
1170,CUST_358,PROD_71,4,2025-12-30 04:26:51
1171,CUST_413,PROD_43,4,2026-01-21 19:42:28
1172,CUST_194,PROD_15,2,2026-01-26 12:34:22
1173,CUST_240,PROD_75,5,2026-01-07 20:11:39
1174,CUST_163,PROD_12,4,2026-01-02 23:54:21
1175,CUST_299,PROD_10,5,2026-01-21 04:36:37
1176,CUST_447,PROD_5,3,2026-01-18 10:52:29
1177,CUST_372,PROD_95,2,2026-01-03 10:38:07
1178,CUST_50,PROD_35,2,2026-01-02 15:59:28
1179,CUST_30,PROD_99,3,2026-01-06 12:45:59
1180,CUST_270,PROD_86,5,2026-01-23 06:24:26
1181,CUST_382,PROD_81,3,2026-01-14 02:22:25
1182,CUST_363,PROD_30,3,2026-01-08 15:35:53
1183,CUST_351,PROD_78,5,2026-01-08 07:17:48
1184,CUST_391,PROD_68,5,2026-01-13 23:06:52
1185,CUST_233,PROD_22,4,2026-01-05 21:38:41
1186,CUST_283,PROD_33,4,2026-01-13 11:29:56
1187,CUST_217,PROD_25,3,2026-01-22 03:56:14
1188,CUST_464,PROD_23,2,2026-01-08 04:08:43
1189,CUST_77,PROD_3,4,2026-01-02 17:21:13
1190,CUST_218,PROD_15,5,2026-01-20 08:26:16
1191,CUST_437,PROD_97,1,2026-01-16 01:20:19
1192,CUST_408,PROD_71,3,2026-01-26 08:05:16
1193,CUST_205,PROD_64,3,2026-01-23 16:48:04
1194,CUST_459,PROD_15,3,2026-01-08 19:25:14
1195,CUST_185,PROD_23,5,2026-01-18 21:34:13
1196,CUST_70,PROD_1,4,2026-01-11 15:16:36
1197,CUST_209,PROD_75,1,2026-01-03 21:44:59
1198,CUST_139,PROD_43,1,2026-01-14 04:12:06
1199,CUST_342,PROD_86,1,2026-01-22 05:52:47
1200,CUST_18,PROD_10,2,2026-01-02 12:44:58
1201,CUST_90,PROD_66,5,2026-01-20 01:21:51
1202,CUST_306,PROD_26,4,2026-01-08 23:31:53
1203,CUST_187,PROD_67,1,2026-01-14 17:59:17
1204,CUST_424,PROD_90,1,2026-01-03 22:26:43
1205,CUST_320,PROD_21,3,2026-01-03 13:34:44
1206,CUST_289,PROD_9,3,2026-01-16 08:22:59
1207,CUST_438,PROD_41,5,2026-01-04 08:42:16
1208,CUST_25,PROD_76,5,2025-12-31 20:38:15
1209,CUST_327,PROD_59,2,2026-01-27 08:35:52
1210,CUST_69,PROD_56,3,2026-01-02 00:25:12
1211,CUST_21,PROD_58,3,2026-01-24 12:33:00
1212,CUST_346,PROD_43,3,2026-01-26 21:48:42
1213,CUST_379,PROD_59,5,2026-01-07 05:30:19
1214,CUST_112,PROD_59,3,2026-01-13 02:20:36
1215,CUST_117,PROD_5,4,2026-01-23 00:44:01
1216,CUST_486,PROD_18,4,2026-01-08 20:33:00
1217,CUST_293,PROD_40,5,2026-01-17 22:21:15
1218,CUST_68,PROD_43,5,2026-01-25 13:07:37
1219,CUST_69,PROD_25,2,2026-01-14 12:15:30
1220,CUST_482,PROD_89,4,2026-01-01 22:38:28
1221,CUST_285,PROD_50,3,2026-01-06 07:16:08
1222,CUST_314,PROD_47,3,2026-01-20 18:23:26
1223,CUST_106,PROD_48,2,2026-01-15 19:10:50
1224,CUST_394,PROD_3,3,2026-01-01 08:02:04
1225,CUST_40,PROD_80,3,2025-12-31 03:02:59
1226,CUST_265,PROD_9,3,2025-12-31 05:33:52
1227,CUST_460,PROD_97,2,2026-01-16 19:33:53
1228,CUST_202,PROD_22,1,2025-12-31 18:51:04
1229,CUST_147,PROD_71,3,2026-01-05 04:38:27
1230,CUST_441,PROD_7,2,2026-01-13 13:29:53
1231,CUST_113,PROD_90,1,2026-01-13 00:47:37
1232,CUST_460,PROD_34,3,2026-01-07 06:22:00
1233,CUST_98,PROD_22,2,2026-01-20 17:54:52
1234,CUST_232,PROD_46,5,2026-01-27 01:49:30
1235,CUST_272,PROD_47,5,2026-01-02 03:14:25
1236,CUST_69,PROD_39,1,2026-01-17 10:51:06
1237,CUST_313,PROD_18,5,2026-01-21 06:37:48
1238,CUST_252,PROD_61,5,2026-01-13 03:01:48
1239,CUST_489,PROD_95,2,2026-01-02 04:45:54
1240,CUST_92,PROD_71,2,2025-12-31 10:18:30
1241,CUST_466,PROD_5,3,2026-01-22 23:50:29
1242,CUST_165,PROD_10,3,2026-01-07 23:22:33
1243,CUST_413,PROD_50,5,2026-01-19 23:38:16
1244,CUST_82,PROD_22,5,2026-01-20 12:04:16
1245,CUST_50,PROD_86,2,2026-01-18 06:06:38
1246,CUST_94,PROD_61,5,2026-01-08 09:13:41
1247,CUST_200,PROD_48,3,2026-01-18 05:47:51
1248,CUST_146,PROD_62,2,2026-01-25 11:59:20
1249,CUST_120,PROD_48,4,2026-01-12 00:09:22
1250,CUST_7,PROD_17,5,2026-01-17 04:41:14
1251,CUST_445,PROD_25,2,2026-01-20 07:52:22
1252,CUST_438,PROD_78,5,2026-01-25 00:06:57
1253,CUST_140,PROD_45,3,2026-01-14 18:00:46
1254,CUST_8,PROD_46,5,2026-01-12 15:51:58
1255,CUST_435,PROD_33,5,2026-01-22 14:06:27
1256,CUST_350,PROD_77,3,2026-01-16 04:59:33
1257,CUST_133,PROD_70,5,2026-01-21 04:25:46
1258,CUST_409,PROD_55,2,2026-01-23 14:02:00
1259,CUST_57,PROD_80,3,2026-01-17 03:47:39
1260,CUST_335,PROD_81,4,2026-01-08 23:20:56
1261,CUST_44,PROD_80,4,2026-01-24 02:27:56
1262,CUST_137,PROD_47,1,2026-01-20 12:36:41
1263,CUST_404,PROD_6,4,2025-12-30 18:44:23
1264,CUST_487,PROD_84,3,2025-12-31 13:07:21
1265,CUST_237,PROD_75,3,2026-01-25 12:49:20
1266,CUST_298,PROD_10,4,2026-01-27 16:58:51
1267,CUST_100,PROD_95,1,2026-01-18 05:34:13
1268,CUST_388,PROD_100,1,2026-01-04 21:08:55
1269,CUST_3,PROD_84,2,2026-01-05 22:55:59
1270,CUST_316,PROD_14,2,2026-01-25 13:56:57
1271,CUST_468,PROD_22,4,2026-01-15 04:59:43
1272,CUST_179,PROD_30,2,2026-01-11 00:33:42
1273,CUST_111,PROD_97,2,2025-12-31 07:55:14
1274,CUST_411,PROD_71,1,2026-01-26 01:12:22
1275,CUST_81,PROD_18,3,2026-01-16 09:58:33
1276,CUST_189,PROD_2,5,2026-01-13 18:57:17
1277,CUST_149,PROD_100,2,2025-12-30 14:01:50
1278,CUST_468,PROD_83,3,2026-01-01 14:24:56
1279,CUST_483,PROD_37,3,2026-01-17 17:41:08
1280,CUST_484,PROD_69,5,2026-01-13 19:02:59
1281,CUST_70,PROD_3,2,2026-01-03 07:19:15
1282,CUST_278,PROD_9,3,2026-01-05 05:16:07
1283,CUST_303,PROD_20,4,2026-01-14 22:29:20
1284,CUST_248,PROD_17,2,2026-01-08 13:34:31
1285,CUST_306,PROD_1,1,2026-01-27 13:28:54
1286,CUST_365,PROD_30,3,2026-01-03 22:01:21
1287,CUST_151,PROD_28,5,2026-01-14 20:35:31
1288,CUST_439,PROD_79,4,2026-01-23 15:28:38
1289,CUST_154,PROD_46,4,2026-01-09 09:50:36
1290,CUST_436,PROD_45,3,2026-01-16 14:35:16
1291,CUST_483,PROD_10,2,2026-01-24 04:54:56
1292,CUST_371,PROD_97,1,2026-01-20 14:47:44
1293,CUST_484,PROD_35,1,2026-01-13 00:39:15
1294,CUST_315,PROD_12,3,2026-01-11 05:45:18
1295,CUST_143,PROD_31,4,2026-01-07 05:41:13
1296,CUST_30,PROD_16,1,2026-01-12 10:49:12
1297,CUST_254,PROD_97,4,2026-01-13 15:58:31
1298,CUST_402,PROD_48,2,2025-12-30 11:38:19
1299,CUST_112,PROD_40,1,2026-01-15 14:39:00
1300,CUST_200,PROD_5,3,2026-01-02 19:16:01
1301,CUST_490,PROD_51,4,2026-01-17 21:12:12
1302,CUST_86,PROD_35,2,2025-12-29 11:37:58
1303,CUST_2,PROD_84,3,2025-12-31 23:07:34
1304,CUST_455,PROD_34,2,2026-01-24 09:39:20
1305,CUST_179,PROD_56,5,2026-01-23 08:47:26
1306,CUST_438,PROD_49,4,2025-12-31 00:31:17
1307,CUST_339,PROD_23,2,2026-01-23 08:01:33
1308,CUST_131,PROD_5,1,2026-01-25 13:11:32
1309,CUST_26,PROD_41,2,2025-12-31 06:20:53
1310,CUST_366,PROD_46,2,2026-01-11 13:31:40
1311,CUST_54,PROD_46,1,2026-01-27 06:11:42
1312,CUST_103,PROD_75,2,2026-01-12 08:02:48
1313,CUST_321,PROD_33,5,2026-01-23 06:32:17
1314,CUST_220,PROD_47,1,2026-01-21 22:39:54
1315,CUST_119,PROD_88,2,2026-01-23 18:55:58
1316,CUST_486,PROD_11,1,2026-01-27 18:05:55
1317,CUST_10,PROD_61,1,2026-01-22 13:58:56
1318,CUST_347,PROD_53,3,2026-01-07 02:48:31
1319,CUST_169,PROD_87,3,2026-01-20 10:55:51
1320,CUST_396,PROD_53,4,2026-01-23 10:54:25
1321,CUST_353,PROD_66,4,2026-01-02 03:08:52
1322,CUST_271,PROD_84,1,2026-01-25 23:28:14
1323,CUST_313,PROD_82,5,2026-01-02 08:08:12
1324,CUST_460,PROD_96,5,2026-01-21 12:09:55
1325,CUST_347,PROD_77,4,2026-01-22 16:21:10
1326,CUST_224,PROD_32,5,2026-01-13 18:04:03
1327,CUST_478,PROD_46,5,2026-01-22 04:18:05
1328,CUST_175,PROD_19,5,2025-12-31 05:20:24
1329,CUST_57,PROD_48,2,2026-01-16 20:48:29
1330,CUST_147,PROD_62,4,2026-01-18 18:27:02
1331,CUST_186,PROD_9,4,2026-01-05 17:27:01
1332,CUST_236,PROD_12,4,2026-01-11 15:58:47
1333,CUST_272,PROD_29,3,2026-01-11 00:59:41
1334,CUST_382,PROD_93,1,2026-01-23 02:28:31
1335,CUST_383,PROD_12,4,2026-01-14 15:02:57
1336,CUST_241,PROD_8,4,2026-01-22 16:53:27
1337,CUST_395,PROD_67,3,2025-12-31 08:14:18
1338,CUST_259,PROD_53,4,2026-01-02 16:41:35
1339,CUST_498,PROD_89,2,2026-01-24 22:12:18
1340,CUST_288,PROD_63,3,2026-01-22 16:21:27
1341,CUST_79,PROD_48,5,2026-01-13 08:35:58
1342,CUST_262,PROD_10,1,2025-12-31 07:41:51
1343,CUST_389,PROD_5,4,2026-01-13 01:11:51
1344,CUST_318,PROD_14,2,2025-12-30 02:27:21
1345,CUST_413,PROD_3,5,2026-01-26 08:15:05
1346,CUST_48,PROD_75,2,2026-01-27 07:15:59
1347,CUST_117,PROD_98,3,2026-01-07 19:35:04
1348,CUST_372,PROD_67,2,2026-01-22 12:12:27
1349,CUST_404,PROD_20,4,2026-01-27 01:48:54
1350,CUST_77,PROD_85,3,2026-01-23 19:51:38
1351,CUST_107,PROD_14,1,2026-01-02 22:13:32
1352,CUST_404,PROD_67,3,2026-01-20 17:04:09
1353,CUST_243,PROD_50,4,2026-01-11 04:36:05
1354,CUST_35,PROD_61,5,2026-01-14 12:02:11
1355,CUST_186,PROD_7,4,2026-01-14 07:26:16
1356,CUST_494,PROD_11,3,2026-01-04 20:24:07
1357,CUST_274,PROD_78,5,2026-01-01 14:15:11
1358,CUST_495,PROD_15,2,2026-01-20 16:40:46
1359,CUST_71,PROD_11,3,2026-01-07 00:30:11
1360,CUST_430,PROD_19,3,2026-01-03 19:37:15
1361,CUST_198,PROD_62,5,2026-01-15 18:16:37
1362,CUST_429,PROD_34,4,2026-01-27 07:13:02
1363,CUST_464,PROD_57,2,2026-01-18 19:34:49
1364,CUST_117,PROD_25,2,2026-01-12 09:23:59
1365,CUST_108,PROD_36,4,2026-01-04 09:02:50
1366,CUST_379,PROD_3,4,2026-01-26 13:30:57
1367,CUST_1,PROD_20,3,2026-01-18 05:26:26
1368,CUST_443,PROD_89,1,2026-01-10 19:09:11
1369,CUST_30,PROD_22,2,2026-01-27 13:58:59
1370,CUST_48,PROD_50,5,2026-01-26 14:13:05
1371,CUST_390,PROD_83,3,2026-01-13 06:21:16
1372,CUST_84,PROD_18,4,2026-01-02 04:49:22
1373,CUST_105,PROD_50,4,2025-12-29 19:26:11
1374,CUST_406,PROD_62,3,2026-01-12 11:29:44
1375,CUST_31,PROD_90,3,2026-01-26 01:41:46
1376,CUST_360,PROD_52,1,2026-01-15 00:38:47
1377,CUST_80,PROD_81,2,2026-01-07 18:19:08
1378,CUST_423,PROD_39,5,2026-01-10 21:50:14
1379,CUST_317,PROD_69,3,2026-01-20 03:46:40
1380,CUST_494,PROD_28,4,2026-01-14 00:54:18
1381,CUST_461,PROD_30,3,2026-01-10 12:24:07
1382,CUST_358,PROD_45,5,2026-01-27 07:57:09
1383,CUST_150,PROD_98,3,2026-01-23 21:08:36
1384,CUST_206,PROD_89,4,2026-01-19 22:57:07
1385,CUST_376,PROD_74,3,2026-01-10 16:16:22
1386,CUST_92,PROD_52,5,2026-01-18 16:00:33
1387,CUST_18,PROD_18,5,2026-01-17 20:20:22
1388,CUST_324,PROD_69,3,2026-01-23 04:57:30
1389,CUST_234,PROD_57,2,2026-01-10 21:27:47
1390,CUST_310,PROD_43,2,2026-01-27 03:22:57
1391,CUST_367,PROD_100,5,2026-01-23 11:19:20
1392,CUST_121,PROD_100,3,2026-01-24 01:14:34
1393,CUST_225,PROD_64,4,2026-01-09 19:31:19
1394,CUST_241,PROD_81,3,2026-01-07 07:30:42
1395,CUST_90,PROD_1,2,2026-01-05 11:20:55
1396,CUST_458,PROD_64,2,2026-01-02 19:34:49
1397,CUST_429,PROD_35,4,2026-01-17 10:31:23
1398,CUST_302,PROD_36,5,2026-01-02 08:14:22
1399,CUST_334,PROD_80,3,2026-01-04 13:33:13
1400,CUST_356,PROD_25,1,2026-01-11 03:21:49
1401,CUST_199,PROD_6,2,2026-01-09 01:19:22
1402,CUST_109,PROD_14,5,2026-01-25 19:06:50
1403,CUST_439,PROD_23,5,2026-01-06 11:08:11
1404,CUST_476,PROD_13,2,2025-12-31 09:25:07
1405,CUST_367,PROD_20,5,2026-01-12 20:23:00
1406,CUST_190,PROD_97,2,2026-01-11 07:36:38
1407,CUST_304,PROD_40,5,2025-12-31 11:41:30
1408,CUST_1,PROD_51,1,2026-01-02 18:48:08
1409,CUST_375,PROD_96,2,2025-12-31 05:28:15
1410,CUST_110,PROD_76,1,2026-01-03 00:06:19
1411,CUST_17,PROD_25,1,2026-01-18 21:05:21
1412,CUST_45,PROD_28,3,2026-01-15 12:14:20
1413,CUST_273,PROD_50,5,2026-01-13 10:29:24
1414,CUST_280,PROD_54,1,2026-01-03 01:45:04
1415,CUST_394,PROD_86,1,2025-12-29 16:58:10
1416,CUST_307,PROD_83,5,2026-01-10 17:59:36
1417,CUST_55,PROD_70,3,2026-01-20 19:46:28
1418,CUST_285,PROD_44,2,2026-01-26 19:19:56
1419,CUST_373,PROD_60,1,2026-01-27 17:31:32
1420,CUST_47,PROD_8,3,2026-01-02 22:24:25
1421,CUST_199,PROD_40,3,2026-01-01 03:24:08
1422,CUST_118,PROD_48,3,2026-01-15 12:53:36
1423,CUST_286,PROD_70,3,2026-01-17 10:33:02
1424,CUST_404,PROD_50,3,2026-01-11 17:19:14
1425,CUST_100,PROD_76,5,2026-01-07 12:43:09
1426,CUST_403,PROD_68,1,2026-01-21 14:40:42
1427,CUST_166,PROD_57,4,2026-01-25 23:29:45
1428,CUST_335,PROD_78,3,2026-01-08 21:53:30
1429,CUST_375,PROD_93,2,2026-01-04 19:52:55
1430,CUST_63,PROD_68,5,2026-01-26 12:38:27
1431,CUST_397,PROD_24,5,2026-01-25 10:20:18
1432,CUST_194,PROD_6,5,2026-01-24 16:24:36
1433,CUST_425,PROD_92,5,2026-01-26 10:26:17
1434,CUST_109,PROD_85,4,2026-01-24 13:11:23
1435,CUST_52,PROD_62,5,2026-01-20 19:08:19
1436,CUST_197,PROD_89,1,2026-01-24 09:07:02
1437,CUST_206,PROD_36,1,2026-01-18 19:48:41
1438,CUST_303,PROD_81,3,2026-01-06 22:45:52
1439,CUST_359,PROD_83,5,2025-12-28 19:46:47
1440,CUST_98,PROD_54,1,2026-01-12 16:24:02
1441,CUST_440,PROD_76,2,2026-01-06 17:29:37
1442,CUST_465,PROD_35,5,2026-01-07 06:15:21
1443,CUST_414,PROD_7,5,2025-12-31 00:05:13
1444,CUST_439,PROD_18,2,2026-01-15 20:54:04
1445,CUST_29,PROD_12,3,2025-12-30 22:05:36
1446,CUST_234,PROD_58,3,2026-01-01 18:57:40
1447,CUST_105,PROD_87,5,2026-01-06 02:39:33
1448,CUST_317,PROD_82,3,2026-01-05 08:12:04
1449,CUST_460,PROD_41,3,2025-12-31 08:38:04
1450,CUST_279,PROD_27,5,2026-01-24 04:27:50
1451,CUST_99,PROD_23,4,2026-01-22 01:14:55
1452,CUST_471,PROD_1,2,2026-01-08 01:34:01
1453,CUST_157,PROD_89,1,2026-01-23 07:53:15
1454,CUST_152,PROD_76,2,2026-01-04 18:59:40
1455,CUST_79,PROD_61,1,2026-01-06 01:29:49
1456,CUST_458,PROD_96,5,2026-01-14 09:21:46
1457,CUST_239,PROD_12,4,2026-01-16 21:56:00
1458,CUST_243,PROD_67,4,2026-01-11 17:53:37
1459,CUST_485,PROD_30,1,2026-01-03 23:23:07
1460,CUST_248,PROD_20,1,2026-01-15 15:12:17
1461,CUST_491,PROD_2,4,2026-01-04 09:37:17
1462,CUST_378,PROD_4,4,2026-01-13 02:43:16
1463,CUST_178,PROD_96,2,2026-01-08 12:06:13
1464,CUST_361,PROD_18,1,2026-01-02 21:30:46
1465,CUST_67,PROD_21,4,2026-01-17 10:06:36
1466,CUST_87,PROD_9,4,2026-01-07 14:42:43
1467,CUST_454,PROD_39,1,2026-01-15 00:21:55
1468,CUST_24,PROD_61,3,2026-01-11 04:37:37
1469,CUST_206,PROD_99,1,2026-01-17 05:55:32
1470,CUST_156,PROD_61,3,2026-01-17 16:05:54
1471,CUST_261,PROD_84,1,2026-01-15 13:33:09
1472,CUST_346,PROD_55,5,2026-01-05 10:06:47
1473,CUST_203,PROD_54,1,2026-01-26 01:57:09
1474,CUST_480,PROD_88,2,2026-01-26 14:34:37
1475,CUST_58,PROD_74,4,2026-01-12 11:33:15
1476,CUST_195,PROD_65,5,2026-01-18 10:15:34
1477,CUST_94,PROD_48,1,2026-01-04 07:14:09
1478,CUST_61,PROD_17,2,2026-01-17 15:01:14
1479,CUST_175,PROD_65,2,2026-01-13 09:05:03
1480,CUST_160,PROD_41,4,2026-01-01 01:27:13
1481,CUST_31,PROD_86,2,2026-01-12 05:45:57
1482,CUST_136,PROD_39,2,2026-01-16 21:25:41
1483,CUST_301,PROD_22,5,2026-01-14 20:47:59
1484,CUST_329,PROD_63,3,2026-01-02 08:01:02
1485,CUST_386,PROD_33,4,2025-12-29 12:11:10
1486,CUST_151,PROD_87,1,2026-01-08 15:21:29
1487,CUST_268,PROD_96,5,2025-12-31 07:38:29
1488,CUST_264,PROD_92,4,2026-01-24 11:54:29
1489,CUST_173,PROD_79,3,2026-01-20 13:41:49
1490,CUST_211,PROD_85,1,2026-01-09 01:44:49
1491,CUST_490,PROD_73,4,2026-01-11 08:45:45
1492,CUST_451,PROD_43,2,2026-01-08 00:25:06
1493,CUST_4,PROD_16,1,2026-01-23 06:06:38
1494,CUST_294,PROD_26,3,2026-01-08 01:52:13
1495,CUST_399,PROD_2,5,2026-01-05 00:41:42
1496,CUST_481,PROD_19,4,2026-01-05 03:22:30
1497,CUST_296,PROD_77,1,2026-01-25 07:55:31
1498,CUST_191,PROD_60,4,2026-01-27 13:42:26
1499,CUST_147,PROD_13,2,2026-01-13 20:34:16
1500,CUST_277,PROD_24,1,2026-01-15 16:34:00
1501,CUST_144,PROD_98,1,2026-01-09 09:52:27
1502,CUST_120,PROD_36,3,2026-01-13 12:53:18
1503,CUST_190,PROD_58,3,2025-12-31 21:43:20
1504,CUST_452,PROD_37,5,2026-01-27 14:08:08
1505,CUST_492,PROD_20,3,2026-01-18 07:55:02
1506,CUST_177,PROD_41,5,2026-01-20 23:13:15
1507,CUST_100,PROD_76,4,2026-01-20 20:35:10
1508,CUST_79,PROD_3,1,2026-01-08 11:47:00
1509,CUST_403,PROD_43,3,2026-01-17 03:26:03
1510,CUST_55,PROD_10,3,2026-01-11 23:59:20
1511,CUST_421,PROD_5,2,2026-01-07 11:56:28
1512,CUST_262,PROD_19,1,2026-01-07 22:10:08
1513,CUST_58,PROD_71,2,2026-01-12 03:49:48
1514,CUST_412,PROD_95,3,2026-01-21 04:44:30
1515,CUST_235,PROD_13,2,2026-01-02 07:15:51
1516,CUST_130,PROD_61,4,2026-01-20 13:00:05
1517,CUST_195,PROD_74,5,2026-01-05 16:26:32
1518,CUST_410,PROD_100,3,2026-01-26 11:29:08
1519,CUST_321,PROD_28,1,2026-01-17 22:46:46
1520,CUST_160,PROD_90,2,2026-01-05 05:47:21
1521,CUST_146,PROD_77,4,2026-01-01 00:52:59
1522,CUST_99,PROD_34,3,2026-01-26 12:00:39
1523,CUST_318,PROD_44,3,2026-01-08 20:44:31
1524,CUST_212,PROD_66,5,2026-01-23 12:36:12
1525,CUST_2,PROD_17,5,2026-01-01 14:05:34
1526,CUST_20,PROD_50,4,2026-01-04 18:46:05
1527,CUST_434,PROD_76,1,2026-01-05 23:12:44
1528,CUST_186,PROD_91,2,2026-01-02 02:22:41
1529,CUST_250,PROD_95,1,2026-01-21 07:04:54
1530,CUST_2,PROD_35,3,2026-01-12 22:20:08
1531,CUST_166,PROD_58,3,2026-01-02 15:16:51
1532,CUST_170,PROD_86,3,2026-01-24 15:01:00
1533,CUST_411,PROD_43,3,2026-01-17 14:25:39
1534,CUST_190,PROD_2,4,2026-01-18 17:10:29
1535,CUST_282,PROD_69,1,2026-01-08 06:52:39
1536,CUST_357,PROD_88,1,2026-01-13 16:42:30
1537,CUST_255,PROD_30,4,2026-01-05 16:57:22
1538,CUST_2,PROD_98,2,2026-01-12 11:58:07
1539,CUST_496,PROD_77,5,2026-01-16 13:13:46
1540,CUST_13,PROD_27,3,2026-01-14 19:21:01
1541,CUST_453,PROD_97,1,2026-01-06 06:01:16
1542,CUST_90,PROD_23,5,2026-01-07 16:37:01
1543,CUST_484,PROD_54,1,2026-01-25 00:36:33
1544,CUST_337,PROD_81,2,2026-01-07 06:47:32
1545,CUST_24,PROD_23,1,2025-12-31 15:29:47
1546,CUST_296,PROD_10,5,2026-01-10 11:00:29
1547,CUST_495,PROD_19,1,2026-01-26 22:31:30
1548,CUST_151,PROD_99,1,2026-01-05 00:29:25
1549,CUST_452,PROD_79,5,2026-01-15 04:30:29
1550,CUST_397,PROD_34,5,2026-01-17 16:30:36
1551,CUST_43,PROD_75,1,2025-12-30 03:11:43
1552,CUST_410,PROD_84,1,2026-01-27 08:27:55
1553,CUST_316,PROD_10,1,2026-01-17 21:42:09
1554,CUST_418,PROD_23,5,2026-01-01 01:21:24
1555,CUST_308,PROD_4,1,2026-01-23 15:12:44
1556,CUST_116,PROD_61,1,2026-01-20 20:50:37
1557,CUST_496,PROD_4,3,2026-01-12 15:26:12
1558,CUST_458,PROD_60,2,2026-01-07 11:15:01
1559,CUST_417,PROD_93,5,2026-01-03 20:16:22
1560,CUST_179,PROD_48,1,2026-01-08 14:37:07
1561,CUST_258,PROD_36,3,2026-01-07 19:56:09
1562,CUST_469,PROD_79,4,2026-01-16 20:42:41
1563,CUST_96,PROD_64,3,2026-01-16 08:13:50
1564,CUST_110,PROD_55,2,2026-01-09 19:47:38
1565,CUST_153,PROD_93,5,2025-12-31 08:05:26
1566,CUST_485,PROD_82,5,2026-01-23 02:20:21
1567,CUST_291,PROD_32,4,2026-01-23 00:34:33
1568,CUST_377,PROD_59,5,2026-01-26 04:11:25
1569,CUST_83,PROD_100,3,2025-12-31 20:06:58
1570,CUST_442,PROD_85,4,2026-01-05 19:05:36
1571,CUST_118,PROD_72,4,2026-01-17 17:46:54
1572,CUST_11,PROD_89,4,2026-01-26 08:51:52
1573,CUST_149,PROD_32,3,2026-01-06 17:57:01
1574,CUST_217,PROD_88,1,2026-01-16 20:45:26
1575,CUST_375,PROD_56,4,2026-01-26 06:38:02
1576,CUST_200,PROD_41,4,2025-12-30 17:16:52
1577,CUST_166,PROD_20,4,2026-01-17 18:55:46
1578,CUST_277,PROD_36,4,2026-01-14 18:42:26
1579,CUST_131,PROD_15,5,2026-01-08 04:52:36
1580,CUST_117,PROD_81,1,2026-01-06 14:52:44
1581,CUST_481,PROD_22,1,2026-01-09 10:23:18
1582,CUST_34,PROD_40,1,2026-01-12 08:53:08
1583,CUST_141,PROD_20,4,2026-01-13 04:25:51
1584,CUST_438,PROD_52,2,2026-01-17 14:03:47
1585,CUST_481,PROD_54,4,2026-01-10 11:20:30
1586,CUST_186,PROD_45,1,2026-01-14 11:55:32
1587,CUST_442,PROD_83,1,2026-01-19 19:33:57
1588,CUST_24,PROD_57,5,2026-01-13 03:46:26
1589,CUST_310,PROD_67,3,2026-01-02 19:37:57
1590,CUST_331,PROD_24,2,2026-01-10 23:12:36
1591,CUST_217,PROD_81,3,2026-01-19 19:14:48
1592,CUST_227,PROD_100,2,2026-01-10 09:21:20
1593,CUST_10,PROD_41,2,2026-01-19 01:43:01
1594,CUST_106,PROD_40,2,2026-01-22 00:27:44
1595,CUST_237,PROD_54,3,2026-01-06 02:19:39
1596,CUST_490,PROD_33,1,2025-12-30 09:32:56
1597,CUST_36,PROD_85,2,2026-01-09 17:41:39
1598,CUST_451,PROD_74,3,2026-01-08 19:28:10
1599,CUST_63,PROD_93,2,2026-01-03 15:12:17
1600,CUST_185,PROD_22,1,2026-01-08 13:02:01
1601,CUST_61,PROD_23,4,2026-01-06 10:39:02
1602,CUST_364,PROD_95,3,2026-01-02 15:08:40
1603,CUST_334,PROD_65,1,2026-01-08 05:15:52
1604,CUST_92,PROD_22,1,2026-01-02 21:06:27
1605,CUST_19,PROD_37,1,2026-01-04 19:36:38
1606,CUST_477,PROD_60,4,2026-01-09 16:59:57
1607,CUST_313,PROD_34,2,2026-01-13 18:10:19
1608,CUST_163,PROD_31,5,2026-01-23 09:33:44
1609,CUST_128,PROD_60,1,2026-01-10 11:09:05
1610,CUST_57,PROD_80,5,2026-01-20 14:30:30
1611,CUST_61,PROD_63,2,2026-01-17 12:26:58
1612,CUST_352,PROD_83,5,2026-01-21 13:34:23
1613,CUST_50,PROD_24,4,2026-01-08 10:14:02
1614,CUST_462,PROD_100,3,2026-01-19 15:21:07
1615,CUST_452,PROD_72,3,2026-01-27 18:08:08
1616,CUST_60,PROD_30,3,2025-12-30 16:02:10
1617,CUST_338,PROD_39,2,2026-01-25 10:08:42
1618,CUST_81,PROD_16,4,2026-01-07 07:23:28
1619,CUST_349,PROD_52,1,2026-01-17 03:34:02
1620,CUST_342,PROD_32,2,2026-01-16 10:42:51
1621,CUST_329,PROD_26,5,2025-12-31 16:24:08
1622,CUST_260,PROD_97,1,2026-01-21 11:51:07
1623,CUST_293,PROD_57,5,2026-01-09 18:12:22
1624,CUST_462,PROD_77,2,2026-01-02 05:26:55
1625,CUST_86,PROD_82,1,2026-01-21 05:54:38
1626,CUST_408,PROD_47,5,2026-01-02 23:59:55
1627,CUST_467,PROD_1,2,2025-12-30 03:05:47
1628,CUST_117,PROD_57,3,2026-01-13 11:12:03
1629,CUST_471,PROD_40,2,2026-01-12 17:26:39
1630,CUST_229,PROD_53,4,2026-01-05 04:06:07
1631,CUST_10,PROD_4,2,2026-01-02 12:07:59
1632,CUST_120,PROD_20,5,2026-01-21 11:59:24
1633,CUST_13,PROD_45,1,2026-01-09 15:55:16
1634,CUST_87,PROD_3,1,2026-01-19 12:06:44
1635,CUST_157,PROD_32,1,2026-01-21 14:46:57
1636,CUST_328,PROD_93,2,2026-01-07 00:18:36
1637,CUST_421,PROD_56,4,2026-01-07 04:10:33
1638,CUST_452,PROD_74,5,2026-01-26 09:46:19
1639,CUST_406,PROD_55,2,2026-01-18 01:03:23
1640,CUST_280,PROD_66,3,2026-01-16 02:07:55
1641,CUST_450,PROD_88,4,2026-01-26 06:29:54
1642,CUST_331,PROD_66,4,2026-01-21 13:53:08
1643,CUST_205,PROD_85,2,2026-01-09 14:07:15
1644,CUST_491,PROD_36,2,2025-12-30 11:58:07
1645,CUST_211,PROD_68,2,2025-12-30 16:39:37
1646,CUST_168,PROD_98,3,2026-01-20 20:29:31
1647,CUST_408,PROD_74,4,2026-01-27 16:00:11
1648,CUST_358,PROD_49,2,2026-01-07 11:44:55
1649,CUST_394,PROD_25,3,2026-01-02 07:16:15
1650,CUST_254,PROD_18,3,2026-01-21 02:42:36
1651,CUST_291,PROD_82,2,2026-01-27 03:22:29
1652,CUST_240,PROD_86,5,2026-01-09 17:43:23
1653,CUST_449,PROD_51,5,2026-01-01 03:11:10
1654,CUST_461,PROD_1,4,2026-01-18 06:35:22
1655,CUST_263,PROD_91,5,2026-01-18 01:23:46
1656,CUST_109,PROD_11,5,2026-01-23 03:02:25
1657,CUST_183,PROD_10,2,2026-01-26 18:47:17
1658,CUST_310,PROD_89,3,2025-12-30 07:21:09
1659,CUST_386,PROD_15,1,2026-01-22 11:31:34
1660,CUST_222,PROD_100,3,2026-01-03 00:28:55
1661,CUST_244,PROD_83,2,2026-01-22 03:23:43
1662,CUST_430,PROD_81,2,2026-01-21 10:15:50
1663,CUST_239,PROD_84,2,2026-01-23 04:46:05
1664,CUST_268,PROD_11,2,2026-01-12 22:11:49
1665,CUST_485,PROD_92,2,2026-01-13 19:57:19
1666,CUST_42,PROD_15,1,2026-01-13 07:49:14
1667,CUST_45,PROD_2,5,2026-01-25 07:56:23
1668,CUST_148,PROD_52,4,2026-01-23 14:27:48
1669,CUST_156,PROD_91,4,2026-01-12 01:36:39
1670,CUST_470,PROD_79,1,2026-01-08 13:20:57
1671,CUST_116,PROD_81,1,2026-01-07 15:07:07
1672,CUST_249,PROD_82,4,2026-01-27 17:13:40
1673,CUST_327,PROD_54,4,2025-12-29 17:49:39
1674,CUST_426,PROD_6,1,2026-01-21 23:52:42
1675,CUST_220,PROD_74,1,2026-01-19 02:21:37
1676,CUST_21,PROD_93,4,2026-01-10 10:59:31
1677,CUST_140,PROD_14,2,2026-01-08 15:45:50
1678,CUST_424,PROD_35,2,2025-12-29 19:38:27
1679,CUST_468,PROD_42,5,2026-01-11 00:49:58
1680,CUST_110,PROD_39,5,2026-01-24 23:40:18
1681,CUST_250,PROD_79,1,2026-01-09 04:55:01
1682,CUST_366,PROD_59,3,2026-01-26 09:01:54
1683,CUST_17,PROD_38,5,2025-12-31 09:24:34
1684,CUST_335,PROD_12,5,2026-01-06 18:04:54
1685,CUST_101,PROD_40,5,2026-01-05 23:09:31
1686,CUST_285,PROD_31,4,2026-01-17 10:17:43
1687,CUST_295,PROD_93,1,2026-01-22 02:37:39
1688,CUST_242,PROD_68,2,2026-01-15 11:28:50
1689,CUST_429,PROD_63,5,2026-01-13 02:53:35
1690,CUST_463,PROD_81,5,2026-01-13 07:12:17
1691,CUST_353,PROD_58,2,2026-01-25 23:29:24
1692,CUST_130,PROD_73,4,2026-01-13 15:44:39
1693,CUST_26,PROD_68,4,2026-01-04 03:52:12
1694,CUST_344,PROD_59,2,2025-12-31 19:21:57
1695,CUST_115,PROD_72,4,2026-01-18 06:54:01
1696,CUST_276,PROD_13,5,2026-01-11 11:30:53
1697,CUST_280,PROD_37,1,2026-01-13 00:41:55
1698,CUST_154,PROD_51,5,2026-01-09 22:36:14
1699,CUST_213,PROD_60,2,2026-01-25 14:23:26
1700,CUST_10,PROD_73,3,2026-01-15 01:00:39
1701,CUST_427,PROD_54,4,2025-12-31 04:53:12
1702,CUST_145,PROD_80,2,2026-01-24 02:16:45
1703,CUST_395,PROD_76,4,2026-01-10 08:33:52
1704,CUST_122,PROD_48,3,2025-12-30 08:48:56
1705,CUST_404,PROD_91,4,2026-01-01 12:03:12
1706,CUST_384,PROD_17,1,2025-12-29 01:32:27
1707,CUST_436,PROD_48,2,2025-12-31 23:40:13
1708,CUST_207,PROD_15,3,2025-12-29 08:13:47
1709,CUST_278,PROD_18,3,2026-01-23 03:02:22
1710,CUST_347,PROD_42,3,2026-01-04 15:46:22
1711,CUST_43,PROD_9,2,2026-01-18 20:20:07
1712,CUST_416,PROD_63,2,2026-01-10 22:34:53
1713,CUST_354,PROD_94,5,2026-01-17 15:33:30
1714,CUST_232,PROD_72,3,2026-01-17 18:55:21
1715,CUST_167,PROD_25,2,2025-12-29 02:11:27
1716,CUST_263,PROD_99,5,2026-01-16 04:59:15
1717,CUST_155,PROD_30,3,2026-01-08 03:44:48
1718,CUST_208,PROD_34,2,2025-12-29 06:16:27
1719,CUST_295,PROD_57,2,2026-01-15 15:16:01
1720,CUST_53,PROD_80,5,2026-01-03 01:22:12
1721,CUST_420,PROD_58,3,2026-01-01 17:44:00
1722,CUST_229,PROD_18,2,2026-01-25 00:07:28
1723,CUST_281,PROD_72,3,2025-12-29 13:37:25
1724,CUST_213,PROD_91,3,2026-01-21 20:30:40
1725,CUST_358,PROD_25,1,2026-01-02 03:04:03
1726,CUST_388,PROD_25,3,2026-01-17 17:03:49
1727,CUST_39,PROD_47,5,2026-01-01 15:11:09
1728,CUST_281,PROD_11,2,2025-12-31 12:27:20
1729,CUST_2,PROD_2,5,2026-01-10 00:22:07
1730,CUST_303,PROD_71,4,2026-01-23 18:01:09
1731,CUST_298,PROD_52,5,2026-01-17 17:07:49
1732,CUST_228,PROD_85,5,2026-01-10 02:23:23
1733,CUST_102,PROD_31,4,2026-01-20 10:58:36
1734,CUST_432,PROD_12,1,2025-12-29 03:43:36
1735,CUST_499,PROD_32,2,2026-01-23 22:03:18
1736,CUST_449,PROD_33,2,2026-01-07 21:55:32
1737,CUST_32,PROD_8,1,2026-01-03 15:26:01
1738,CUST_164,PROD_3,2,2026-01-07 09:00:15
1739,CUST_499,PROD_90,3,2026-01-22 22:13:16
1740,CUST_184,PROD_58,3,2025-12-29 10:36:32
1741,CUST_215,PROD_1,5,2026-01-10 09:57:21
1742,CUST_264,PROD_85,1,2026-01-16 18:26:17
1743,CUST_396,PROD_69,1,2026-01-13 16:32:29
1744,CUST_354,PROD_44,4,2026-01-17 23:16:43
1745,CUST_238,PROD_42,2,2026-01-10 22:15:48
1746,CUST_447,PROD_57,3,2026-01-05 19:01:46
1747,CUST_389,PROD_19,1,2026-01-15 13:48:11
1748,CUST_58,PROD_16,2,2026-01-22 02:33:45
1749,CUST_456,PROD_46,2,2026-01-12 19:11:15
1750,CUST_446,PROD_41,1,2026-01-10 00:07:26
1751,CUST_446,PROD_1,4,2026-01-24 04:32:25
1752,CUST_118,PROD_2,2,2026-01-22 01:23:17
1753,CUST_181,PROD_15,5,2025-12-29 12:33:31
1754,CUST_80,PROD_5,3,2026-01-18 05:53:26
1755,CUST_403,PROD_90,4,2026-01-10 23:52:41
1756,CUST_306,PROD_85,4,2026-01-26 10:53:25
1757,CUST_452,PROD_72,3,2026-01-20 16:58:29
1758,CUST_95,PROD_100,1,2026-01-05 22:53:28
1759,CUST_393,PROD_100,2,2026-01-04 08:33:31
1760,CUST_463,PROD_43,4,2026-01-07 15:52:48
1761,CUST_147,PROD_4,1,2026-01-11 09:16:41
1762,CUST_442,PROD_19,3,2026-01-04 21:50:31
1763,CUST_427,PROD_93,1,2026-01-05 07:01:03
1764,CUST_293,PROD_94,4,2026-01-24 05:50:56
1765,CUST_486,PROD_67,1,2026-01-04 12:03:28
1766,CUST_353,PROD_80,3,2026-01-22 16:08:23
1767,CUST_370,PROD_26,3,2025-12-29 02:29:27
1768,CUST_320,PROD_65,5,2026-01-03 20:23:28
1769,CUST_444,PROD_43,2,2025-12-30 00:30:20
1770,CUST_327,PROD_12,3,2026-01-20 02:57:49
1771,CUST_82,PROD_72,3,2026-01-12 13:26:30
1772,CUST_115,PROD_44,5,2026-01-14 11:34:40
1773,CUST_376,PROD_10,3,2026-01-11 15:53:12
1774,CUST_315,PROD_85,3,2026-01-26 01:58:47
1775,CUST_298,PROD_70,3,2026-01-06 15:26:31
1776,CUST_72,PROD_31,3,2026-01-26 17:12:31
1777,CUST_26,PROD_22,3,2026-01-15 05:50:51
1778,CUST_56,PROD_77,3,2026-01-21 21:03:12
1779,CUST_374,PROD_99,2,2026-01-25 15:48:05
1780,CUST_380,PROD_15,3,2026-01-06 13:06:44
1781,CUST_170,PROD_94,2,2026-01-19 10:50:40
1782,CUST_437,PROD_87,5,2026-01-27 09:12:47
1783,CUST_147,PROD_94,5,2025-12-30 23:53:58
1784,CUST_34,PROD_61,4,2026-01-02 13:47:44
1785,CUST_256,PROD_28,4,2026-01-19 12:37:32
1786,CUST_465,PROD_51,4,2026-01-20 04:44:13
1787,CUST_203,PROD_90,4,2026-01-10 11:26:09
1788,CUST_215,PROD_6,4,2025-12-28 19:12:37
1789,CUST_193,PROD_23,3,2025-12-30 05:49:59
1790,CUST_450,PROD_59,4,2026-01-14 05:28:19
1791,CUST_430,PROD_100,2,2026-01-13 00:03:44
1792,CUST_307,PROD_82,4,2026-01-11 08:38:57
1793,CUST_252,PROD_73,2,2026-01-08 22:16:11
1794,CUST_232,PROD_88,4,2026-01-11 12:52:55
1795,CUST_349,PROD_29,1,2026-01-05 02:05:40
1796,CUST_2,PROD_66,5,2025-12-31 12:28:34
1797,CUST_391,PROD_49,4,2026-01-10 03:50:39
1798,CUST_27,PROD_19,2,2025-12-30 21:07:31
1799,CUST_23,PROD_99,3,2026-01-08 21:41:10
1800,CUST_194,PROD_10,2,2026-01-26 16:38:37
1801,CUST_271,PROD_39,3,2026-01-19 05:44:41
1802,CUST_197,PROD_31,4,2026-01-14 22:42:51
1803,CUST_166,PROD_3,3,2026-01-02 02:37:39
1804,CUST_363,PROD_75,5,2026-01-20 14:46:46
1805,CUST_387,PROD_99,5,2026-01-03 00:50:55
1806,CUST_25,PROD_62,3,2026-01-01 06:44:23
1807,CUST_130,PROD_81,1,2026-01-07 03:46:26
1808,CUST_343,PROD_30,5,2026-01-19 09:22:56
1809,CUST_417,PROD_5,3,2026-01-06 12:14:35
1810,CUST_499,PROD_43,1,2026-01-17 05:08:20
1811,CUST_316,PROD_43,5,2026-01-11 10:21:51
1812,CUST_120,PROD_75,1,2026-01-04 21:47:23
1813,CUST_310,PROD_27,1,2026-01-22 22:36:38
1814,CUST_3,PROD_26,5,2026-01-12 10:11:42
1815,CUST_128,PROD_52,3,2026-01-09 07:49:52
1816,CUST_351,PROD_60,1,2026-01-21 13:09:30
1817,CUST_114,PROD_76,4,2026-01-09 16:49:14
1818,CUST_248,PROD_94,1,2026-01-17 14:40:28
1819,CUST_111,PROD_76,3,2026-01-09 03:59:47
1820,CUST_393,PROD_60,5,2026-01-23 06:40:12
1821,CUST_298,PROD_1,1,2026-01-22 23:06:57
1822,CUST_178,PROD_88,3,2026-01-24 22:43:05
1823,CUST_492,PROD_64,5,2026-01-04 14:13:18
1824,CUST_49,PROD_74,5,2026-01-03 16:36:37
1825,CUST_443,PROD_78,2,2026-01-07 00:48:43
1826,CUST_413,PROD_63,1,2026-01-09 19:55:06
1827,CUST_362,PROD_69,2,2026-01-21 03:11:06
1828,CUST_389,PROD_96,4,2025-12-29 00:33:12
1829,CUST_57,PROD_66,2,2026-01-21 08:29:46
1830,CUST_209,PROD_80,2,2026-01-21 19:15:12
1831,CUST_455,PROD_54,2,2026-01-04 20:00:30
1832,CUST_298,PROD_23,1,2026-01-17 15:43:15
1833,CUST_466,PROD_6,3,2026-01-13 05:43:55
1834,CUST_315,PROD_44,5,2025-12-29 02:15:01
1835,CUST_272,PROD_47,5,2026-01-27 00:45:57
1836,CUST_160,PROD_81,1,2026-01-14 14:42:31
1837,CUST_185,PROD_75,4,2026-01-05 07:08:47
1838,CUST_415,PROD_49,5,2026-01-20 15:29:49
1839,CUST_250,PROD_19,5,2026-01-20 12:39:06
1840,CUST_106,PROD_76,3,2026-01-23 11:11:08
1841,CUST_66,PROD_37,5,2025-12-30 06:39:16
1842,CUST_227,PROD_40,1,2026-01-01 07:06:52
1843,CUST_31,PROD_35,5,2026-01-23 04:35:05
1844,CUST_32,PROD_48,4,2026-01-19 12:16:30
1845,CUST_48,PROD_93,2,2026-01-10 18:05:40
1846,CUST_224,PROD_38,3,2026-01-18 08:27:53
1847,CUST_222,PROD_10,2,2026-01-13 19:10:19
1848,CUST_208,PROD_53,5,2026-01-11 23:24:32
1849,CUST_294,PROD_48,1,2026-01-26 20:49:49
1850,CUST_175,PROD_64,2,2026-01-20 13:30:05
1851,CUST_117,PROD_55,1,2026-01-15 18:37:11
1852,CUST_151,PROD_60,3,2026-01-01 22:08:38
1853,CUST_183,PROD_10,5,2026-01-16 06:10:32
1854,CUST_329,PROD_74,1,2025-12-28 22:14:15
1855,CUST_165,PROD_91,5,2026-01-07 17:15:13
1856,CUST_489,PROD_77,3,2026-01-11 03:59:00
1857,CUST_156,PROD_35,5,2026-01-01 23:42:06
1858,CUST_337,PROD_100,2,2026-01-16 05:52:57
1859,CUST_7,PROD_27,5,2025-12-31 21:06:32
1860,CUST_344,PROD_48,2,2026-01-22 20:00:21
1861,CUST_172,PROD_95,5,2026-01-25 02:48:29
1862,CUST_280,PROD_58,5,2026-01-08 00:02:43
1863,CUST_182,PROD_93,5,2026-01-26 07:08:16
1864,CUST_415,PROD_49,4,2026-01-25 00:46:44
1865,CUST_116,PROD_31,2,2026-01-21 06:10:11
1866,CUST_13,PROD_13,1,2026-01-17 17:21:39
1867,CUST_90,PROD_41,5,2026-01-14 13:41:01
1868,CUST_424,PROD_26,2,2026-01-14 05:49:26
1869,CUST_336,PROD_36,1,2026-01-13 20:33:39
1870,CUST_305,PROD_13,3,2026-01-14 23:37:43
1871,CUST_72,PROD_7,5,2026-01-01 14:09:23
1872,CUST_93,PROD_100,5,2026-01-27 02:33:34
1873,CUST_305,PROD_16,4,2026-01-12 04:41:51
1874,CUST_248,PROD_68,2,2026-01-25 07:08:07
1875,CUST_56,PROD_57,2,2026-01-02 13:59:19
1876,CUST_199,PROD_100,4,2026-01-09 02:47:25
1877,CUST_295,PROD_17,3,2026-01-08 08:18:28
1878,CUST_62,PROD_24,5,2026-01-06 09:02:32
1879,CUST_191,PROD_76,1,2026-01-24 02:34:01
1880,CUST_87,PROD_13,3,2026-01-19 01:43:30
1881,CUST_256,PROD_41,2,2026-01-07 09:20:48
1882,CUST_155,PROD_86,1,2026-01-20 13:51:52
1883,CUST_210,PROD_94,5,2026-01-15 03:24:14
1884,CUST_396,PROD_36,2,2026-01-05 07:35:24
1885,CUST_5,PROD_14,5,2025-12-31 03:07:34
1886,CUST_358,PROD_47,1,2026-01-27 17:46:02
1887,CUST_423,PROD_61,4,2026-01-19 18:01:16
1888,CUST_266,PROD_87,2,2026-01-19 13:32:45
1889,CUST_270,PROD_26,2,2026-01-08 17:04:37
1890,CUST_428,PROD_56,1,2025-12-31 23:14:30
1891,CUST_494,PROD_71,4,2025-12-31 18:32:17
1892,CUST_494,PROD_36,4,2026-01-05 21:52:13
1893,CUST_441,PROD_37,2,2026-01-07 00:23:10
1894,CUST_319,PROD_80,1,2026-01-04 17:50:31
1895,CUST_476,PROD_64,5,2026-01-12 16:14:12
1896,CUST_182,PROD_87,2,2026-01-12 07:19:32
1897,CUST_7,PROD_11,1,2026-01-15 10:50:33
1898,CUST_110,PROD_6,3,2026-01-05 18:35:46
1899,CUST_462,PROD_27,3,2026-01-23 01:32:07
1900,CUST_349,PROD_19,1,2026-01-04 09:05:20
1901,CUST_170,PROD_70,2,2026-01-16 15:35:17
1902,CUST_189,PROD_46,2,2026-01-17 20:31:53
1903,CUST_47,PROD_12,1,2026-01-08 12:35:00
1904,CUST_329,PROD_15,4,2026-01-26 02:13:45
1905,CUST_198,PROD_28,3,2026-01-25 03:18:59
1906,CUST_482,PROD_67,1,2026-01-17 14:14:45
1907,CUST_104,PROD_46,1,2026-01-22 23:50:19
1908,CUST_38,PROD_30,5,2026-01-12 16:01:35
1909,CUST_214,PROD_33,4,2026-01-08 02:24:46
1910,CUST_59,PROD_5,1,2026-01-26 20:51:33
1911,CUST_174,PROD_73,5,2026-01-15 11:30:20
1912,CUST_42,PROD_40,1,2025-12-31 21:23:07
1913,CUST_147,PROD_23,4,2026-01-21 18:33:55
1914,CUST_495,PROD_75,4,2026-01-02 00:36:38
1915,CUST_491,PROD_48,2,2026-01-20 15:53:06
1916,CUST_118,PROD_79,5,2026-01-19 17:42:43
1917,CUST_404,PROD_91,1,2026-01-05 22:16:31
1918,CUST_405,PROD_87,4,2026-01-04 19:31:10
1919,CUST_46,PROD_81,1,2026-01-23 02:12:29
1920,CUST_79,PROD_68,5,2026-01-23 11:05:59
1921,CUST_87,PROD_37,2,2026-01-26 05:13:08
1922,CUST_225,PROD_77,2,2026-01-27 08:16:30
1923,CUST_406,PROD_5,5,2026-01-26 09:26:07
1924,CUST_450,PROD_88,1,2026-01-01 15:12:39
1925,CUST_208,PROD_83,5,2026-01-24 21:34:14
1926,CUST_337,PROD_29,4,2026-01-22 19:28:49
1927,CUST_299,PROD_64,5,2026-01-24 21:53:10
1928,CUST_184,PROD_70,2,2025-12-30 13:33:55
1929,CUST_494,PROD_86,4,2025-12-31 01:51:28
1930,CUST_284,PROD_49,5,2026-01-20 08:53:11
1931,CUST_236,PROD_56,1,2026-01-26 10:26:30
1932,CUST_65,PROD_64,2,2026-01-06 09:42:12
1933,CUST_379,PROD_13,1,2026-01-25 22:46:09
1934,CUST_464,PROD_39,4,2026-01-07 09:34:12
1935,CUST_361,PROD_16,4,2026-01-07 12:38:09
1936,CUST_443,PROD_69,3,2026-01-22 06:03:24
1937,CUST_130,PROD_39,1,2026-01-25 17:28:19
1938,CUST_449,PROD_77,1,2026-01-13 18:07:27
1939,CUST_346,PROD_15,1,2025-12-30 12:36:12
1940,CUST_45,PROD_40,2,2026-01-03 08:28:48
1941,CUST_45,PROD_61,4,2026-01-02 22:11:17
1942,CUST_322,PROD_47,5,2026-01-23 09:42:51
1943,CUST_142,PROD_50,3,2026-01-27 10:58:46
1944,CUST_381,PROD_24,4,2026-01-09 02:11:40
1945,CUST_294,PROD_28,2,2026-01-10 14:55:19
1946,CUST_302,PROD_8,1,2026-01-09 21:09:40
1947,CUST_67,PROD_91,3,2026-01-22 15:05:06
1948,CUST_272,PROD_77,3,2026-01-17 06:59:53
1949,CUST_69,PROD_25,1,2026-01-14 05:35:17
1950,CUST_95,PROD_78,4,2026-01-07 02:54:11
1951,CUST_88,PROD_67,4,2026-01-12 10:49:39
1952,CUST_169,PROD_3,3,2026-01-21 16:14:35
1953,CUST_456,PROD_14,5,2026-01-02 06:19:56
1954,CUST_400,PROD_21,3,2026-01-21 11:19:40
1955,CUST_48,PROD_6,1,2026-01-11 07:45:05
1956,CUST_418,PROD_54,3,2026-01-12 03:10:49
1957,CUST_379,PROD_34,1,2026-01-12 04:31:13
1958,CUST_118,PROD_25,5,2026-01-20 09:32:00
1959,CUST_499,PROD_10,4,2026-01-02 04:51:26
1960,CUST_340,PROD_97,3,2026-01-25 03:21:59
1961,CUST_259,PROD_23,2,2026-01-09 02:30:14
1962,CUST_199,PROD_48,2,2026-01-01 07:34:32
1963,CUST_281,PROD_60,3,2026-01-17 07:23:47
1964,CUST_320,PROD_36,5,2026-01-19 07:39:43
1965,CUST_136,PROD_51,1,2026-01-02 07:37:39
1966,CUST_347,PROD_9,1,2026-01-08 12:08:30
1967,CUST_421,PROD_57,5,2026-01-25 20:59:59
1968,CUST_153,PROD_12,4,2026-01-08 06:23:56
1969,CUST_106,PROD_79,3,2026-01-12 00:45:59
1970,CUST_496,PROD_84,1,2026-01-25 21:47:03
1971,CUST_304,PROD_98,1,2026-01-18 01:11:48
1972,CUST_185,PROD_82,3,2026-01-12 15:11:35
1973,CUST_241,PROD_62,3,2026-01-04 08:16:03
1974,CUST_49,PROD_86,3,2026-01-25 12:57:26
1975,CUST_60,PROD_11,5,2026-01-15 02:43:18
1976,CUST_388,PROD_34,4,2026-01-03 03:59:18
1977,CUST_308,PROD_94,5,2026-01-17 02:44:09
1978,CUST_479,PROD_35,3,2026-01-23 06:56:03
1979,CUST_309,PROD_88,1,2026-01-05 04:41:59
1980,CUST_111,PROD_28,5,2026-01-04 11:54:57
1981,CUST_278,PROD_70,5,2026-01-12 17:56:00
1982,CUST_46,PROD_16,4,2026-01-12 23:35:32
1983,CUST_105,PROD_25,3,2026-01-07 19:51:17
1984,CUST_59,PROD_5,3,2025-12-31 11:07:26
1985,CUST_208,PROD_2,1,2026-01-05 15:02:58
1986,CUST_281,PROD_16,4,2026-01-07 05:07:11
1987,CUST_342,PROD_6,5,2026-01-01 01:28:43
1988,CUST_234,PROD_17,5,2026-01-11 11:50:56
1989,CUST_185,PROD_63,3,2026-01-20 12:45:40
1990,CUST_110,PROD_24,4,2026-01-09 11:07:01
1991,CUST_460,PROD_39,3,2026-01-17 15:16:32
1992,CUST_335,PROD_62,5,2026-01-11 16:13:21
1993,CUST_69,PROD_53,4,2026-01-20 18:15:23
1994,CUST_167,PROD_51,2,2026-01-25 11:07:35
1995,CUST_187,PROD_45,2,2026-01-15 12:41:30
1996,CUST_76,PROD_54,5,2026-01-27 06:17:53
1997,CUST_264,PROD_67,4,2026-01-24 07:25:34
1998,CUST_288,PROD_98,4,2026-01-17 21:06:04
1999,CUST_359,PROD_75,4,2026-01-27 12:16:31
2000,CUST_168,PROD_86,2,2026-01-08 08:17:04
2001,CUST_9,PROD_57,3,2026-01-11 08:52:33
2002,CUST_88,PROD_13,2,2026-01-20 07:04:56
2003,CUST_279,PROD_34,2,2026-01-21 17:22:30
2004,CUST_81,PROD_37,5,2026-01-25 22:54:16
2005,CUST_4,PROD_2,2,2026-01-22 11:51:47
2006,CUST_28,PROD_43,3,2026-01-13 19:18:12
2007,CUST_252,PROD_49,5,2026-01-20 13:25:33
2008,CUST_160,PROD_18,2,2026-01-13 01:04:32
2009,CUST_165,PROD_38,4,2026-01-23 06:06:56
2010,CUST_389,PROD_19,5,2026-01-03 14:39:16
2011,CUST_120,PROD_30,2,2026-01-10 02:11:29
2012,CUST_405,PROD_93,4,2026-01-18 08:06:16
2013,CUST_80,PROD_32,4,2026-01-19 14:44:01
2014,CUST_240,PROD_65,5,2026-01-18 02:50:07
2015,CUST_301,PROD_5,3,2026-01-26 00:34:27
2016,CUST_97,PROD_80,4,2025-12-30 03:37:34
2017,CUST_229,PROD_27,3,2026-01-04 08:15:28
2018,CUST_342,PROD_94,1,2026-01-10 23:01:25
2019,CUST_111,PROD_3,1,2026-01-12 18:45:19
2020,CUST_88,PROD_50,4,2025-12-31 12:25:34
2021,CUST_74,PROD_31,2,2026-01-02 10:58:22
2022,CUST_63,PROD_23,5,2026-01-03 22:29:47
2023,CUST_446,PROD_58,1,2026-01-12 20:14:59
2024,CUST_429,PROD_87,3,2025-12-29 00:38:19
2025,CUST_26,PROD_78,4,2026-01-10 19:12:54
2026,CUST_286,PROD_84,5,2026-01-05 12:42:02
2027,CUST_241,PROD_39,1,2026-01-04 21:49:36
2028,CUST_270,PROD_84,1,2026-01-08 01:59:05
2029,CUST_189,PROD_30,2,2026-01-19 17:45:50
2030,CUST_31,PROD_45,5,2026-01-07 17:06:29
2031,CUST_420,PROD_36,3,2026-01-18 12:25:50
2032,CUST_472,PROD_67,2,2026-01-04 23:05:04
2033,CUST_107,PROD_27,4,2026-01-12 23:46:09
2034,CUST_397,PROD_82,1,2026-01-25 07:15:49
2035,CUST_85,PROD_94,1,2026-01-08 10:05:18
2036,CUST_43,PROD_97,2,2026-01-05 09:29:13
2037,CUST_14,PROD_59,2,2026-01-07 19:51:50
2038,CUST_316,PROD_89,3,2026-01-24 00:03:25
2039,CUST_259,PROD_68,3,2026-01-08 02:21:33
2040,CUST_334,PROD_15,2,2026-01-16 20:24:02
2041,CUST_22,PROD_25,4,2026-01-23 00:50:46
2042,CUST_106,PROD_10,4,2026-01-01 18:56:16
2043,CUST_164,PROD_25,1,2026-01-20 18:13:20
2044,CUST_202,PROD_46,4,2025-12-29 04:24:33
2045,CUST_302,PROD_10,4,2026-01-23 23:08:06
2046,CUST_85,PROD_8,4,2026-01-22 05:03:54
2047,CUST_490,PROD_94,2,2026-01-24 22:55:54
2048,CUST_334,PROD_24,1,2026-01-26 16:35:15
2049,CUST_363,PROD_80,4,2026-01-10 07:00:40
2050,CUST_214,PROD_54,4,2026-01-26 16:09:39
2051,CUST_397,PROD_52,5,2026-01-26 06:39:33
2052,CUST_66,PROD_12,3,2026-01-23 20:37:07
2053,CUST_189,PROD_11,5,2026-01-16 05:51:23
2054,CUST_175,PROD_59,5,2026-01-24 19:50:39
2055,CUST_248,PROD_99,5,2026-01-24 10:37:46
2056,CUST_388,PROD_52,3,2026-01-25 14:34:20
2057,CUST_157,PROD_24,3,2026-01-07 20:32:16
2058,CUST_329,PROD_94,3,2026-01-12 05:52:20
2059,CUST_323,PROD_48,5,2026-01-05 15:55:54
2060,CUST_254,PROD_5,4,2026-01-17 14:06:41
2061,CUST_245,PROD_36,1,2026-01-03 22:50:07
2062,CUST_270,PROD_35,4,2026-01-04 04:14:47
2063,CUST_479,PROD_91,5,2026-01-16 15:27:20
2064,CUST_392,PROD_52,1,2026-01-02 22:31:23
2065,CUST_359,PROD_53,3,2026-01-18 02:12:40
2066,CUST_48,PROD_89,1,2026-01-16 05:47:01
2067,CUST_75,PROD_97,4,2026-01-23 21:07:58
2068,CUST_17,PROD_34,3,2026-01-20 19:27:29
2069,CUST_264,PROD_32,4,2026-01-17 07:25:40
2070,CUST_488,PROD_100,2,2026-01-14 16:07:11
2071,CUST_68,PROD_10,2,2025-12-30 11:12:01
2072,CUST_187,PROD_91,5,2026-01-11 06:31:52
2073,CUST_45,PROD_68,4,2026-01-09 16:53:39
2074,CUST_126,PROD_93,4,2026-01-09 19:15:12
2075,CUST_453,PROD_83,4,2026-01-05 04:49:15
2076,CUST_59,PROD_86,3,2026-01-08 15:00:41
2077,CUST_435,PROD_30,5,2025-12-29 14:51:15
2078,CUST_219,PROD_4,1,2026-01-05 02:35:57
2079,CUST_375,PROD_39,5,2025-12-31 06:34:41
2080,CUST_81,PROD_22,5,2025-12-31 16:17:32
2081,CUST_257,PROD_40,1,2026-01-01 23:52:53
2082,CUST_424,PROD_46,4,2025-12-29 01:52:08
2083,CUST_218,PROD_20,1,2026-01-09 20:31:42
2084,CUST_144,PROD_9,3,2026-01-24 07:51:15
2085,CUST_416,PROD_40,4,2026-01-04 00:46:10
2086,CUST_420,PROD_67,3,2026-01-19 06:43:49
2087,CUST_177,PROD_90,3,2026-01-20 04:58:50
2088,CUST_238,PROD_45,4,2026-01-02 21:29:40
2089,CUST_462,PROD_5,1,2026-01-23 16:39:11
2090,CUST_371,PROD_95,4,2025-12-30 04:19:22
2091,CUST_464,PROD_65,2,2025-12-29 21:51:38
2092,CUST_497,PROD_88,1,2026-01-09 06:28:01
2093,CUST_335,PROD_71,3,2026-01-07 14:39:46
2094,CUST_91,PROD_11,5,2026-01-21 17:36:23
2095,CUST_424,PROD_72,4,2026-01-21 06:53:06
2096,CUST_56,PROD_47,2,2026-01-04 20:42:28
2097,CUST_385,PROD_94,3,2026-01-19 05:40:46
2098,CUST_418,PROD_47,2,2025-12-31 00:36:48
2099,CUST_283,PROD_3,2,2026-01-21 08:03:27
2100,CUST_91,PROD_95,2,2026-01-10 09:01:40
2101,CUST_448,PROD_27,2,2026-01-11 21:55:07
2102,CUST_432,PROD_65,5,2026-01-17 04:38:18
2103,CUST_74,PROD_36,3,2026-01-13 08:02:59
2104,CUST_454,PROD_100,2,2026-01-08 23:10:58
2105,CUST_20,PROD_19,4,2026-01-12 05:38:08
2106,CUST_348,PROD_73,5,2026-01-22 22:13:00
2107,CUST_113,PROD_12,5,2026-01-02 06:37:38
2108,CUST_271,PROD_22,1,2026-01-11 08:07:31
2109,CUST_137,PROD_60,2,2025-12-28 19:22:28
2110,CUST_69,PROD_40,3,2026-01-21 04:10:41
2111,CUST_122,PROD_22,4,2026-01-21 11:17:38
2112,CUST_61,PROD_49,5,2026-01-21 18:48:18
2113,CUST_68,PROD_85,2,2026-01-24 01:15:59
2114,CUST_192,PROD_4,3,2026-01-16 16:34:39
2115,CUST_31,PROD_74,5,2026-01-09 11:12:35
2116,CUST_227,PROD_17,5,2026-01-17 14:55:14
2117,CUST_293,PROD_76,5,2026-01-08 18:35:42
2118,CUST_253,PROD_93,3,2026-01-14 21:48:44
2119,CUST_302,PROD_37,1,2026-01-22 05:26:17
2120,CUST_273,PROD_40,2,2026-01-26 10:17:06
2121,CUST_243,PROD_100,5,2026-01-02 03:55:00
2122,CUST_249,PROD_44,5,2025-12-29 17:01:48
2123,CUST_222,PROD_19,5,2026-01-06 01:33:31
2124,CUST_232,PROD_56,1,2026-01-07 17:10:15
2125,CUST_291,PROD_33,2,2025-12-31 00:15:35
2126,CUST_155,PROD_17,1,2026-01-13 22:32:47
2127,CUST_148,PROD_49,4,2026-01-04 01:34:35
2128,CUST_441,PROD_73,3,2026-01-13 23:58:58
2129,CUST_367,PROD_70,4,2026-01-16 03:22:05
2130,CUST_414,PROD_81,2,2026-01-15 14:48:20
2131,CUST_147,PROD_6,5,2026-01-08 21:09:44
2132,CUST_430,PROD_66,4,2025-12-30 06:07:22
2133,CUST_407,PROD_51,5,2026-01-11 15:06:39
2134,CUST_426,PROD_87,4,2026-01-01 00:35:54
2135,CUST_62,PROD_63,3,2026-01-27 02:19:53
2136,CUST_476,PROD_54,3,2026-01-23 08:19:56
2137,CUST_188,PROD_54,4,2026-01-10 15:26:06
2138,CUST_460,PROD_72,3,2026-01-14 00:13:38
2139,CUST_50,PROD_28,3,2026-01-22 00:55:54
2140,CUST_318,PROD_68,4,2026-01-21 19:36:41
2141,CUST_12,PROD_51,1,2026-01-23 19:58:02
2142,CUST_208,PROD_17,4,2026-01-27 06:23:37
2143,CUST_94,PROD_69,3,2026-01-04 07:11:29
2144,CUST_235,PROD_57,2,2026-01-10 09:25:04
2145,CUST_408,PROD_1,3,2026-01-20 18:29:03
2146,CUST_427,PROD_4,4,2026-01-22 01:08:39
2147,CUST_499,PROD_46,1,2025-12-31 08:36:53
2148,CUST_389,PROD_22,3,2026-01-20 17:04:21
2149,CUST_208,PROD_81,3,2026-01-25 12:35:37
2150,CUST_386,PROD_66,5,2026-01-03 00:55:36
2151,CUST_295,PROD_70,4,2026-01-02 16:21:22
2152,CUST_461,PROD_18,5,2026-01-27 03:59:14
2153,CUST_10,PROD_80,1,2026-01-19 16:47:27
2154,CUST_314,PROD_47,1,2026-01-15 00:00:13
2155,CUST_399,PROD_98,5,2026-01-09 19:41:33
2156,CUST_169,PROD_88,5,2026-01-12 02:34:03
2157,CUST_469,PROD_78,5,2026-01-15 09:00:23
2158,CUST_252,PROD_3,5,2026-01-23 16:17:21
2159,CUST_176,PROD_44,3,2025-12-29 09:22:52
2160,CUST_364,PROD_21,4,2026-01-22 14:59:49
2161,CUST_283,PROD_53,5,2026-01-13 06:43:19
2162,CUST_446,PROD_49,3,2026-01-05 22:41:29
2163,CUST_484,PROD_8,5,2026-01-02 21:20:10
2164,CUST_484,PROD_52,3,2026-01-06 14:10:29
2165,CUST_49,PROD_44,5,2026-01-22 22:06:20
2166,CUST_92,PROD_50,2,2025-12-29 01:22:05
2167,CUST_231,PROD_99,4,2026-01-26 13:20:52
2168,CUST_407,PROD_60,3,2025-12-30 04:47:07
2169,CUST_83,PROD_24,1,2026-01-05 05:48:06
2170,CUST_386,PROD_8,3,2026-01-20 02:16:26
2171,CUST_211,PROD_25,4,2026-01-25 16:07:39
2172,CUST_449,PROD_72,5,2026-01-05 16:14:12
2173,CUST_118,PROD_86,2,2025-12-30 07:58:03
2174,CUST_116,PROD_55,3,2026-01-20 14:49:39
2175,CUST_8,PROD_48,1,2026-01-18 22:37:31
2176,CUST_195,PROD_2,3,2026-01-18 22:18:19
2177,CUST_131,PROD_32,2,2026-01-17 12:34:27
2178,CUST_257,PROD_50,4,2026-01-09 16:06:13
2179,CUST_279,PROD_27,2,2026-01-20 13:35:47
2180,CUST_288,PROD_8,5,2026-01-19 17:58:21
2181,CUST_496,PROD_16,4,2026-01-18 02:45:39
2182,CUST_156,PROD_20,1,2026-01-08 00:42:05
2183,CUST_413,PROD_40,4,2026-01-15 03:38:10
2184,CUST_46,PROD_65,5,2026-01-23 15:20:21
2185,CUST_166,PROD_87,1,2026-01-02 05:11:20
2186,CUST_421,PROD_85,5,2026-01-04 11:07:09
2187,CUST_251,PROD_61,4,2026-01-07 23:03:50
2188,CUST_268,PROD_19,3,2026-01-15 11:22:53
2189,CUST_320,PROD_49,5,2026-01-16 05:57:14
2190,CUST_219,PROD_79,1,2026-01-26 03:34:48
2191,CUST_70,PROD_56,1,2026-01-05 14:16:49
2192,CUST_90,PROD_17,3,2026-01-09 19:43:11
2193,CUST_221,PROD_41,5,2026-01-10 17:27:19
2194,CUST_242,PROD_12,4,2026-01-05 04:09:38
2195,CUST_154,PROD_8,1,2026-01-24 09:54:23
2196,CUST_85,PROD_12,2,2026-01-08 01:43:03
2197,CUST_436,PROD_62,3,2026-01-14 07:12:22
2198,CUST_256,PROD_38,1,2026-01-18 02:20:32
2199,CUST_62,PROD_1,3,2026-01-26 11:29:27
2200,CUST_365,PROD_26,3,2026-01-03 19:55:29
2201,CUST_90,PROD_85,2,2025-12-31 13:58:52
2202,CUST_412,PROD_70,2,2026-01-25 13:27:09
2203,CUST_473,PROD_16,3,2026-01-17 10:36:45
2204,CUST_158,PROD_21,1,2026-01-12 07:57:42
2205,CUST_417,PROD_19,2,2026-01-04 10:43:33
2206,CUST_398,PROD_48,3,2025-12-31 13:31:14
2207,CUST_332,PROD_79,4,2025-12-31 16:29:19
2208,CUST_386,PROD_73,1,2026-01-04 17:47:15
2209,CUST_366,PROD_5,5,2026-01-17 18:32:39
2210,CUST_442,PROD_87,5,2025-12-31 23:48:32
2211,CUST_414,PROD_46,1,2026-01-05 06:10:34
2212,CUST_354,PROD_98,2,2026-01-24 03:01:59
2213,CUST_239,PROD_64,2,2026-01-07 13:41:45
2214,CUST_265,PROD_95,3,2026-01-11 09:59:12
2215,CUST_263,PROD_44,1,2026-01-15 16:55:56
2216,CUST_221,PROD_4,4,2026-01-16 10:19:06
2217,CUST_98,PROD_7,3,2026-01-20 22:18:47
2218,CUST_484,PROD_62,4,2026-01-08 01:57:36
2219,CUST_233,PROD_70,3,2026-01-18 05:50:07
2220,CUST_277,PROD_96,5,2026-01-22 19:17:42
2221,CUST_295,PROD_3,2,2026-01-24 19:47:54
2222,CUST_126,PROD_9,3,2026-01-23 03:40:45
2223,CUST_160,PROD_68,1,2026-01-23 09:55:35
2224,CUST_177,PROD_11,3,2026-01-26 11:07:49
2225,CUST_307,PROD_92,2,2026-01-14 09:17:32
2226,CUST_16,PROD_51,1,2026-01-26 05:11:51
2227,CUST_299,PROD_37,1,2026-01-17 15:49:50
2228,CUST_201,PROD_61,3,2025-12-29 21:08:44
2229,CUST_446,PROD_42,4,2026-01-12 10:00:15
2230,CUST_69,PROD_46,5,2026-01-11 00:39:07
2231,CUST_175,PROD_60,1,2026-01-04 15:01:42
2232,CUST_89,PROD_77,3,2026-01-02 18:21:59
2233,CUST_42,PROD_30,5,2026-01-26 20:24:18
2234,CUST_163,PROD_38,5,2026-01-22 17:33:20
2235,CUST_222,PROD_19,2,2025-12-30 05:03:58
2236,CUST_81,PROD_20,4,2026-01-22 08:15:30
2237,CUST_251,PROD_84,4,2026-01-03 09:18:39
2238,CUST_387,PROD_95,5,2026-01-20 21:42:18
2239,CUST_58,PROD_46,2,2026-01-18 05:24:33
2240,CUST_436,PROD_71,2,2026-01-09 06:36:06
2241,CUST_383,PROD_65,1,2026-01-17 21:10:05
2242,CUST_122,PROD_60,1,2026-01-25 12:19:08
2243,CUST_30,PROD_16,2,2026-01-20 17:24:25
2244,CUST_68,PROD_1,5,2026-01-12 20:23:28
2245,CUST_406,PROD_60,2,2026-01-17 10:00:29
2246,CUST_285,PROD_28,1,2026-01-20 10:24:09
2247,CUST_41,PROD_85,5,2026-01-01 16:06:51
2248,CUST_428,PROD_55,5,2026-01-23 00:49:09
2249,CUST_104,PROD_82,2,2026-01-26 05:25:44
2250,CUST_95,PROD_80,3,2026-01-15 01:59:04
2251,CUST_49,PROD_28,3,2026-01-22 01:42:38
2252,CUST_409,PROD_29,5,2026-01-03 11:45:47
2253,CUST_292,PROD_54,1,2026-01-06 22:44:10
2254,CUST_325,PROD_29,1,2025-12-29 11:47:46
2255,CUST_177,PROD_23,3,2026-01-18 07:39:17
2256,CUST_426,PROD_74,2,2026-01-19 23:44:31
2257,CUST_238,PROD_72,3,2026-01-17 05:08:57
2258,CUST_481,PROD_92,3,2025-12-30 06:48:37
2259,CUST_18,PROD_20,3,2025-12-29 12:29:00
2260,CUST_5,PROD_77,4,2026-01-27 13:24:06
2261,CUST_51,PROD_29,5,2026-01-01 01:27:46
2262,CUST_145,PROD_48,5,2026-01-08 13:53:51
2263,CUST_186,PROD_81,5,2026-01-02 20:25:27
2264,CUST_268,PROD_19,5,2026-01-04 09:41:18
2265,CUST_429,PROD_20,4,2026-01-23 12:25:27
2266,CUST_198,PROD_82,3,2026-01-09 03:27:02
2267,CUST_288,PROD_69,2,2026-01-26 04:21:48
2268,CUST_346,PROD_57,4,2026-01-17 13:02:42
2269,CUST_465,PROD_33,4,2026-01-06 02:43:06
2270,CUST_124,PROD_8,4,2026-01-25 17:12:35
2271,CUST_192,PROD_47,3,2026-01-23 18:05:00
2272,CUST_155,PROD_50,4,2026-01-01 22:10:31
2273,CUST_327,PROD_80,2,2026-01-21 21:38:21
2274,CUST_425,PROD_41,2,2026-01-15 04:16:59
2275,CUST_345,PROD_57,1,2026-01-13 18:17:27
2276,CUST_434,PROD_93,3,2026-01-04 18:02:02
2277,CUST_30,PROD_15,5,2026-01-13 08:20:53
2278,CUST_268,PROD_13,1,2026-01-02 22:56:02
2279,CUST_457,PROD_9,1,2026-01-21 16:09:44
2280,CUST_225,PROD_10,4,2026-01-12 18:47:25
2281,CUST_350,PROD_16,4,2026-01-11 14:08:33
2282,CUST_451,PROD_15,3,2026-01-04 18:31:17
2283,CUST_318,PROD_13,1,2026-01-05 16:00:26
2284,CUST_455,PROD_34,2,2026-01-03 17:19:54
2285,CUST_226,PROD_89,5,2025-12-31 03:34:20
2286,CUST_330,PROD_75,5,2026-01-13 01:45:52
2287,CUST_420,PROD_39,4,2026-01-23 17:06:34
2288,CUST_247,PROD_33,4,2026-01-02 23:49:58
2289,CUST_438,PROD_46,5,2025-12-30 06:02:21
2290,CUST_186,PROD_98,4,2026-01-11 00:59:48
2291,CUST_352,PROD_31,4,2026-01-25 16:36:39
2292,CUST_297,PROD_3,5,2026-01-15 02:14:03
2293,CUST_180,PROD_47,3,2026-01-09 05:57:41
2294,CUST_414,PROD_61,1,2025-12-31 01:52:56
2295,CUST_194,PROD_5,3,2026-01-07 14:37:14
2296,CUST_10,PROD_17,1,2026-01-18 13:45:58
2297,CUST_208,PROD_68,4,2026-01-21 02:13:50
2298,CUST_348,PROD_59,4,2026-01-13 13:30:55
2299,CUST_76,PROD_76,2,2025-12-29 17:08:57
2300,CUST_40,PROD_86,1,2026-01-15 18:11:30
2301,CUST_476,PROD_76,5,2026-01-06 01:17:23
2302,CUST_183,PROD_69,4,2026-01-04 02:13:50
2303,CUST_349,PROD_14,2,2026-01-24 12:46:41
2304,CUST_250,PROD_78,3,2026-01-13 09:21:54
2305,CUST_431,PROD_7,2,2026-01-26 21:19:16
2306,CUST_201,PROD_67,3,2026-01-04 17:17:27
2307,CUST_168,PROD_9,5,2026-01-13 20:42:36
2308,CUST_18,PROD_76,4,2026-01-13 01:07:24
2309,CUST_251,PROD_100,2,2026-01-23 20:28:26
2310,CUST_43,PROD_41,3,2026-01-16 11:08:45
2311,CUST_480,PROD_54,4,2026-01-27 12:18:14
2312,CUST_484,PROD_32,5,2026-01-21 08:29:31
2313,CUST_325,PROD_25,2,2026-01-03 21:29:34
2314,CUST_440,PROD_27,4,2025-12-31 15:59:21
2315,CUST_213,PROD_70,1,2026-01-23 16:42:17
2316,CUST_396,PROD_24,4,2026-01-13 12:49:01
2317,CUST_129,PROD_36,4,2026-01-21 16:40:26
2318,CUST_172,PROD_86,4,2026-01-26 17:01:22
2319,CUST_332,PROD_69,4,2025-12-30 04:38:37
2320,CUST_322,PROD_35,2,2025-12-29 09:14:26
2321,CUST_261,PROD_24,4,2026-01-02 04:48:55
2322,CUST_155,PROD_59,5,2026-01-05 09:39:31
2323,CUST_311,PROD_93,3,2025-12-31 19:42:37
2324,CUST_422,PROD_100,3,2026-01-07 06:47:43
2325,CUST_295,PROD_100,1,2026-01-23 04:52:31
2326,CUST_314,PROD_48,5,2026-01-14 17:55:46
2327,CUST_332,PROD_99,4,2026-01-01 18:20:17
2328,CUST_166,PROD_33,5,2026-01-19 09:46:50
2329,CUST_32,PROD_97,1,2026-01-02 19:38:52
2330,CUST_352,PROD_94,1,2026-01-07 15:14:30
2331,CUST_415,PROD_2,1,2026-01-25 05:08:44
2332,CUST_248,PROD_93,4,2026-01-24 21:09:14
2333,CUST_399,PROD_90,4,2026-01-18 06:53:58
2334,CUST_287,PROD_34,3,2026-01-20 00:49:14
2335,CUST_245,PROD_12,4,2026-01-16 13:13:03
2336,CUST_63,PROD_78,5,2026-01-08 23:36:16
2337,CUST_217,PROD_19,2,2026-01-03 16:08:09
2338,CUST_39,PROD_94,2,2026-01-01 14:28:04
2339,CUST_149,PROD_36,3,2026-01-02 17:56:09
2340,CUST_437,PROD_82,3,2026-01-17 15:56:48
2341,CUST_17,PROD_39,5,2025-12-31 20:39:07
2342,CUST_77,PROD_23,3,2026-01-12 11:54:48
2343,CUST_116,PROD_56,2,2026-01-21 15:38:55
2344,CUST_222,PROD_23,1,2026-01-03 22:58:13
2345,CUST_358,PROD_45,3,2026-01-11 04:54:57
2346,CUST_193,PROD_34,2,2026-01-23 10:34:45
2347,CUST_325,PROD_92,5,2026-01-21 09:54:26
2348,CUST_203,PROD_18,5,2026-01-04 20:37:29
2349,CUST_385,PROD_17,4,2026-01-24 08:15:23
2350,CUST_245,PROD_5,3,2026-01-17 10:29:05
2351,CUST_306,PROD_56,1,2026-01-17 17:20:44
2352,CUST_390,PROD_30,1,2026-01-08 01:56:24
2353,CUST_360,PROD_1,4,2026-01-15 20:38:23
2354,CUST_34,PROD_95,1,2026-01-02 17:22:25
2355,CUST_202,PROD_97,1,2026-01-18 21:10:28
2356,CUST_335,PROD_65,1,2026-01-18 23:38:37
2357,CUST_115,PROD_15,4,2026-01-13 06:06:22
2358,CUST_378,PROD_85,5,2025-12-29 09:05:33
2359,CUST_274,PROD_60,1,2026-01-09 08:12:27
2360,CUST_149,PROD_6,2,2026-01-21 11:19:25
2361,CUST_204,PROD_54,4,2026-01-19 12:32:44
2362,CUST_19,PROD_84,3,2026-01-27 16:30:10
2363,CUST_269,PROD_41,3,2026-01-18 21:35:12
2364,CUST_242,PROD_19,1,2026-01-07 19:19:42
2365,CUST_124,PROD_31,5,2026-01-10 23:08:22
2366,CUST_189,PROD_97,5,2025-12-30 11:52:57
2367,CUST_388,PROD_92,2,2026-01-04 18:23:41
2368,CUST_485,PROD_89,5,2026-01-09 08:45:59
2369,CUST_20,PROD_13,5,2026-01-07 15:09:08
2370,CUST_99,PROD_29,1,2026-01-15 20:16:45
2371,CUST_88,PROD_71,4,2026-01-24 02:48:53
2372,CUST_32,PROD_65,3,2026-01-03 05:02:19
2373,CUST_372,PROD_13,5,2026-01-03 22:38:10
2374,CUST_471,PROD_87,5,2026-01-01 11:20:54
2375,CUST_323,PROD_50,5,2026-01-05 19:15:21
2376,CUST_219,PROD_7,1,2026-01-23 21:37:51
2377,CUST_167,PROD_28,1,2026-01-08 00:06:46
2378,CUST_394,PROD_57,4,2026-01-22 22:14:07
2379,CUST_67,PROD_31,3,2026-01-10 19:56:26
2380,CUST_327,PROD_12,4,2026-01-05 08:58:57
2381,CUST_368,PROD_51,4,2026-01-04 20:34:25
2382,CUST_343,PROD_23,1,2026-01-01 00:21:43
2383,CUST_224,PROD_58,4,2026-01-20 02:13:33
2384,CUST_389,PROD_22,3,2026-01-04 03:51:07
2385,CUST_100,PROD_26,3,2026-01-18 06:26:26
2386,CUST_346,PROD_82,4,2026-01-26 14:46:16
2387,CUST_463,PROD_72,1,2026-01-26 15:57:12
2388,CUST_314,PROD_12,4,2026-01-23 17:19:33
2389,CUST_109,PROD_72,4,2026-01-19 03:33:51
2390,CUST_114,PROD_81,4,2026-01-19 14:53:10
2391,CUST_25,PROD_30,3,2026-01-05 18:53:59
2392,CUST_256,PROD_85,4,2026-01-09 04:39:06
2393,CUST_81,PROD_89,2,2026-01-06 04:36:02
2394,CUST_220,PROD_35,1,2026-01-26 06:39:53
2395,CUST_74,PROD_91,5,2026-01-07 07:52:00
2396,CUST_262,PROD_35,2,2026-01-09 09:05:10
2397,CUST_342,PROD_42,2,2026-01-02 13:22:43
2398,CUST_333,PROD_86,3,2026-01-19 08:47:35
2399,CUST_194,PROD_39,3,2026-01-12 01:19:04
2400,CUST_466,PROD_52,3,2025-12-29 14:54:12
2401,CUST_30,PROD_52,2,2026-01-04 09:49:03
2402,CUST_337,PROD_85,3,2026-01-22 11:21:52
2403,CUST_473,PROD_46,5,2026-01-24 07:26:41
2404,CUST_87,PROD_13,1,2026-01-16 13:46:28
2405,CUST_411,PROD_76,2,2026-01-16 17:46:25
2406,CUST_184,PROD_96,3,2026-01-08 13:01:38
2407,CUST_44,PROD_61,5,2026-01-26 23:21:36
2408,CUST_425,PROD_19,5,2026-01-03 13:14:15
2409,CUST_72,PROD_13,1,2026-01-08 11:54:43
2410,CUST_86,PROD_43,5,2026-01-20 18:12:30
2411,CUST_146,PROD_19,2,2026-01-04 14:20:10
2412,CUST_355,PROD_24,4,2026-01-22 07:14:45
2413,CUST_248,PROD_60,4,2026-01-25 11:43:06
2414,CUST_391,PROD_21,1,2026-01-15 18:33:31
2415,CUST_380,PROD_59,2,2026-01-22 07:57:34
2416,CUST_228,PROD_44,1,2026-01-20 14:53:04
2417,CUST_268,PROD_70,3,2026-01-04 05:41:19
2418,CUST_377,PROD_77,1,2026-01-18 15:30:38
2419,CUST_296,PROD_10,2,2026-01-27 00:07:06
2420,CUST_324,PROD_20,2,2026-01-27 03:32:38
2421,CUST_267,PROD_32,5,2026-01-22 02:02:20
2422,CUST_75,PROD_88,5,2026-01-02 02:38:18
2423,CUST_5,PROD_78,2,2026-01-26 18:33:49
2424,CUST_221,PROD_86,3,2026-01-08 19:08:58
2425,CUST_443,PROD_81,2,2026-01-02 12:54:55
2426,CUST_264,PROD_83,4,2026-01-09 04:06:00
2427,CUST_276,PROD_3,3,2026-01-14 20:41:40
2428,CUST_70,PROD_53,5,2026-01-05 09:51:19
2429,CUST_376,PROD_85,1,2026-01-15 09:58:52
2430,CUST_422,PROD_54,5,2026-01-02 07:32:35
2431,CUST_325,PROD_94,1,2026-01-05 14:29:19
2432,CUST_91,PROD_66,4,2026-01-12 12:32:00
2433,CUST_328,PROD_66,1,2026-01-15 17:38:43
2434,CUST_461,PROD_73,4,2026-01-20 09:38:34
2435,CUST_318,PROD_91,3,2026-01-03 15:09:52
2436,CUST_248,PROD_89,2,2026-01-01 07:56:45
2437,CUST_139,PROD_37,1,2026-01-11 17:48:52
2438,CUST_412,PROD_78,3,2026-01-27 06:51:49
2439,CUST_84,PROD_32,3,2026-01-05 06:46:29
2440,CUST_40,PROD_60,4,2026-01-12 03:37:36
2441,CUST_183,PROD_9,1,2026-01-12 09:03:29
2442,CUST_29,PROD_12,5,2026-01-09 09:52:43
2443,CUST_381,PROD_20,3,2026-01-13 06:00:30
2444,CUST_427,PROD_81,1,2026-01-02 06:57:23
2445,CUST_354,PROD_89,4,2026-01-07 23:01:52
2446,CUST_498,PROD_42,3,2026-01-03 22:45:41
2447,CUST_449,PROD_28,1,2026-01-23 08:07:36
2448,CUST_288,PROD_42,3,2026-01-16 02:26:54
2449,CUST_165,PROD_9,2,2026-01-09 04:11:39
2450,CUST_381,PROD_62,5,2026-01-27 12:39:04
2451,CUST_134,PROD_34,4,2026-01-15 05:38:21
2452,CUST_285,PROD_22,4,2026-01-27 14:33:57
2453,CUST_91,PROD_60,1,2026-01-17 15:36:40
2454,CUST_43,PROD_51,5,2026-01-22 20:46:15
2455,CUST_118,PROD_94,2,2026-01-22 19:50:18
2456,CUST_401,PROD_3,4,2026-01-10 14:45:24
2457,CUST_431,PROD_75,3,2026-01-24 00:30:41
2458,CUST_3,PROD_71,1,2026-01-27 00:43:24
2459,CUST_365,PROD_92,2,2026-01-06 19:16:54
2460,CUST_387,PROD_61,4,2026-01-23 21:02:03
2461,CUST_29,PROD_57,2,2026-01-04 04:10:46
2462,CUST_366,PROD_72,3,2026-01-06 02:12:34
2463,CUST_199,PROD_73,1,2026-01-09 00:47:15
2464,CUST_13,PROD_99,5,2026-01-21 19:39:25
2465,CUST_322,PROD_47,2,2026-01-18 14:47:26
2466,CUST_380,PROD_57,4,2026-01-15 20:46:27
2467,CUST_9,PROD_22,5,2026-01-27 16:12:45
2468,CUST_234,PROD_89,2,2026-01-02 12:36:31
2469,CUST_439,PROD_87,5,2026-01-24 17:04:48
2470,CUST_254,PROD_46,2,2026-01-06 03:01:36
2471,CUST_391,PROD_48,1,2025-12-31 03:51:24
2472,CUST_167,PROD_65,2,2026-01-20 22:54:52
2473,CUST_409,PROD_46,1,2026-01-16 22:51:29
2474,CUST_477,PROD_79,1,2026-01-02 08:04:49
2475,CUST_294,PROD_40,4,2026-01-05 06:54:53
2476,CUST_247,PROD_57,5,2026-01-16 09:21:58
2477,CUST_94,PROD_12,1,2026-01-10 08:39:12
2478,CUST_478,PROD_42,5,2026-01-23 07:21:19
2479,CUST_271,PROD_58,1,2026-01-27 04:10:56
2480,CUST_406,PROD_100,4,2026-01-27 12:31:16
2481,CUST_368,PROD_100,1,2026-01-24 09:04:40
2482,CUST_300,PROD_86,1,2026-01-26 20:20:53
2483,CUST_475,PROD_15,2,2026-01-26 17:52:30
2484,CUST_325,PROD_13,5,2026-01-07 07:28:11
2485,CUST_140,PROD_60,2,2026-01-09 12:07:37
2486,CUST_113,PROD_29,5,2026-01-13 12:47:21
2487,CUST_200,PROD_23,5,2026-01-09 11:14:31
2488,CUST_37,PROD_86,2,2026-01-16 03:28:08
2489,CUST_390,PROD_54,2,2025-12-31 15:36:15
2490,CUST_440,PROD_94,1,2026-01-06 02:25:24
2491,CUST_371,PROD_61,2,2026-01-02 23:03:51
2492,CUST_152,PROD_12,2,2025-12-29 23:06:34
2493,CUST_380,PROD_1,5,2026-01-10 23:21:33
2494,CUST_461,PROD_50,5,2026-01-09 10:04:43
2495,CUST_343,PROD_10,1,2025-12-30 19:36:48
2496,CUST_211,PROD_42,5,2026-01-19 18:13:54
2497,CUST_236,PROD_100,4,2026-01-02 09:15:03
2498,CUST_23,PROD_85,1,2026-01-26 10:14:08
2499,CUST_339,PROD_23,4,2026-01-05 04:39:50
2500,CUST_147,PROD_63,3,2026-01-21 14:52:41
2501,CUST_366,PROD_74,3,2026-01-25 00:10:38
2502,CUST_54,PROD_44,5,2026-01-20 19:47:26
2503,CUST_352,PROD_89,3,2026-01-01 19:57:11
2504,CUST_355,PROD_11,3,2026-01-25 19:45:46
2505,CUST_442,PROD_17,1,2026-01-21 02:13:17
2506,CUST_173,PROD_56,3,2026-01-07 07:09:53
2507,CUST_249,PROD_100,1,2026-01-15 21:38:03
2508,CUST_1,PROD_22,2,2026-01-05 18:11:01
2509,CUST_389,PROD_29,4,2026-01-27 02:31:06
2510,CUST_493,PROD_49,3,2026-01-07 10:47:09
2511,CUST_428,PROD_92,3,2026-01-03 18:35:53
2512,CUST_289,PROD_18,4,2026-01-20 12:36:48
2513,CUST_343,PROD_18,3,2026-01-20 19:32:12
2514,CUST_62,PROD_55,5,2026-01-07 14:18:31
2515,CUST_452,PROD_14,3,2026-01-02 18:25:43
2516,CUST_197,PROD_100,4,2026-01-26 10:16:10
2517,CUST_490,PROD_1,1,2026-01-19 01:45:16
2518,CUST_91,PROD_27,2,2026-01-19 14:01:36
2519,CUST_434,PROD_23,3,2025-12-30 11:15:17
2520,CUST_322,PROD_88,2,2026-01-19 17:54:12
2521,CUST_255,PROD_38,3,2026-01-08 13:17:09
2522,CUST_221,PROD_45,5,2026-01-06 01:51:52
2523,CUST_87,PROD_56,4,2026-01-15 22:23:31
2524,CUST_96,PROD_15,2,2026-01-18 12:18:11
2525,CUST_430,PROD_16,4,2026-01-02 13:39:51
2526,CUST_245,PROD_92,5,2026-01-27 05:51:48
2527,CUST_6,PROD_4,3,2026-01-02 06:33:44
2528,CUST_244,PROD_20,2,2026-01-08 18:28:37
2529,CUST_255,PROD_30,2,2026-01-25 20:21:40
2530,CUST_350,PROD_27,4,2026-01-12 14:18:22
2531,CUST_36,PROD_94,5,2026-01-14 07:34:10
2532,CUST_431,PROD_46,1,2026-01-10 20:44:47
2533,CUST_441,PROD_36,3,2026-01-18 01:43:51
2534,CUST_435,PROD_60,5,2026-01-18 03:14:58
2535,CUST_156,PROD_19,4,2026-01-26 21:34:39
2536,CUST_123,PROD_23,4,2026-01-12 08:21:54
2537,CUST_486,PROD_10,5,2026-01-21 16:33:25
2538,CUST_227,PROD_62,5,2026-01-20 18:04:02
2539,CUST_229,PROD_13,3,2025-12-29 07:48:51
2540,CUST_166,PROD_53,3,2026-01-14 02:52:34
2541,CUST_179,PROD_66,4,2026-01-24 12:29:40
2542,CUST_76,PROD_86,2,2026-01-06 10:07:14
2543,CUST_20,PROD_62,2,2025-12-29 02:42:03
2544,CUST_246,PROD_20,2,2026-01-12 23:10:46
2545,CUST_306,PROD_73,2,2026-01-18 00:11:42
2546,CUST_279,PROD_83,1,2026-01-14 13:27:21
2547,CUST_387,PROD_51,4,2026-01-14 11:53:56
2548,CUST_222,PROD_86,2,2025-12-31 00:24:01
2549,CUST_71,PROD_30,5,2026-01-11 05:14:41
2550,CUST_277,PROD_31,2,2026-01-26 08:19:00
2551,CUST_452,PROD_75,3,2026-01-10 12:43:01
2552,CUST_393,PROD_22,4,2025-12-28 18:18:58
2553,CUST_368,PROD_23,1,2025-12-30 17:30:42
2554,CUST_42,PROD_43,5,2026-01-24 13:18:14
2555,CUST_207,PROD_91,4,2026-01-06 04:52:47
2556,CUST_425,PROD_17,4,2025-12-30 16:32:42
2557,CUST_320,PROD_79,3,2026-01-16 10:30:21
2558,CUST_81,PROD_37,3,2026-01-06 20:36:54
2559,CUST_340,PROD_40,5,2026-01-26 07:03:43
2560,CUST_441,PROD_69,1,2026-01-20 23:48:59
2561,CUST_43,PROD_74,3,2026-01-21 10:57:14
2562,CUST_441,PROD_45,4,2026-01-25 05:57:26
2563,CUST_246,PROD_81,5,2026-01-06 19:58:55
2564,CUST_275,PROD_22,1,2025-12-30 12:20:29
2565,CUST_317,PROD_66,2,2026-01-01 07:59:38
2566,CUST_348,PROD_58,3,2026-01-15 01:09:33
2567,CUST_197,PROD_98,5,2026-01-27 04:46:14
2568,CUST_35,PROD_27,1,2026-01-01 00:15:45
2569,CUST_355,PROD_8,3,2026-01-11 20:13:03
2570,CUST_150,PROD_22,5,2026-01-24 00:01:16
2571,CUST_475,PROD_34,5,2026-01-10 07:35:24
2572,CUST_168,PROD_40,2,2026-01-17 06:26:05
2573,CUST_439,PROD_96,3,2026-01-04 12:24:49
2574,CUST_311,PROD_74,3,2025-12-28 18:47:35
2575,CUST_462,PROD_18,1,2026-01-07 16:08:28
2576,CUST_139,PROD_73,1,2026-01-21 16:08:49
2577,CUST_496,PROD_95,3,2026-01-10 11:52:07
2578,CUST_315,PROD_93,3,2025-12-30 12:27:21
2579,CUST_37,PROD_60,4,2025-12-30 14:02:49
2580,CUST_5,PROD_67,1,2026-01-03 18:53:09
2581,CUST_16,PROD_100,3,2026-01-23 00:26:41
2582,CUST_79,PROD_66,3,2026-01-10 10:48:12
2583,CUST_143,PROD_12,5,2026-01-22 16:48:33
2584,CUST_170,PROD_44,5,2026-01-18 02:59:33
2585,CUST_2,PROD_20,5,2026-01-07 18:27:13
2586,CUST_95,PROD_62,4,2026-01-06 07:07:01
2587,CUST_69,PROD_93,1,2025-12-30 15:13:29
2588,CUST_320,PROD_31,2,2026-01-06 21:08:42
2589,CUST_85,PROD_91,4,2025-12-29 09:53:16
2590,CUST_250,PROD_63,1,2026-01-20 18:21:11
2591,CUST_55,PROD_89,2,2026-01-06 08:29:12
2592,CUST_462,PROD_24,2,2026-01-11 15:36:20
2593,CUST_427,PROD_53,4,2026-01-10 00:59:26
2594,CUST_42,PROD_27,5,2026-01-22 05:50:16
2595,CUST_87,PROD_73,3,2026-01-13 14:01:50
2596,CUST_164,PROD_61,1,2026-01-02 10:10:22
2597,CUST_54,PROD_92,2,2026-01-02 01:56:16
2598,CUST_176,PROD_18,4,2025-12-30 22:56:10
2599,CUST_394,PROD_8,2,2026-01-18 08:32:40
2600,CUST_320,PROD_5,4,2026-01-06 00:25:31
2601,CUST_122,PROD_87,5,2026-01-15 17:39:32
2602,CUST_139,PROD_88,5,2025-12-29 19:40:07
2603,CUST_422,PROD_89,1,2026-01-18 04:28:10
2604,CUST_68,PROD_77,3,2026-01-14 19:34:28
2605,CUST_272,PROD_88,5,2026-01-21 20:45:01
2606,CUST_171,PROD_57,3,2026-01-22 09:38:38
2607,CUST_171,PROD_83,1,2026-01-27 16:28:11
2608,CUST_153,PROD_65,4,2026-01-20 23:06:01
2609,CUST_361,PROD_44,2,2026-01-14 21:43:27
2610,CUST_245,PROD_42,3,2025-12-28 19:07:01
2611,CUST_136,PROD_86,3,2026-01-17 06:18:55
2612,CUST_329,PROD_30,3,2026-01-02 09:18:37
2613,CUST_194,PROD_29,3,2026-01-04 05:44:13
2614,CUST_161,PROD_15,3,2026-01-01 18:58:25
2615,CUST_36,PROD_66,3,2026-01-06 20:30:37
2616,CUST_35,PROD_34,1,2026-01-08 16:09:17
2617,CUST_459,PROD_10,1,2026-01-23 18:54:40
2618,CUST_252,PROD_84,2,2026-01-20 06:01:16
2619,CUST_250,PROD_20,4,2026-01-05 21:07:18
2620,CUST_111,PROD_84,1,2026-01-05 13:31:21
2621,CUST_129,PROD_16,4,2026-01-16 19:09:00
2622,CUST_294,PROD_33,2,2026-01-21 10:20:40
2623,CUST_93,PROD_64,1,2025-12-28 23:49:01
2624,CUST_48,PROD_69,1,2026-01-23 10:57:48
2625,CUST_1,PROD_11,4,2026-01-19 11:48:27
2626,CUST_77,PROD_59,1,2026-01-06 09:43:50
2627,CUST_17,PROD_33,3,2026-01-22 01:48:57
2628,CUST_15,PROD_76,3,2026-01-22 06:03:09
2629,CUST_354,PROD_8,5,2026-01-03 21:44:23
2630,CUST_104,PROD_89,1,2025-12-29 12:41:12
2631,CUST_342,PROD_23,3,2026-01-13 06:50:28
2632,CUST_345,PROD_20,1,2026-01-01 21:29:54
2633,CUST_157,PROD_91,2,2026-01-10 10:28:43
2634,CUST_199,PROD_45,4,2026-01-20 12:19:00
2635,CUST_125,PROD_66,1,2026-01-03 09:11:57
2636,CUST_364,PROD_50,4,2025-12-29 05:33:31
2637,CUST_231,PROD_17,5,2026-01-11 21:00:13
2638,CUST_302,PROD_46,4,2026-01-21 11:23:54
2639,CUST_392,PROD_81,4,2026-01-19 00:21:39
2640,CUST_392,PROD_22,3,2026-01-05 07:54:25
2641,CUST_73,PROD_27,2,2026-01-08 23:53:15
2642,CUST_446,PROD_52,1,2026-01-07 06:18:31
2643,CUST_162,PROD_49,2,2026-01-13 06:23:34
2644,CUST_292,PROD_66,4,2026-01-05 09:56:20
2645,CUST_3,PROD_61,1,2026-01-04 10:32:26
2646,CUST_238,PROD_88,2,2026-01-01 10:32:16
2647,CUST_161,PROD_21,3,2026-01-10 00:17:34
2648,CUST_251,PROD_10,1,2026-01-24 06:02:30
2649,CUST_274,PROD_71,4,2026-01-25 09:38:26
2650,CUST_8,PROD_46,4,2026-01-23 03:24:36
2651,CUST_140,PROD_86,4,2026-01-14 15:39:39
2652,CUST_386,PROD_98,1,2026-01-20 11:32:10
2653,CUST_58,PROD_85,5,2025-12-30 09:14:39
2654,CUST_418,PROD_96,4,2026-01-24 00:22:54
2655,CUST_117,PROD_89,3,2026-01-22 13:27:52
2656,CUST_12,PROD_15,1,2026-01-09 18:15:58
2657,CUST_215,PROD_67,1,2026-01-16 17:29:05
2658,CUST_355,PROD_42,2,2025-12-29 04:18:52
2659,CUST_36,PROD_30,4,2026-01-06 23:41:13
2660,CUST_483,PROD_89,3,2026-01-18 01:47:52
2661,CUST_183,PROD_4,2,2026-01-21 13:27:23
2662,CUST_234,PROD_96,5,2026-01-05 02:43:37
2663,CUST_300,PROD_25,1,2026-01-01 09:08:25
2664,CUST_391,PROD_38,3,2026-01-04 20:28:17
2665,CUST_305,PROD_18,2,2026-01-04 02:54:49
2666,CUST_70,PROD_95,4,2025-12-30 15:58:11
2667,CUST_351,PROD_39,4,2026-01-27 09:29:01
2668,CUST_97,PROD_44,4,2025-12-30 09:40:57
2669,CUST_274,PROD_34,1,2026-01-14 03:21:15
2670,CUST_248,PROD_25,1,2026-01-15 01:28:04
2671,CUST_119,PROD_22,4,2026-01-21 06:46:53
2672,CUST_397,PROD_67,2,2026-01-02 04:49:49
2673,CUST_185,PROD_17,3,2026-01-05 09:40:10
2674,CUST_11,PROD_19,1,2026-01-15 07:50:57
2675,CUST_236,PROD_9,5,2026-01-13 00:18:24
2676,CUST_24,PROD_7,4,2026-01-22 20:38:07
2677,CUST_252,PROD_49,4,2026-01-08 04:48:31
2678,CUST_255,PROD_50,3,2026-01-04 15:49:08
2679,CUST_367,PROD_7,2,2026-01-17 16:57:05
2680,CUST_9,PROD_41,2,2026-01-16 10:53:48
2681,CUST_139,PROD_42,4,2026-01-22 15:15:53
2682,CUST_63,PROD_97,4,2025-12-29 06:46:35
2683,CUST_274,PROD_48,4,2026-01-25 05:49:47
2684,CUST_59,PROD_74,2,2026-01-14 08:53:56
2685,CUST_16,PROD_38,5,2026-01-17 15:05:32
2686,CUST_166,PROD_53,2,2026-01-04 22:49:22
2687,CUST_196,PROD_44,1,2026-01-01 00:29:04
2688,CUST_239,PROD_53,1,2026-01-05 18:59:50
2689,CUST_169,PROD_32,3,2026-01-07 08:06:40
2690,CUST_191,PROD_55,5,2026-01-18 04:15:23
2691,CUST_187,PROD_97,5,2026-01-24 08:35:58
2692,CUST_432,PROD_43,2,2026-01-27 08:47:00
2693,CUST_347,PROD_28,3,2026-01-05 16:24:39
2694,CUST_95,PROD_81,1,2026-01-19 02:10:21
2695,CUST_466,PROD_10,4,2026-01-20 16:46:50
2696,CUST_410,PROD_46,1,2026-01-03 01:24:41
2697,CUST_2,PROD_84,5,2026-01-14 20:11:11
2698,CUST_443,PROD_5,1,2026-01-16 03:40:45
2699,CUST_222,PROD_34,5,2026-01-14 02:11:07
2700,CUST_459,PROD_97,5,2026-01-09 11:10:18
2701,CUST_165,PROD_42,2,2026-01-24 09:18:38
2702,CUST_479,PROD_53,5,2026-01-10 20:44:26
2703,CUST_205,PROD_33,2,2026-01-01 04:33:14
2704,CUST_425,PROD_38,1,2026-01-17 14:33:11
2705,CUST_240,PROD_1,1,2026-01-16 05:18:19
2706,CUST_28,PROD_28,5,2026-01-02 19:33:45
2707,CUST_393,PROD_80,2,2025-12-30 15:16:08
2708,CUST_102,PROD_75,4,2026-01-23 19:28:36
2709,CUST_284,PROD_63,5,2026-01-15 00:08:03
2710,CUST_383,PROD_10,5,2026-01-09 09:53:36
2711,CUST_176,PROD_68,4,2026-01-15 16:31:02
2712,CUST_252,PROD_23,2,2026-01-08 13:12:50
2713,CUST_472,PROD_96,4,2026-01-08 23:33:45
2714,CUST_303,PROD_63,2,2026-01-03 13:27:53
2715,CUST_147,PROD_76,5,2026-01-27 06:54:33
2716,CUST_24,PROD_55,1,2026-01-16 00:07:41
2717,CUST_307,PROD_66,2,2026-01-15 08:11:49
2718,CUST_386,PROD_9,3,2026-01-15 10:50:18
2719,CUST_25,PROD_68,2,2026-01-26 10:52:25
2720,CUST_174,PROD_21,2,2026-01-01 13:27:38
2721,CUST_399,PROD_17,3,2026-01-24 19:44:39
2722,CUST_98,PROD_55,5,2026-01-17 14:28:03
2723,CUST_497,PROD_2,3,2026-01-05 23:13:46
2724,CUST_344,PROD_43,5,2026-01-01 05:09:33
2725,CUST_166,PROD_1,1,2026-01-16 21:46:09
2726,CUST_82,PROD_14,2,2026-01-05 11:30:24
2727,CUST_231,PROD_36,2,2026-01-02 21:17:13
2728,CUST_131,PROD_19,5,2026-01-02 16:03:59
2729,CUST_43,PROD_34,3,2026-01-16 21:10:32
2730,CUST_274,PROD_52,4,2026-01-11 00:21:40
2731,CUST_374,PROD_12,3,2026-01-10 01:46:03
2732,CUST_200,PROD_27,1,2026-01-24 13:59:06
2733,CUST_395,PROD_95,2,2026-01-21 12:37:14
2734,CUST_296,PROD_35,4,2025-12-31 23:05:53
2735,CUST_181,PROD_71,2,2026-01-26 20:15:49
2736,CUST_90,PROD_97,3,2026-01-11 23:46:26
2737,CUST_396,PROD_66,1,2026-01-18 19:32:20
2738,CUST_81,PROD_67,5,2025-12-31 19:43:38
2739,CUST_99,PROD_85,1,2026-01-08 02:12:14
2740,CUST_150,PROD_100,5,2026-01-17 22:49:17
2741,CUST_301,PROD_60,1,2026-01-16 05:16:11
2742,CUST_165,PROD_32,2,2026-01-11 05:28:54
2743,CUST_467,PROD_35,1,2026-01-27 08:03:36
2744,CUST_80,PROD_34,1,2025-12-31 12:53:38
2745,CUST_427,PROD_47,5,2026-01-22 13:44:40
2746,CUST_91,PROD_2,4,2026-01-01 18:17:57
2747,CUST_441,PROD_91,1,2026-01-05 16:21:30
2748,CUST_1,PROD_99,3,2026-01-04 02:18:47
2749,CUST_251,PROD_53,1,2026-01-06 09:11:02
2750,CUST_82,PROD_64,3,2026-01-18 22:31:27
2751,CUST_468,PROD_3,1,2026-01-22 18:42:29
2752,CUST_342,PROD_15,2,2026-01-26 01:20:55
2753,CUST_321,PROD_14,4,2026-01-10 11:19:26
2754,CUST_56,PROD_67,5,2026-01-12 08:01:35
2755,CUST_418,PROD_87,4,2026-01-20 18:49:24
2756,CUST_327,PROD_82,2,2026-01-19 01:24:56
2757,CUST_18,PROD_96,2,2026-01-02 08:32:27
2758,CUST_32,PROD_34,1,2026-01-18 14:44:41
2759,CUST_479,PROD_80,3,2026-01-10 14:39:49
2760,CUST_240,PROD_56,3,2026-01-01 00:04:01
2761,CUST_68,PROD_86,3,2026-01-08 23:51:35
2762,CUST_430,PROD_6,2,2026-01-24 15:28:33
2763,CUST_295,PROD_55,1,2026-01-25 23:06:23
2764,CUST_109,PROD_24,5,2026-01-06 19:19:55
2765,CUST_13,PROD_58,5,2026-01-19 17:56:51
2766,CUST_330,PROD_89,3,2026-01-14 23:07:29
2767,CUST_30,PROD_93,5,2026-01-26 05:07:22
2768,CUST_178,PROD_9,3,2026-01-27 15:39:45
2769,CUST_311,PROD_76,1,2026-01-16 03:38:42
2770,CUST_231,PROD_37,4,2026-01-08 01:36:38
2771,CUST_81,PROD_88,1,2026-01-18 09:14:14
2772,CUST_328,PROD_61,3,2026-01-18 23:24:40
2773,CUST_337,PROD_54,2,2026-01-06 11:45:14
2774,CUST_177,PROD_13,4,2026-01-14 04:35:35
2775,CUST_408,PROD_51,4,2026-01-23 21:26:55
2776,CUST_18,PROD_29,2,2026-01-22 01:51:05
2777,CUST_411,PROD_57,1,2026-01-16 14:59:59
2778,CUST_171,PROD_13,5,2026-01-26 07:54:09
2779,CUST_72,PROD_18,1,2026-01-27 06:49:43
2780,CUST_240,PROD_9,3,2026-01-10 12:58:47
2781,CUST_236,PROD_97,1,2025-12-30 13:56:27
2782,CUST_373,PROD_46,1,2026-01-01 21:26:53
2783,CUST_160,PROD_17,2,2026-01-22 15:06:06
2784,CUST_358,PROD_23,5,2026-01-01 13:47:03
2785,CUST_477,PROD_44,3,2026-01-08 08:42:19
2786,CUST_335,PROD_10,5,2026-01-25 10:25:56
2787,CUST_332,PROD_53,1,2026-01-06 10:40:22
2788,CUST_37,PROD_14,2,2026-01-05 10:38:50
2789,CUST_298,PROD_23,1,2026-01-07 19:46:14
2790,CUST_112,PROD_40,3,2026-01-03 09:14:47
2791,CUST_229,PROD_77,4,2026-01-13 05:42:59
2792,CUST_266,PROD_59,3,2026-01-09 22:53:11
2793,CUST_155,PROD_69,2,2025-12-29 02:35:46
2794,CUST_86,PROD_85,2,2026-01-10 03:26:29
2795,CUST_300,PROD_33,3,2026-01-25 20:34:35
2796,CUST_191,PROD_41,2,2026-01-05 14:28:39
2797,CUST_81,PROD_38,5,2026-01-14 05:19:20
2798,CUST_356,PROD_67,2,2026-01-12 18:47:01
2799,CUST_36,PROD_33,5,2026-01-14 09:39:39
2800,CUST_42,PROD_85,4,2026-01-24 16:21:23
2801,CUST_297,PROD_10,1,2026-01-22 10:08:17
2802,CUST_395,PROD_23,2,2026-01-17 03:38:00
2803,CUST_367,PROD_54,4,2026-01-09 09:26:07
2804,CUST_383,PROD_15,2,2026-01-11 07:53:05
2805,CUST_428,PROD_48,5,2026-01-22 15:44:06
2806,CUST_316,PROD_36,2,2026-01-16 04:30:35
2807,CUST_327,PROD_26,2,2026-01-22 03:34:59
2808,CUST_351,PROD_65,1,2026-01-21 05:18:11
2809,CUST_109,PROD_20,4,2026-01-09 15:13:07
2810,CUST_297,PROD_25,3,2026-01-06 17:58:10
2811,CUST_242,PROD_95,4,2026-01-09 19:44:31
2812,CUST_12,PROD_13,1,2026-01-09 13:44:26
2813,CUST_496,PROD_13,3,2026-01-24 20:42:13
2814,CUST_191,PROD_7,1,2026-01-15 18:01:56
2815,CUST_33,PROD_84,2,2026-01-01 18:11:20
2816,CUST_113,PROD_22,3,2026-01-07 12:30:30
2817,CUST_240,PROD_17,3,2026-01-18 02:26:49
2818,CUST_461,PROD_24,3,2026-01-27 03:55:09
2819,CUST_36,PROD_16,3,2026-01-14 03:41:46
2820,CUST_457,PROD_26,2,2026-01-04 00:27:45
2821,CUST_251,PROD_20,2,2026-01-20 19:33:16
2822,CUST_441,PROD_64,1,2026-01-24 03:42:41
2823,CUST_366,PROD_4,4,2026-01-08 23:42:18
2824,CUST_296,PROD_68,1,2026-01-15 23:41:41
2825,CUST_177,PROD_78,1,2026-01-10 21:44:52
2826,CUST_189,PROD_26,1,2026-01-16 04:02:22
2827,CUST_40,PROD_57,1,2026-01-18 06:13:03
2828,CUST_35,PROD_47,5,2026-01-11 20:06:09
2829,CUST_276,PROD_33,2,2026-01-04 22:22:18
2830,CUST_392,PROD_74,4,2026-01-22 17:28:40
2831,CUST_427,PROD_77,4,2026-01-08 23:29:11
2832,CUST_440,PROD_28,5,2026-01-22 14:11:31
2833,CUST_325,PROD_53,5,2026-01-04 17:34:00
2834,CUST_383,PROD_77,3,2026-01-18 18:45:05
2835,CUST_15,PROD_54,3,2026-01-13 05:22:19
2836,CUST_123,PROD_32,3,2026-01-09 03:47:20
2837,CUST_463,PROD_14,4,2026-01-09 23:19:14
2838,CUST_353,PROD_43,1,2026-01-02 07:36:18
2839,CUST_376,PROD_89,5,2026-01-25 20:26:16
2840,CUST_12,PROD_44,5,2026-01-14 21:37:27
2841,CUST_484,PROD_9,1,2026-01-13 20:10:00
2842,CUST_455,PROD_36,2,2026-01-11 16:25:42
2843,CUST_48,PROD_68,4,2026-01-02 00:17:11
2844,CUST_481,PROD_4,4,2026-01-08 12:44:45
2845,CUST_411,PROD_76,2,2026-01-26 07:01:04
2846,CUST_129,PROD_4,4,2026-01-08 03:53:24
2847,CUST_391,PROD_82,4,2026-01-06 06:44:49
2848,CUST_205,PROD_34,3,2025-12-30 18:09:37
2849,CUST_319,PROD_70,1,2026-01-06 10:51:51
2850,CUST_252,PROD_97,3,2026-01-04 11:29:42
2851,CUST_49,PROD_81,1,2026-01-25 10:21:23
2852,CUST_390,PROD_85,3,2026-01-21 06:55:36
2853,CUST_415,PROD_42,5,2026-01-23 21:22:01
2854,CUST_492,PROD_88,3,2026-01-16 03:41:19
2855,CUST_283,PROD_35,4,2026-01-14 23:43:08
2856,CUST_30,PROD_53,5,2025-12-30 23:50:34
2857,CUST_329,PROD_14,5,2026-01-19 02:25:34
2858,CUST_3,PROD_63,2,2025-12-29 00:58:34
2859,CUST_448,PROD_90,3,2026-01-14 06:09:26
2860,CUST_383,PROD_50,2,2026-01-27 18:13:21
2861,CUST_417,PROD_50,5,2026-01-09 09:05:02
2862,CUST_442,PROD_18,5,2025-12-31 20:57:07
2863,CUST_429,PROD_34,2,2026-01-24 22:31:19
2864,CUST_207,PROD_87,5,2026-01-24 02:15:28
2865,CUST_152,PROD_80,3,2026-01-19 17:00:45
2866,CUST_198,PROD_35,2,2026-01-15 13:58:56
2867,CUST_451,PROD_55,4,2026-01-16 17:55:08
2868,CUST_98,PROD_95,4,2026-01-08 09:41:55
2869,CUST_146,PROD_98,1,2025-12-29 04:24:04
2870,CUST_196,PROD_91,4,2026-01-06 17:14:07
2871,CUST_344,PROD_37,1,2026-01-07 03:00:10
2872,CUST_293,PROD_63,1,2026-01-22 22:49:50
2873,CUST_441,PROD_80,2,2026-01-09 21:58:21
2874,CUST_461,PROD_85,4,2026-01-10 03:04:42
2875,CUST_402,PROD_26,5,2026-01-08 22:19:43
2876,CUST_350,PROD_98,1,2026-01-07 10:56:46
2877,CUST_7,PROD_55,4,2026-01-12 15:07:32
2878,CUST_435,PROD_6,3,2026-01-26 05:58:22
2879,CUST_305,PROD_47,4,2026-01-19 07:31:39
2880,CUST_422,PROD_3,5,2025-12-30 06:24:50
2881,CUST_65,PROD_14,4,2026-01-07 22:44:09
2882,CUST_77,PROD_29,1,2026-01-13 23:03:39
2883,CUST_198,PROD_61,4,2026-01-02 05:53:10
2884,CUST_454,PROD_28,1,2026-01-05 06:11:49
2885,CUST_73,PROD_99,5,2026-01-26 21:44:29
2886,CUST_299,PROD_79,1,2025-12-29 09:28:01
2887,CUST_68,PROD_35,5,2026-01-08 13:28:06
2888,CUST_84,PROD_43,5,2026-01-02 16:24:28
2889,CUST_99,PROD_78,5,2026-01-04 16:02:50
2890,CUST_221,PROD_85,3,2026-01-07 04:57:11
2891,CUST_83,PROD_49,2,2026-01-16 23:39:12
2892,CUST_95,PROD_66,3,2026-01-25 04:27:53
2893,CUST_278,PROD_75,5,2026-01-12 16:59:17
2894,CUST_454,PROD_71,1,2026-01-19 16:32:07
2895,CUST_499,PROD_91,4,2026-01-05 06:43:15
2896,CUST_302,PROD_82,5,2025-12-28 22:54:23
2897,CUST_288,PROD_88,5,2026-01-16 22:48:36
2898,CUST_112,PROD_43,3,2026-01-10 09:40:08
2899,CUST_481,PROD_82,3,2026-01-24 21:01:09
2900,CUST_242,PROD_43,5,2026-01-01 14:12:31
2901,CUST_199,PROD_43,5,2025-12-29 00:31:33
2902,CUST_353,PROD_93,4,2026-01-13 13:07:38
2903,CUST_52,PROD_51,1,2026-01-08 11:58:17
2904,CUST_125,PROD_30,4,2026-01-03 20:50:27
2905,CUST_306,PROD_12,3,2026-01-03 19:48:50
2906,CUST_472,PROD_89,1,2026-01-10 22:34:47
2907,CUST_423,PROD_73,3,2026-01-15 18:00:20
2908,CUST_402,PROD_57,1,2026-01-13 10:45:11
2909,CUST_167,PROD_39,4,2026-01-27 13:22:48
2910,CUST_220,PROD_2,4,2025-12-29 00:45:29
2911,CUST_365,PROD_65,3,2026-01-19 16:09:44
2912,CUST_136,PROD_43,5,2025-12-29 04:38:53
2913,CUST_430,PROD_14,2,2026-01-07 17:01:52
2914,CUST_257,PROD_11,5,2026-01-01 08:51:20
2915,CUST_224,PROD_83,3,2026-01-06 13:50:51
2916,CUST_116,PROD_26,2,2026-01-25 19:11:22
2917,CUST_461,PROD_10,2,2026-01-05 03:46:34
2918,CUST_416,PROD_48,2,2026-01-02 19:38:04
2919,CUST_56,PROD_26,2,2026-01-20 07:26:08
2920,CUST_226,PROD_67,3,2026-01-23 21:28:00
2921,CUST_110,PROD_87,2,2026-01-12 04:10:39
2922,CUST_323,PROD_16,2,2026-01-17 07:54:32
2923,CUST_83,PROD_74,1,2026-01-06 21:16:49
2924,CUST_37,PROD_33,1,2026-01-07 19:38:35
2925,CUST_181,PROD_67,2,2026-01-02 16:55:10
2926,CUST_91,PROD_90,3,2025-12-31 05:25:17
2927,CUST_314,PROD_100,4,2026-01-23 15:50:37
2928,CUST_291,PROD_56,5,2026-01-20 18:00:16
2929,CUST_228,PROD_13,3,2026-01-04 10:22:31
2930,CUST_320,PROD_48,1,2026-01-06 06:54:40
2931,CUST_474,PROD_55,1,2026-01-14 00:58:46
2932,CUST_203,PROD_57,5,2026-01-23 06:04:51
2933,CUST_220,PROD_88,4,2026-01-02 07:37:42
2934,CUST_230,PROD_67,4,2026-01-13 06:23:39
2935,CUST_238,PROD_24,1,2026-01-15 07:51:46
2936,CUST_228,PROD_60,4,2026-01-27 03:30:11
2937,CUST_2,PROD_93,3,2026-01-03 15:50:16
2938,CUST_311,PROD_11,1,2026-01-04 05:52:00
2939,CUST_435,PROD_18,2,2026-01-02 14:33:26
2940,CUST_242,PROD_58,5,2026-01-08 06:11:49
2941,CUST_113,PROD_84,3,2026-01-15 08:19:33
2942,CUST_362,PROD_99,2,2026-01-02 23:13:20
2943,CUST_369,PROD_40,5,2026-01-02 14:02:24
2944,CUST_366,PROD_12,2,2026-01-03 02:00:24
2945,CUST_251,PROD_35,5,2026-01-26 09:37:52
2946,CUST_109,PROD_73,3,2026-01-07 11:36:33
2947,CUST_377,PROD_12,2,2026-01-12 02:15:05
2948,CUST_58,PROD_45,4,2025-12-31 13:50:33
2949,CUST_55,PROD_40,1,2026-01-14 01:03:17
2950,CUST_300,PROD_61,2,2026-01-16 23:20:00
2951,CUST_459,PROD_36,3,2026-01-15 08:48:38
2952,CUST_136,PROD_27,4,2026-01-22 15:42:23
2953,CUST_36,PROD_46,3,2026-01-17 07:18:39
2954,CUST_179,PROD_49,3,2026-01-01 07:02:20
2955,CUST_238,PROD_7,1,2026-01-15 07:33:13
2956,CUST_210,PROD_27,4,2026-01-04 21:51:16
2957,CUST_189,PROD_74,3,2026-01-06 17:16:05
2958,CUST_472,PROD_74,5,2026-01-08 10:02:17
2959,CUST_154,PROD_99,2,2026-01-25 11:23:59
2960,CUST_69,PROD_32,5,2026-01-25 18:33:05
2961,CUST_79,PROD_88,5,2026-01-22 02:19:04
2962,CUST_73,PROD_33,3,2026-01-19 12:27:36
2963,CUST_151,PROD_96,3,2025-12-31 14:35:45
2964,CUST_58,PROD_66,2,2026-01-26 16:39:18
2965,CUST_62,PROD_22,4,2026-01-25 19:46:12
2966,CUST_337,PROD_94,3,2025-12-30 22:15:45
2967,CUST_378,PROD_3,4,2026-01-11 04:51:11
2968,CUST_18,PROD_48,2,2026-01-09 16:58:35
2969,CUST_44,PROD_34,3,2026-01-04 20:27:03
2970,CUST_317,PROD_7,4,2026-01-18 06:44:00
2971,CUST_380,PROD_64,4,2025-12-29 20:30:08
2972,CUST_261,PROD_29,3,2026-01-15 23:46:43
2973,CUST_465,PROD_24,5,2026-01-15 01:52:37
2974,CUST_47,PROD_42,2,2026-01-22 09:17:44
2975,CUST_388,PROD_20,4,2026-01-12 20:58:55
2976,CUST_259,PROD_22,2,2026-01-19 13:26:55
2977,CUST_305,PROD_98,5,2025-12-30 08:36:25
2978,CUST_307,PROD_20,5,2026-01-21 05:32:00
2979,CUST_393,PROD_30,2,2026-01-15 17:50:30
2980,CUST_55,PROD_6,4,2026-01-05 09:44:00
2981,CUST_120,PROD_32,5,2026-01-24 22:07:33
2982,CUST_455,PROD_23,1,2026-01-22 11:01:02
2983,CUST_22,PROD_45,4,2025-12-29 21:41:53
2984,CUST_65,PROD_31,4,2026-01-08 01:22:22
2985,CUST_363,PROD_3,5,2026-01-04 13:49:44
2986,CUST_372,PROD_84,1,2026-01-01 18:44:49
2987,CUST_360,PROD_74,3,2026-01-16 02:04:42
2988,CUST_30,PROD_8,2,2026-01-18 12:02:43
2989,CUST_296,PROD_46,4,2026-01-15 09:27:27
2990,CUST_44,PROD_84,2,2026-01-05 05:46:04
2991,CUST_318,PROD_12,5,2026-01-16 13:17:41
2992,CUST_337,PROD_3,1,2026-01-02 09:28:35
2993,CUST_474,PROD_100,4,2026-01-21 13:38:04
2994,CUST_411,PROD_89,5,2026-01-09 01:04:02
2995,CUST_49,PROD_84,3,2025-12-31 08:36:29
2996,CUST_38,PROD_72,4,2026-01-02 02:56:38
2997,CUST_459,PROD_2,3,2026-01-09 14:18:02
2998,CUST_382,PROD_73,5,2026-01-25 21:58:22
2999,CUST_134,PROD_67,5,2026-01-03 03:11:03
3000,CUST_313,PROD_55,2,2026-01-17 23:53:17
3001,CUST_416,PROD_4,5,2026-01-27 05:57:41
3002,CUST_281,PROD_55,5,2026-01-02 00:27:23
3003,CUST_153,PROD_50,4,2026-01-17 16:21:38
3004,CUST_22,PROD_64,5,2026-01-02 06:26:40
3005,CUST_296,PROD_63,5,2026-01-04 16:02:47
3006,CUST_204,PROD_32,1,2026-01-26 14:50:56
3007,CUST_96,PROD_52,1,2026-01-25 23:10:53
3008,CUST_492,PROD_65,1,2026-01-13 04:57:27
3009,CUST_225,PROD_42,5,2026-01-21 05:22:18
3010,CUST_85,PROD_12,1,2026-01-25 06:12:50
3011,CUST_221,PROD_81,1,2026-01-04 20:51:55
3012,CUST_354,PROD_26,4,2026-01-04 03:54:39
3013,CUST_135,PROD_98,1,2026-01-17 16:32:57
3014,CUST_461,PROD_13,3,2025-12-30 09:32:29
3015,CUST_392,PROD_71,3,2026-01-22 05:17:43
3016,CUST_132,PROD_42,2,2026-01-13 03:59:13
3017,CUST_388,PROD_12,4,2026-01-09 22:29:41
3018,CUST_465,PROD_63,3,2026-01-01 14:38:59
3019,CUST_417,PROD_14,4,2025-12-29 17:51:54
3020,CUST_23,PROD_48,4,2026-01-13 21:01:30
3021,CUST_160,PROD_40,2,2026-01-18 14:10:47
3022,CUST_161,PROD_34,2,2026-01-07 21:34:10
3023,CUST_488,PROD_63,2,2026-01-26 04:39:30
3024,CUST_79,PROD_57,3,2026-01-03 03:03:26
3025,CUST_4,PROD_50,3,2026-01-13 19:25:07
3026,CUST_184,PROD_89,4,2026-01-05 06:00:12
3027,CUST_287,PROD_84,3,2026-01-26 20:12:14
3028,CUST_425,PROD_83,1,2026-01-17 01:33:01
3029,CUST_149,PROD_50,5,2026-01-07 20:34:17
3030,CUST_243,PROD_29,4,2026-01-11 21:47:57
3031,CUST_277,PROD_35,4,2026-01-08 22:42:35
3032,CUST_441,PROD_100,3,2025-12-29 06:36:51
3033,CUST_53,PROD_97,3,2026-01-02 01:18:17
3034,CUST_350,PROD_22,4,2025-12-28 20:09:04
3035,CUST_219,PROD_91,5,2026-01-02 17:22:52
3036,CUST_326,PROD_50,2,2026-01-27 13:15:29
3037,CUST_474,PROD_49,1,2026-01-12 15:53:32
3038,CUST_14,PROD_15,3,2026-01-10 11:11:57
3039,CUST_126,PROD_80,4,2026-01-04 00:13:01
3040,CUST_289,PROD_24,5,2026-01-18 04:23:32
3041,CUST_440,PROD_54,5,2026-01-02 19:05:32
3042,CUST_371,PROD_6,2,2026-01-24 02:21:16
3043,CUST_429,PROD_68,3,2026-01-02 06:48:46
3044,CUST_356,PROD_76,4,2026-01-11 14:36:08
3045,CUST_150,PROD_39,3,2026-01-11 04:50:07
3046,CUST_68,PROD_54,1,2026-01-12 12:21:21
3047,CUST_294,PROD_47,2,2026-01-10 08:57:41
3048,CUST_209,PROD_5,5,2026-01-23 20:01:24
3049,CUST_327,PROD_60,4,2026-01-08 02:13:49
3050,CUST_488,PROD_89,1,2026-01-08 09:16:32
3051,CUST_254,PROD_92,2,2026-01-11 15:01:21
3052,CUST_100,PROD_18,5,2026-01-19 18:47:53
3053,CUST_311,PROD_6,3,2026-01-15 01:52:37
3054,CUST_409,PROD_90,2,2026-01-01 08:39:43
3055,CUST_131,PROD_83,2,2025-12-30 21:10:33
3056,CUST_177,PROD_6,4,2026-01-03 23:09:36
3057,CUST_51,PROD_55,4,2026-01-03 16:36:58
3058,CUST_13,PROD_24,2,2026-01-21 09:37:23
3059,CUST_452,PROD_75,3,2026-01-08 12:39:22
3060,CUST_265,PROD_95,1,2026-01-20 21:29:07
3061,CUST_412,PROD_24,1,2026-01-16 10:21:47
3062,CUST_496,PROD_31,3,2026-01-25 19:38:10
3063,CUST_441,PROD_81,3,2026-01-17 15:14:15
3064,CUST_115,PROD_89,3,2026-01-03 23:47:14
3065,CUST_31,PROD_16,3,2026-01-21 13:26:21
3066,CUST_241,PROD_31,4,2025-12-31 00:29:57
3067,CUST_274,PROD_76,4,2025-12-29 04:40:53
3068,CUST_275,PROD_68,1,2026-01-12 17:46:55
3069,CUST_326,PROD_33,2,2026-01-08 08:41:58
3070,CUST_77,PROD_81,1,2026-01-21 08:58:30
3071,CUST_286,PROD_11,2,2026-01-11 10:55:03
3072,CUST_185,PROD_79,3,2026-01-04 15:37:38
3073,CUST_34,PROD_39,2,2026-01-03 20:14:40
3074,CUST_347,PROD_1,3,2026-01-03 21:40:07
3075,CUST_282,PROD_78,2,2026-01-01 18:16:02
3076,CUST_69,PROD_52,5,2026-01-18 04:40:51
3077,CUST_86,PROD_64,5,2026-01-27 17:26:23
3078,CUST_185,PROD_42,1,2026-01-10 03:43:02
3079,CUST_21,PROD_77,4,2026-01-02 17:48:33
3080,CUST_429,PROD_37,1,2026-01-16 05:02:17
3081,CUST_63,PROD_88,3,2026-01-23 15:25:53
3082,CUST_484,PROD_82,5,2026-01-09 10:41:24
3083,CUST_26,PROD_44,1,2026-01-08 06:32:07
3084,CUST_249,PROD_7,1,2026-01-04 04:20:59
3085,CUST_314,PROD_3,5,2025-12-29 14:35:40
3086,CUST_269,PROD_96,1,2026-01-01 21:11:42
3087,CUST_489,PROD_83,4,2026-01-13 01:11:41
3088,CUST_339,PROD_49,4,2025-12-30 18:02:15
3089,CUST_271,PROD_65,5,2026-01-23 15:54:36
3090,CUST_118,PROD_78,3,2026-01-21 11:03:47
3091,CUST_124,PROD_3,5,2026-01-14 05:13:43
3092,CUST_478,PROD_38,5,2026-01-11 15:58:12
3093,CUST_2,PROD_71,3,2026-01-24 03:32:02
3094,CUST_257,PROD_60,2,2026-01-06 16:07:06
3095,CUST_128,PROD_43,5,2026-01-06 09:01:05
3096,CUST_144,PROD_27,3,2026-01-07 18:36:45
3097,CUST_74,PROD_68,4,2026-01-06 13:26:48
3098,CUST_484,PROD_60,1,2026-01-06 09:04:05
3099,CUST_321,PROD_37,3,2026-01-20 20:58:53
3100,CUST_229,PROD_79,5,2026-01-10 23:11:06
3101,CUST_449,PROD_5,2,2026-01-14 14:01:14
3102,CUST_123,PROD_12,5,2026-01-09 18:22:40
3103,CUST_136,PROD_5,3,2026-01-05 22:15:35
3104,CUST_408,PROD_14,2,2026-01-19 04:09:06
3105,CUST_301,PROD_91,3,2026-01-20 06:24:27
3106,CUST_211,PROD_57,3,2026-01-14 10:14:05
3107,CUST_151,PROD_29,3,2026-01-15 13:37:18
3108,CUST_432,PROD_54,3,2026-01-01 19:21:26
3109,CUST_395,PROD_47,2,2026-01-09 01:39:41
3110,CUST_136,PROD_71,3,2026-01-16 00:59:16
3111,CUST_293,PROD_96,2,2026-01-18 21:22:44
3112,CUST_489,PROD_31,2,2026-01-21 00:46:14
3113,CUST_25,PROD_17,3,2026-01-11 07:43:59
3114,CUST_118,PROD_60,2,2026-01-26 11:24:20
3115,CUST_39,PROD_96,1,2025-12-30 21:17:05
3116,CUST_133,PROD_55,5,2026-01-13 07:37:59
3117,CUST_262,PROD_41,2,2026-01-19 22:30:46
3118,CUST_212,PROD_3,4,2026-01-04 03:27:26
3119,CUST_204,PROD_2,2,2026-01-10 02:41:53
3120,CUST_332,PROD_11,4,2026-01-20 22:30:28
3121,CUST_224,PROD_8,2,2026-01-25 13:48:34
3122,CUST_437,PROD_31,3,2026-01-10 21:43:13
3123,CUST_47,PROD_37,3,2026-01-21 06:30:18
3124,CUST_117,PROD_48,3,2026-01-23 19:10:29
3125,CUST_144,PROD_17,3,2026-01-15 10:48:14
3126,CUST_166,PROD_53,4,2026-01-10 00:19:31
3127,CUST_397,PROD_29,1,2026-01-03 04:55:05
3128,CUST_434,PROD_69,3,2026-01-15 07:41:42
3129,CUST_184,PROD_88,5,2026-01-03 03:43:02
3130,CUST_438,PROD_45,5,2026-01-07 09:48:40
3131,CUST_109,PROD_10,4,2026-01-23 01:52:43
3132,CUST_142,PROD_53,5,2026-01-21 21:44:19
3133,CUST_336,PROD_93,5,2026-01-24 08:37:24
3134,CUST_304,PROD_61,4,2026-01-24 05:59:09
3135,CUST_97,PROD_93,4,2026-01-17 02:17:33
3136,CUST_430,PROD_38,4,2026-01-09 18:19:32
3137,CUST_164,PROD_62,2,2026-01-02 06:02:50
3138,CUST_112,PROD_42,2,2026-01-09 09:46:20
3139,CUST_145,PROD_61,1,2026-01-26 14:45:14
3140,CUST_107,PROD_61,4,2026-01-23 06:59:11
3141,CUST_126,PROD_46,4,2026-01-24 09:01:31
3142,CUST_212,PROD_31,1,2026-01-04 05:42:20
3143,CUST_47,PROD_69,4,2025-12-28 23:28:43
3144,CUST_458,PROD_58,2,2026-01-24 09:11:58
3145,CUST_360,PROD_2,3,2026-01-12 21:09:30
3146,CUST_137,PROD_85,5,2026-01-09 21:01:57
3147,CUST_320,PROD_23,4,2026-01-19 05:35:51
3148,CUST_220,PROD_19,5,2026-01-07 16:56:50
3149,CUST_97,PROD_32,4,2026-01-14 16:21:38
3150,CUST_75,PROD_15,1,2026-01-18 22:11:15
3151,CUST_491,PROD_68,2,2026-01-14 19:51:06
3152,CUST_465,PROD_77,5,2026-01-13 12:39:09
3153,CUST_385,PROD_27,1,2026-01-18 13:03:12
3154,CUST_463,PROD_37,1,2026-01-02 22:39:42
3155,CUST_81,PROD_10,2,2026-01-04 20:44:27
3156,CUST_196,PROD_36,1,2026-01-04 14:56:27
3157,CUST_320,PROD_79,4,2026-01-24 17:03:43
3158,CUST_76,PROD_62,4,2025-12-29 19:15:51
3159,CUST_456,PROD_50,2,2025-12-31 14:23:40
3160,CUST_281,PROD_33,4,2026-01-26 10:09:45
3161,CUST_134,PROD_54,1,2025-12-31 03:51:58
3162,CUST_425,PROD_6,3,2026-01-21 23:30:13
3163,CUST_428,PROD_7,2,2026-01-10 17:25:10
3164,CUST_105,PROD_45,4,2026-01-05 02:54:32
3165,CUST_132,PROD_9,1,2026-01-25 03:01:58
3166,CUST_297,PROD_24,1,2026-01-12 05:29:32
3167,CUST_112,PROD_84,5,2026-01-17 09:36:52
3168,CUST_116,PROD_5,1,2026-01-16 03:02:30
3169,CUST_108,PROD_63,5,2026-01-06 22:54:43
3170,CUST_492,PROD_17,1,2026-01-18 10:01:19
3171,CUST_382,PROD_54,2,2025-12-29 15:13:53
3172,CUST_448,PROD_36,5,2026-01-02 12:49:14
3173,CUST_234,PROD_89,4,2026-01-25 22:14:37
3174,CUST_269,PROD_76,4,2026-01-18 23:04:56
3175,CUST_336,PROD_98,4,2026-01-17 15:32:46
3176,CUST_183,PROD_45,5,2026-01-19 14:43:57
3177,CUST_67,PROD_4,2,2026-01-01 07:07:49
3178,CUST_6,PROD_98,3,2025-12-29 08:00:54
3179,CUST_21,PROD_15,4,2026-01-19 20:29:34
3180,CUST_274,PROD_48,3,2026-01-17 22:27:35
3181,CUST_344,PROD_82,2,2026-01-03 07:36:59
3182,CUST_293,PROD_29,3,2026-01-20 10:34:46
3183,CUST_317,PROD_21,2,2026-01-24 03:17:51
3184,CUST_197,PROD_26,2,2025-12-29 16:20:21
3185,CUST_348,PROD_83,4,2026-01-25 23:42:24
3186,CUST_244,PROD_62,2,2026-01-11 07:42:12
3187,CUST_197,PROD_69,2,2026-01-02 20:48:21
3188,CUST_346,PROD_11,1,2026-01-22 08:09:00
3189,CUST_177,PROD_70,5,2026-01-27 06:56:18
3190,CUST_479,PROD_89,5,2026-01-25 11:07:00
3191,CUST_166,PROD_14,2,2026-01-14 17:13:38
3192,CUST_225,PROD_63,3,2026-01-14 14:01:12
3193,CUST_356,PROD_81,5,2026-01-11 23:04:32
3194,CUST_166,PROD_21,5,2026-01-12 10:07:31
3195,CUST_166,PROD_25,2,2026-01-24 19:35:41
3196,CUST_329,PROD_4,4,2026-01-15 08:01:52
3197,CUST_423,PROD_88,2,2026-01-18 04:10:39
3198,CUST_220,PROD_3,3,2026-01-01 19:35:39
3199,CUST_14,PROD_7,1,2026-01-03 06:53:30
3200,CUST_414,PROD_11,2,2026-01-16 09:58:14
3201,CUST_357,PROD_26,5,2025-12-30 15:47:01
3202,CUST_306,PROD_40,4,2026-01-07 05:28:15
3203,CUST_278,PROD_28,5,2026-01-26 20:25:57
3204,CUST_209,PROD_89,1,2026-01-16 21:39:31
3205,CUST_214,PROD_10,1,2026-01-21 05:40:45
3206,CUST_221,PROD_51,3,2026-01-21 04:00:55
3207,CUST_165,PROD_13,4,2026-01-09 09:45:30
3208,CUST_228,PROD_47,3,2026-01-07 08:38:52
3209,CUST_237,PROD_81,5,2026-01-24 20:08:08
3210,CUST_40,PROD_72,5,2026-01-02 11:13:21
3211,CUST_92,PROD_27,5,2026-01-05 12:09:51
3212,CUST_465,PROD_98,2,2026-01-12 04:58:49
3213,CUST_133,PROD_1,5,2026-01-25 23:50:09
3214,CUST_470,PROD_100,1,2026-01-08 10:36:31
3215,CUST_441,PROD_33,5,2026-01-21 03:50:43
3216,CUST_399,PROD_88,4,2025-12-29 11:22:40
3217,CUST_406,PROD_32,1,2026-01-03 11:54:14
3218,CUST_12,PROD_96,3,2026-01-05 13:24:58
3219,CUST_214,PROD_73,5,2025-12-28 18:51:35
3220,CUST_34,PROD_72,5,2026-01-08 23:30:54
3221,CUST_492,PROD_67,4,2026-01-26 16:29:48
3222,CUST_40,PROD_95,2,2026-01-25 09:46:28
3223,CUST_453,PROD_31,1,2026-01-07 05:08:06
3224,CUST_158,PROD_94,5,2026-01-01 04:54:38
3225,CUST_53,PROD_66,5,2026-01-12 14:43:13
3226,CUST_376,PROD_23,1,2025-12-31 01:44:59
3227,CUST_263,PROD_78,5,2026-01-14 14:21:55
3228,CUST_447,PROD_94,1,2026-01-27 08:56:50
3229,CUST_312,PROD_59,5,2026-01-01 11:10:57
3230,CUST_216,PROD_22,5,2026-01-02 18:01:38
3231,CUST_492,PROD_68,1,2025-12-29 17:16:03
3232,CUST_201,PROD_60,5,2026-01-20 17:13:03
3233,CUST_466,PROD_95,2,2026-01-25 18:09:29
3234,CUST_201,PROD_40,1,2026-01-02 20:48:28
3235,CUST_75,PROD_13,5,2026-01-14 16:24:14
3236,CUST_63,PROD_31,1,2026-01-19 23:13:20
3237,CUST_126,PROD_58,2,2026-01-12 13:15:52
3238,CUST_8,PROD_94,4,2026-01-08 00:21:20
3239,CUST_434,PROD_1,3,2026-01-01 16:45:55
3240,CUST_187,PROD_65,5,2026-01-03 13:41:47
3241,CUST_396,PROD_65,4,2026-01-05 03:54:21
3242,CUST_302,PROD_51,3,2026-01-06 07:44:42
3243,CUST_10,PROD_2,2,2026-01-19 17:00:49
3244,CUST_331,PROD_18,5,2026-01-05 15:11:27
3245,CUST_143,PROD_98,4,2026-01-17 02:25:06
3246,CUST_470,PROD_46,2,2026-01-03 00:59:47
3247,CUST_462,PROD_88,4,2026-01-23 18:49:13
3248,CUST_9,PROD_67,4,2026-01-02 20:17:40
3249,CUST_15,PROD_36,2,2026-01-01 05:08:11
3250,CUST_24,PROD_92,1,2026-01-24 13:32:47
3251,CUST_113,PROD_17,1,2026-01-17 16:35:52
3252,CUST_428,PROD_19,1,2026-01-05 02:35:31
3253,CUST_316,PROD_67,1,2026-01-20 03:30:07
3254,CUST_290,PROD_95,4,2026-01-12 06:57:24
3255,CUST_313,PROD_100,3,2026-01-11 17:21:10
3256,CUST_257,PROD_67,1,2026-01-15 11:15:12
3257,CUST_17,PROD_22,1,2026-01-25 05:19:27
3258,CUST_41,PROD_82,5,2026-01-19 15:11:52
3259,CUST_162,PROD_38,2,2025-12-29 23:44:31
3260,CUST_239,PROD_27,3,2026-01-11 21:55:00
3261,CUST_194,PROD_18,1,2026-01-10 21:37:09
3262,CUST_437,PROD_63,5,2026-01-01 00:06:46
3263,CUST_341,PROD_41,2,2026-01-11 18:20:01
3264,CUST_181,PROD_92,4,2026-01-04 11:19:49
3265,CUST_82,PROD_69,2,2025-12-29 23:14:37
3266,CUST_308,PROD_34,1,2026-01-23 07:50:38
3267,CUST_408,PROD_4,1,2026-01-17 11:12:45
3268,CUST_432,PROD_88,3,2026-01-04 15:22:45
3269,CUST_265,PROD_69,4,2026-01-18 16:04:47
3270,CUST_158,PROD_83,2,2026-01-07 18:24:52
3271,CUST_247,PROD_37,3,2026-01-05 23:39:47
3272,CUST_109,PROD_59,1,2026-01-17 23:38:37
3273,CUST_371,PROD_93,1,2026-01-19 04:18:11
3274,CUST_417,PROD_61,4,2026-01-02 07:57:58
3275,CUST_313,PROD_83,2,2026-01-20 04:28:36
3276,CUST_39,PROD_92,3,2026-01-16 11:21:48
3277,CUST_84,PROD_64,4,2026-01-22 06:42:58
3278,CUST_304,PROD_7,4,2026-01-22 16:35:23
3279,CUST_155,PROD_24,1,2026-01-01 23:07:27
3280,CUST_400,PROD_39,4,2026-01-03 11:50:41
3281,CUST_447,PROD_3,1,2026-01-27 15:20:55
3282,CUST_372,PROD_61,4,2026-01-11 16:49:28
3283,CUST_165,PROD_23,5,2025-12-29 01:39:38
3284,CUST_275,PROD_81,2,2026-01-24 21:02:03
3285,CUST_294,PROD_55,4,2026-01-27 03:24:21
3286,CUST_161,PROD_84,2,2026-01-15 09:00:14
3287,CUST_280,PROD_70,1,2026-01-27 16:04:05
3288,CUST_463,PROD_82,4,2026-01-19 11:24:05
3289,CUST_436,PROD_17,2,2025-12-30 23:51:38
3290,CUST_145,PROD_100,1,2026-01-07 13:22:21
3291,CUST_143,PROD_67,5,2026-01-01 09:22:52
3292,CUST_433,PROD_76,2,2026-01-03 09:35:48
3293,CUST_487,PROD_24,3,2026-01-16 23:35:02
3294,CUST_307,PROD_95,5,2026-01-27 08:02:03
3295,CUST_194,PROD_45,5,2026-01-16 04:10:39
3296,CUST_299,PROD_32,1,2026-01-07 06:09:16
3297,CUST_274,PROD_79,1,2026-01-24 14:43:56
3298,CUST_315,PROD_39,1,2025-12-31 13:41:32
3299,CUST_255,PROD_10,4,2026-01-24 13:55:04
3300,CUST_133,PROD_30,1,2026-01-21 20:53:09
3301,CUST_130,PROD_12,4,2025-12-29 01:41:45
3302,CUST_367,PROD_44,5,2026-01-14 07:16:20
3303,CUST_68,PROD_13,1,2026-01-20 21:27:41
3304,CUST_273,PROD_72,3,2026-01-15 00:11:54
3305,CUST_353,PROD_43,4,2026-01-02 07:40:39
3306,CUST_328,PROD_89,4,2025-12-29 21:23:43
3307,CUST_395,PROD_83,3,2026-01-13 06:34:15
3308,CUST_414,PROD_30,2,2026-01-08 10:53:10
3309,CUST_381,PROD_15,1,2026-01-02 15:49:34
3310,CUST_324,PROD_5,3,2026-01-02 16:40:49
3311,CUST_191,PROD_96,4,2026-01-17 00:35:51
3312,CUST_332,PROD_100,2,2026-01-18 13:52:46
3313,CUST_9,PROD_27,2,2026-01-04 13:08:29
3314,CUST_255,PROD_18,3,2026-01-26 21:16:50
3315,CUST_280,PROD_92,1,2026-01-13 18:41:27
3316,CUST_362,PROD_15,3,2026-01-26 19:33:59
3317,CUST_54,PROD_91,5,2026-01-17 21:24:15
3318,CUST_141,PROD_59,4,2025-12-31 23:07:58
3319,CUST_421,PROD_88,3,2025-12-30 16:27:49
3320,CUST_198,PROD_24,2,2026-01-13 08:35:49
3321,CUST_126,PROD_21,3,2026-01-02 14:27:09
3322,CUST_377,PROD_56,1,2026-01-15 15:53:46
3323,CUST_308,PROD_62,4,2026-01-06 03:12:33
3324,CUST_74,PROD_55,2,2026-01-02 02:20:02
3325,CUST_15,PROD_39,1,2026-01-11 14:18:33
3326,CUST_274,PROD_18,3,2026-01-24 20:32:45
3327,CUST_282,PROD_12,1,2026-01-22 09:17:54
3328,CUST_120,PROD_9,3,2025-12-28 23:30:32
3329,CUST_230,PROD_66,5,2026-01-14 18:36:24
3330,CUST_468,PROD_66,5,2026-01-20 16:39:06
3331,CUST_462,PROD_73,5,2026-01-20 16:53:34
3332,CUST_21,PROD_66,2,2026-01-15 03:47:53
3333,CUST_308,PROD_92,5,2026-01-12 11:54:54
3334,CUST_458,PROD_22,3,2025-12-31 04:23:31
3335,CUST_2,PROD_16,2,2026-01-02 18:40:43
3336,CUST_453,PROD_48,2,2026-01-14 00:58:25
3337,CUST_376,PROD_31,4,2026-01-26 04:08:59
3338,CUST_478,PROD_23,4,2026-01-13 00:56:39
3339,CUST_328,PROD_73,2,2026-01-15 00:38:45
3340,CUST_156,PROD_71,3,2026-01-22 19:58:06
3341,CUST_227,PROD_67,1,2026-01-25 11:53:00
3342,CUST_340,PROD_85,1,2026-01-03 08:01:54
3343,CUST_421,PROD_88,5,2026-01-04 02:12:33
3344,CUST_169,PROD_92,2,2026-01-08 10:06:48
3345,CUST_214,PROD_36,2,2026-01-05 11:32:52
3346,CUST_401,PROD_14,5,2026-01-03 16:07:33
3347,CUST_21,PROD_100,1,2026-01-27 13:51:01
3348,CUST_78,PROD_57,2,2026-01-10 18:38:35
3349,CUST_372,PROD_33,3,2026-01-03 07:16:06
3350,CUST_337,PROD_54,1,2026-01-07 12:03:34
3351,CUST_404,PROD_64,3,2026-01-22 16:32:24
3352,CUST_341,PROD_9,1,2026-01-08 10:06:10
3353,CUST_412,PROD_95,5,2026-01-07 22:52:21
3354,CUST_222,PROD_38,2,2026-01-05 14:31:08
3355,CUST_257,PROD_57,3,2026-01-20 01:28:47
3356,CUST_359,PROD_63,5,2026-01-11 07:28:40
3357,CUST_244,PROD_21,1,2026-01-17 05:45:08
3358,CUST_417,PROD_60,3,2026-01-27 11:44:05
3359,CUST_76,PROD_98,2,2026-01-09 17:51:19
3360,CUST_192,PROD_2,4,2026-01-27 07:38:51
3361,CUST_198,PROD_67,2,2025-12-30 08:49:25
3362,CUST_434,PROD_58,2,2025-12-31 01:42:26
3363,CUST_319,PROD_67,1,2026-01-16 08:00:27
3364,CUST_168,PROD_10,4,2026-01-08 22:48:59
3365,CUST_157,PROD_85,5,2026-01-05 03:13:46
3366,CUST_329,PROD_9,4,2026-01-25 03:30:24
3367,CUST_57,PROD_80,2,2026-01-22 05:37:53
3368,CUST_398,PROD_72,4,2026-01-06 14:34:24
3369,CUST_185,PROD_10,5,2026-01-06 06:57:17
3370,CUST_330,PROD_1,2,2026-01-06 14:20:28
3371,CUST_478,PROD_88,1,2026-01-10 19:26:00
3372,CUST_467,PROD_83,5,2026-01-14 18:11:47
3373,CUST_329,PROD_46,1,2026-01-21 23:42:58
3374,CUST_215,PROD_62,3,2026-01-04 15:30:59
3375,CUST_428,PROD_40,5,2026-01-27 10:40:31
3376,CUST_293,PROD_10,5,2026-01-14 08:49:49
3377,CUST_426,PROD_54,3,2025-12-29 16:01:12
3378,CUST_105,PROD_50,1,2026-01-04 17:55:44
3379,CUST_46,PROD_72,4,2026-01-10 14:08:53
3380,CUST_156,PROD_30,1,2026-01-08 23:52:40
3381,CUST_483,PROD_63,1,2026-01-03 04:00:18
3382,CUST_278,PROD_31,5,2026-01-06 01:01:29
3383,CUST_235,PROD_62,5,2026-01-05 02:29:52
3384,CUST_282,PROD_10,2,2026-01-09 01:26:52
3385,CUST_4,PROD_9,1,2026-01-07 01:11:25
3386,CUST_331,PROD_94,3,2026-01-16 10:25:35
3387,CUST_261,PROD_72,4,2026-01-27 16:39:03
3388,CUST_163,PROD_13,3,2026-01-06 21:00:22
3389,CUST_439,PROD_6,1,2026-01-19 05:51:52
3390,CUST_237,PROD_63,1,2025-12-31 16:51:06
3391,CUST_299,PROD_61,4,2026-01-11 10:34:08
3392,CUST_293,PROD_30,4,2026-01-24 22:23:50
3393,CUST_27,PROD_84,4,2026-01-27 05:30:01
3394,CUST_130,PROD_10,2,2026-01-19 03:50:00
3395,CUST_113,PROD_6,4,2026-01-02 04:39:36
3396,CUST_99,PROD_20,5,2026-01-25 17:36:37
3397,CUST_325,PROD_34,3,2026-01-13 00:07:44
3398,CUST_161,PROD_25,2,2026-01-02 04:03:47
3399,CUST_52,PROD_53,2,2026-01-04 07:38:26
3400,CUST_404,PROD_15,4,2026-01-25 22:04:28
3401,CUST_465,PROD_4,3,2026-01-18 09:39:00
3402,CUST_412,PROD_59,2,2026-01-02 00:43:32
3403,CUST_475,PROD_45,4,2026-01-06 15:53:22
3404,CUST_445,PROD_15,5,2026-01-24 10:47:51
3405,CUST_118,PROD_74,4,2026-01-14 07:07:14
3406,CUST_29,PROD_54,5,2026-01-06 02:37:11
3407,CUST_442,PROD_31,1,2026-01-01 12:53:11
3408,CUST_419,PROD_69,1,2026-01-18 22:21:24
3409,CUST_472,PROD_34,1,2026-01-11 06:44:40
3410,CUST_74,PROD_70,4,2026-01-03 06:12:40
3411,CUST_277,PROD_63,1,2025-12-29 15:34:07
3412,CUST_11,PROD_24,2,2025-12-30 03:08:20
3413,CUST_484,PROD_51,5,2026-01-03 12:24:42
3414,CUST_16,PROD_54,2,2026-01-15 12:42:48
3415,CUST_95,PROD_91,4,2026-01-08 18:21:04
3416,CUST_488,PROD_60,2,2026-01-01 18:45:44
3417,CUST_370,PROD_17,3,2026-01-02 03:59:33
3418,CUST_96,PROD_87,3,2026-01-08 04:09:36
3419,CUST_240,PROD_26,2,2026-01-12 04:51:06
3420,CUST_131,PROD_8,3,2026-01-20 19:15:50
3421,CUST_169,PROD_47,4,2026-01-22 13:29:52
3422,CUST_415,PROD_60,3,2026-01-23 18:27:22
3423,CUST_408,PROD_45,2,2026-01-03 13:40:04
3424,CUST_451,PROD_14,1,2026-01-27 07:45:53
3425,CUST_8,PROD_46,3,2026-01-19 21:32:14
3426,CUST_44,PROD_47,1,2026-01-03 22:29:30
3427,CUST_308,PROD_53,5,2026-01-15 06:59:21
3428,CUST_302,PROD_16,2,2026-01-04 19:10:32
3429,CUST_180,PROD_2,5,2026-01-14 23:21:47
3430,CUST_335,PROD_99,3,2026-01-22 07:56:47
3431,CUST_77,PROD_45,3,2026-01-16 01:08:05
3432,CUST_81,PROD_36,5,2026-01-24 21:16:52
3433,CUST_149,PROD_74,2,2026-01-14 18:19:49
3434,CUST_151,PROD_28,4,2025-12-28 22:01:16
3435,CUST_109,PROD_94,2,2025-12-30 21:04:46
3436,CUST_222,PROD_13,1,2026-01-25 20:44:07
3437,CUST_115,PROD_94,3,2026-01-06 02:59:08
3438,CUST_306,PROD_9,3,2026-01-08 18:58:02
3439,CUST_310,PROD_70,3,2026-01-13 00:36:19
3440,CUST_220,PROD_80,1,2026-01-03 17:20:55
3441,CUST_68,PROD_11,5,2026-01-15 06:46:51
3442,CUST_79,PROD_5,5,2026-01-21 18:19:26
3443,CUST_121,PROD_91,4,2026-01-02 16:47:29
3444,CUST_405,PROD_36,5,2026-01-22 20:51:32
3445,CUST_168,PROD_96,1,2026-01-01 05:43:04
3446,CUST_110,PROD_27,1,2026-01-22 15:41:45
3447,CUST_330,PROD_12,4,2026-01-23 21:28:07
3448,CUST_332,PROD_30,4,2025-12-31 10:43:35
3449,CUST_313,PROD_32,3,2026-01-10 00:44:53
3450,CUST_117,PROD_11,4,2026-01-18 06:37:00
3451,CUST_291,PROD_86,2,2026-01-14 23:49:47
3452,CUST_458,PROD_2,1,2026-01-05 18:56:18
3453,CUST_493,PROD_9,5,2026-01-09 06:54:46
3454,CUST_453,PROD_51,2,2026-01-26 02:56:04
3455,CUST_240,PROD_64,4,2026-01-25 16:31:38
3456,CUST_198,PROD_69,5,2026-01-20 19:45:19
3457,CUST_213,PROD_56,3,2026-01-17 03:30:55
3458,CUST_260,PROD_42,5,2026-01-23 17:48:53
3459,CUST_53,PROD_83,1,2025-12-30 13:35:32
3460,CUST_13,PROD_46,3,2025-12-31 01:13:31
3461,CUST_355,PROD_15,4,2026-01-13 09:14:15
3462,CUST_67,PROD_59,2,2026-01-25 10:03:16
3463,CUST_309,PROD_38,4,2026-01-26 20:37:28
3464,CUST_65,PROD_95,2,2026-01-22 03:20:07
3465,CUST_29,PROD_41,5,2026-01-16 00:37:45
3466,CUST_171,PROD_36,5,2026-01-18 19:31:44
3467,CUST_228,PROD_100,1,2026-01-04 19:57:13
3468,CUST_6,PROD_60,5,2026-01-06 06:26:35
3469,CUST_99,PROD_89,2,2026-01-09 08:44:18
3470,CUST_491,PROD_28,1,2026-01-01 14:36:22
3471,CUST_181,PROD_67,2,2026-01-04 20:26:42
3472,CUST_186,PROD_61,1,2026-01-16 05:14:06
3473,CUST_20,PROD_68,3,2026-01-23 16:48:10
3474,CUST_294,PROD_42,1,2026-01-17 17:21:01
3475,CUST_248,PROD_85,4,2026-01-18 08:57:32
3476,CUST_191,PROD_47,3,2026-01-17 20:25:36
3477,CUST_353,PROD_86,4,2026-01-26 15:51:39
3478,CUST_375,PROD_26,4,2026-01-14 03:26:45
3479,CUST_136,PROD_59,4,2026-01-18 06:06:36
3480,CUST_181,PROD_4,5,2026-01-12 09:46:58
3481,CUST_369,PROD_55,5,2026-01-13 18:33:20
3482,CUST_342,PROD_75,3,2026-01-22 09:36:32
3483,CUST_402,PROD_42,1,2026-01-13 05:26:17
3484,CUST_50,PROD_14,4,2026-01-22 13:07:33
3485,CUST_248,PROD_13,1,2026-01-03 23:44:09
3486,CUST_112,PROD_41,3,2026-01-06 01:44:56
3487,CUST_246,PROD_9,5,2025-12-29 20:41:52
3488,CUST_426,PROD_42,2,2026-01-10 12:28:07
3489,CUST_267,PROD_17,5,2026-01-11 03:48:15
3490,CUST_189,PROD_84,5,2026-01-26 02:40:41
3491,CUST_71,PROD_59,5,2026-01-14 16:01:42
3492,CUST_171,PROD_50,1,2026-01-02 05:17:28
3493,CUST_426,PROD_90,1,2026-01-10 20:03:04
3494,CUST_459,PROD_56,3,2025-12-29 16:06:22
3495,CUST_387,PROD_50,4,2026-01-14 01:09:05
3496,CUST_16,PROD_59,3,2026-01-12 06:20:08
3497,CUST_311,PROD_2,2,2026-01-18 11:26:32
3498,CUST_257,PROD_6,5,2025-12-31 14:30:29
3499,CUST_408,PROD_74,2,2026-01-10 13:09:37
3500,CUST_345,PROD_24,1,2026-01-12 02:21:01
3501,CUST_447,PROD_72,3,2026-01-11 22:37:00
3502,CUST_310,PROD_25,4,2026-01-07 21:19:54
3503,CUST_202,PROD_99,2,2025-12-30 04:46:04
3504,CUST_242,PROD_47,2,2026-01-23 08:42:13
3505,CUST_181,PROD_9,3,2026-01-10 00:38:35
3506,CUST_419,PROD_92,2,2026-01-11 11:21:10
3507,CUST_192,PROD_37,4,2026-01-27 15:29:15
3508,CUST_268,PROD_15,4,2026-01-04 03:00:34
3509,CUST_185,PROD_81,4,2026-01-06 20:43:34
3510,CUST_393,PROD_80,2,2026-01-06 14:02:42
3511,CUST_229,PROD_63,1,2025-12-29 08:23:20
3512,CUST_173,PROD_32,3,2026-01-11 04:01:06
3513,CUST_433,PROD_3,4,2026-01-18 06:27:48
3514,CUST_73,PROD_46,3,2026-01-16 08:28:24
3515,CUST_403,PROD_13,3,2026-01-25 04:34:43
3516,CUST_80,PROD_43,3,2026-01-02 07:25:29
3517,CUST_207,PROD_73,2,2026-01-23 18:30:15
3518,CUST_100,PROD_13,3,2026-01-25 02:15:06
3519,CUST_39,PROD_32,5,2026-01-14 02:01:34
3520,CUST_490,PROD_68,2,2026-01-02 13:59:26
3521,CUST_413,PROD_69,1,2026-01-06 12:02:18
3522,CUST_370,PROD_91,4,2026-01-21 01:53:27
3523,CUST_427,PROD_74,1,2026-01-22 22:41:24
3524,CUST_370,PROD_53,2,2026-01-09 05:17:39
3525,CUST_64,PROD_86,3,2026-01-20 05:24:12
3526,CUST_399,PROD_39,5,2026-01-03 09:23:15
3527,CUST_398,PROD_6,4,2026-01-15 15:38:41
3528,CUST_390,PROD_35,4,2026-01-13 22:43:15
3529,CUST_352,PROD_30,5,2026-01-24 12:00:17
3530,CUST_476,PROD_21,1,2026-01-01 06:15:34
3531,CUST_427,PROD_75,1,2026-01-22 13:05:48
3532,CUST_172,PROD_90,4,2026-01-23 14:47:04
3533,CUST_108,PROD_89,3,2026-01-05 02:46:09
3534,CUST_88,PROD_1,2,2026-01-21 20:15:23
3535,CUST_292,PROD_43,5,2026-01-04 06:01:45
3536,CUST_96,PROD_62,5,2026-01-15 08:17:03
3537,CUST_431,PROD_51,5,2026-01-25 23:02:35
3538,CUST_301,PROD_59,3,2026-01-07 22:53:43
3539,CUST_228,PROD_75,4,2026-01-11 07:16:39
3540,CUST_280,PROD_37,1,2026-01-21 03:02:10
3541,CUST_339,PROD_42,3,2026-01-03 18:16:45
3542,CUST_371,PROD_31,3,2026-01-19 15:54:45
3543,CUST_453,PROD_29,1,2026-01-15 12:39:53
3544,CUST_359,PROD_7,2,2026-01-14 15:39:41
3545,CUST_10,PROD_24,5,2026-01-14 00:57:14
3546,CUST_426,PROD_89,2,2026-01-15 15:12:05
3547,CUST_5,PROD_37,1,2026-01-26 13:06:16
3548,CUST_195,PROD_77,5,2026-01-14 21:01:48
3549,CUST_450,PROD_35,2,2026-01-17 05:51:44
3550,CUST_488,PROD_31,4,2026-01-12 11:38:45
3551,CUST_76,PROD_36,5,2026-01-22 08:31:50
3552,CUST_272,PROD_92,5,2026-01-12 22:49:25
3553,CUST_214,PROD_11,3,2026-01-20 16:43:23
3554,CUST_3,PROD_68,5,2026-01-16 08:56:47
3555,CUST_389,PROD_68,5,2026-01-07 20:15:04
3556,CUST_52,PROD_44,3,2025-12-30 01:25:23
3557,CUST_268,PROD_29,3,2026-01-15 16:13:28
3558,CUST_73,PROD_96,5,2026-01-22 10:39:55
3559,CUST_4,PROD_81,3,2026-01-24 15:24:05
3560,CUST_109,PROD_62,4,2026-01-03 19:04:30
3561,CUST_37,PROD_55,1,2026-01-16 17:55:46
3562,CUST_314,PROD_49,3,2026-01-24 10:56:08
3563,CUST_435,PROD_97,1,2026-01-03 17:50:37
3564,CUST_82,PROD_36,5,2026-01-15 18:49:50
3565,CUST_83,PROD_41,1,2026-01-25 18:49:56
3566,CUST_429,PROD_21,4,2026-01-01 20:09:36
3567,CUST_164,PROD_76,5,2026-01-01 02:22:34
3568,CUST_421,PROD_92,5,2026-01-02 12:57:10
3569,CUST_36,PROD_75,2,2026-01-04 21:54:04
3570,CUST_300,PROD_63,4,2026-01-02 21:27:42
3571,CUST_351,PROD_89,4,2026-01-15 03:16:48
3572,CUST_189,PROD_40,2,2026-01-16 16:31:32
3573,CUST_487,PROD_97,5,2026-01-25 05:28:31
3574,CUST_55,PROD_64,1,2026-01-18 03:58:25
3575,CUST_409,PROD_74,4,2026-01-27 12:56:18
3576,CUST_420,PROD_5,3,2026-01-05 16:49:20
3577,CUST_333,PROD_53,1,2026-01-21 07:48:11
3578,CUST_363,PROD_49,4,2026-01-23 09:06:07
3579,CUST_495,PROD_26,1,2026-01-01 00:35:31
3580,CUST_442,PROD_3,4,2026-01-16 17:51:16
3581,CUST_302,PROD_69,5,2026-01-10 22:19:01
3582,CUST_126,PROD_72,3,2026-01-25 23:12:04
3583,CUST_221,PROD_4,5,2026-01-19 14:28:48
3584,CUST_271,PROD_19,2,2026-01-12 22:27:20
3585,CUST_485,PROD_75,4,2026-01-23 17:04:33
3586,CUST_345,PROD_18,3,2026-01-05 12:23:37
3587,CUST_362,PROD_21,5,2026-01-15 14:19:06
3588,CUST_467,PROD_97,1,2026-01-04 22:45:48
3589,CUST_104,PROD_9,5,2026-01-04 01:48:07
3590,CUST_25,PROD_95,4,2026-01-10 05:42:41
3591,CUST_194,PROD_31,1,2026-01-09 04:53:30
3592,CUST_462,PROD_6,3,2026-01-16 22:18:32
3593,CUST_219,PROD_96,1,2026-01-16 00:34:52
3594,CUST_150,PROD_47,1,2026-01-22 18:28:51
3595,CUST_191,PROD_71,5,2025-12-28 23:56:00
3596,CUST_474,PROD_39,2,2026-01-11 08:49:56
3597,CUST_8,PROD_43,1,2026-01-25 21:34:15
3598,CUST_497,PROD_5,5,2026-01-12 14:14:46
3599,CUST_233,PROD_69,5,2026-01-17 14:48:42
3600,CUST_81,PROD_86,4,2026-01-22 03:49:26
3601,CUST_268,PROD_88,2,2026-01-19 14:06:20
3602,CUST_204,PROD_29,3,2026-01-05 22:10:20
3603,CUST_124,PROD_99,1,2026-01-02 05:33:10
3604,CUST_131,PROD_22,3,2026-01-17 09:27:56
3605,CUST_484,PROD_4,5,2026-01-17 18:22:48
3606,CUST_334,PROD_63,3,2026-01-26 20:15:04
3607,CUST_41,PROD_15,3,2026-01-01 14:11:39
3608,CUST_24,PROD_90,2,2026-01-20 15:36:04
3609,CUST_193,PROD_4,2,2026-01-26 15:52:36
3610,CUST_47,PROD_78,1,2026-01-06 10:47:16
3611,CUST_184,PROD_33,4,2026-01-13 15:45:48
3612,CUST_159,PROD_78,4,2026-01-21 21:58:50
3613,CUST_292,PROD_27,1,2026-01-06 15:49:52
3614,CUST_244,PROD_74,5,2026-01-20 07:03:40
3615,CUST_464,PROD_16,5,2026-01-04 08:35:06
3616,CUST_166,PROD_70,2,2026-01-18 12:21:45
3617,CUST_466,PROD_78,1,2025-12-30 05:03:35
3618,CUST_220,PROD_69,1,2026-01-27 09:23:00
3619,CUST_312,PROD_96,4,2026-01-02 20:04:36
3620,CUST_226,PROD_42,5,2026-01-07 13:31:41
3621,CUST_117,PROD_29,3,2026-01-01 07:19:21
3622,CUST_380,PROD_73,1,2026-01-26 11:12:19
3623,CUST_412,PROD_7,1,2026-01-25 22:41:55
3624,CUST_302,PROD_79,5,2026-01-18 03:59:38
3625,CUST_324,PROD_11,3,2026-01-12 11:30:22
3626,CUST_242,PROD_39,4,2026-01-20 02:39:37
3627,CUST_89,PROD_40,3,2026-01-06 13:12:21
3628,CUST_489,PROD_35,5,2026-01-13 18:33:59
3629,CUST_369,PROD_76,2,2026-01-09 16:52:39
3630,CUST_336,PROD_28,1,2025-12-30 15:38:48
3631,CUST_370,PROD_62,5,2026-01-15 03:32:11
3632,CUST_251,PROD_89,5,2026-01-01 06:34:52
3633,CUST_384,PROD_42,3,2026-01-13 20:20:27
3634,CUST_23,PROD_58,3,2026-01-26 01:28:44
3635,CUST_338,PROD_66,2,2026-01-23 05:28:08
3636,CUST_251,PROD_52,5,2026-01-13 15:24:06
3637,CUST_301,PROD_93,1,2026-01-03 17:40:55
3638,CUST_328,PROD_1,1,2026-01-18 00:26:13
3639,CUST_202,PROD_15,4,2026-01-18 13:05:20
3640,CUST_438,PROD_37,5,2026-01-22 15:32:51
3641,CUST_7,PROD_86,2,2025-12-29 01:20:09
3642,CUST_120,PROD_20,2,2026-01-13 22:38:20
3643,CUST_395,PROD_96,5,2026-01-11 09:44:16
3644,CUST_181,PROD_14,4,2026-01-02 15:47:25
3645,CUST_423,PROD_40,3,2026-01-21 14:04:47
3646,CUST_412,PROD_60,5,2026-01-13 21:06:27
3647,CUST_169,PROD_33,2,2026-01-09 01:27:05
3648,CUST_176,PROD_59,4,2026-01-22 20:50:17
3649,CUST_58,PROD_86,4,2026-01-01 12:59:20
3650,CUST_432,PROD_97,2,2026-01-08 05:20:35
3651,CUST_258,PROD_62,3,2026-01-25 21:03:11
3652,CUST_269,PROD_26,4,2026-01-23 05:43:18
3653,CUST_397,PROD_18,2,2026-01-23 11:49:32
3654,CUST_352,PROD_87,1,2026-01-02 02:55:00
3655,CUST_485,PROD_60,1,2026-01-08 11:21:49
3656,CUST_161,PROD_21,1,2026-01-15 09:51:26
3657,CUST_316,PROD_90,4,2026-01-06 15:55:01
3658,CUST_439,PROD_8,2,2026-01-16 04:30:18
3659,CUST_392,PROD_44,5,2026-01-23 08:06:06
3660,CUST_80,PROD_33,2,2026-01-14 02:30:42
3661,CUST_147,PROD_32,2,2026-01-19 07:39:05
3662,CUST_139,PROD_86,5,2026-01-04 02:28:09
3663,CUST_231,PROD_4,5,2026-01-18 05:42:48
3664,CUST_377,PROD_11,3,2026-01-19 01:44:08
3665,CUST_164,PROD_89,1,2026-01-20 00:59:24
3666,CUST_354,PROD_52,3,2026-01-14 21:37:47
3667,CUST_65,PROD_4,4,2026-01-26 08:58:46
3668,CUST_24,PROD_82,5,2026-01-25 20:38:33
3669,CUST_64,PROD_13,5,2026-01-04 10:15:22
3670,CUST_46,PROD_30,2,2026-01-10 21:32:51
3671,CUST_287,PROD_85,4,2026-01-26 13:55:34
3672,CUST_240,PROD_97,1,2026-01-10 08:54:35
3673,CUST_401,PROD_75,2,2026-01-22 00:36:17
3674,CUST_54,PROD_72,1,2026-01-02 16:13:51
3675,CUST_278,PROD_70,1,2026-01-09 12:02:40
3676,CUST_462,PROD_60,4,2026-01-04 03:25:15
3677,CUST_256,PROD_8,1,2026-01-24 12:53:15
3678,CUST_30,PROD_39,2,2026-01-16 14:25:00
3679,CUST_315,PROD_13,5,2026-01-26 20:07:44
3680,CUST_437,PROD_82,1,2026-01-26 04:08:57
3681,CUST_452,PROD_34,2,2025-12-30 07:44:21
3682,CUST_306,PROD_32,2,2026-01-15 22:49:11
3683,CUST_87,PROD_99,2,2026-01-17 12:54:36
3684,CUST_183,PROD_15,2,2026-01-09 11:54:56
3685,CUST_354,PROD_11,5,2026-01-13 04:44:08
3686,CUST_266,PROD_80,4,2026-01-24 00:26:21
3687,CUST_112,PROD_4,5,2025-12-28 22:02:10
3688,CUST_60,PROD_19,1,2026-01-13 17:54:12
3689,CUST_224,PROD_38,1,2026-01-05 15:26:20
3690,CUST_424,PROD_75,4,2026-01-07 02:54:20
3691,CUST_402,PROD_95,3,2025-12-31 00:14:38
3692,CUST_318,PROD_31,5,2026-01-20 16:48:06
3693,CUST_496,PROD_3,1,2026-01-03 02:06:33
3694,CUST_192,PROD_9,2,2026-01-16 06:19:15
3695,CUST_483,PROD_47,1,2026-01-16 03:25:51
3696,CUST_317,PROD_65,2,2026-01-06 23:27:49
3697,CUST_91,PROD_99,3,2026-01-24 22:06:17
3698,CUST_439,PROD_1,5,2026-01-26 13:05:45
3699,CUST_417,PROD_44,2,2026-01-02 04:00:40
3700,CUST_132,PROD_69,5,2026-01-02 09:26:38
3701,CUST_365,PROD_61,1,2026-01-23 21:14:58
3702,CUST_358,PROD_7,3,2026-01-17 11:53:14
3703,CUST_42,PROD_39,2,2026-01-10 08:27:23
3704,CUST_131,PROD_48,5,2026-01-25 09:25:15
3705,CUST_183,PROD_57,1,2026-01-02 08:43:39
3706,CUST_198,PROD_59,5,2025-12-29 19:04:36
3707,CUST_1,PROD_75,2,2026-01-02 17:23:05
3708,CUST_389,PROD_12,1,2026-01-14 15:38:51
3709,CUST_320,PROD_40,4,2026-01-17 22:21:25
3710,CUST_138,PROD_12,4,2026-01-05 23:00:37
3711,CUST_371,PROD_60,3,2026-01-09 06:40:25
3712,CUST_252,PROD_1,5,2026-01-17 05:39:44
3713,CUST_168,PROD_86,4,2026-01-21 06:35:14
3714,CUST_421,PROD_81,5,2026-01-20 16:29:04
3715,CUST_133,PROD_14,2,2026-01-07 19:49:14
3716,CUST_497,PROD_5,1,2026-01-18 03:28:33
3717,CUST_359,PROD_23,4,2025-12-29 06:08:42
3718,CUST_245,PROD_20,5,2026-01-06 15:29:55
3719,CUST_161,PROD_91,3,2026-01-26 02:38:27
3720,CUST_486,PROD_72,2,2026-01-10 19:36:42
3721,CUST_103,PROD_30,4,2025-12-30 11:59:09
3722,CUST_305,PROD_20,1,2026-01-01 02:07:19
3723,CUST_424,PROD_89,1,2025-12-30 08:54:24
3724,CUST_285,PROD_35,4,2025-12-28 18:39:59
3725,CUST_88,PROD_25,1,2026-01-18 20:27:00
3726,CUST_242,PROD_13,3,2026-01-01 20:22:36
3727,CUST_63,PROD_89,3,2026-01-22 18:30:09
3728,CUST_444,PROD_57,3,2026-01-01 22:12:13
3729,CUST_455,PROD_23,2,2026-01-16 09:40:27
3730,CUST_62,PROD_83,5,2026-01-01 17:36:54
3731,CUST_348,PROD_67,1,2026-01-17 09:35:11
3732,CUST_357,PROD_74,1,2026-01-25 15:35:44
3733,CUST_305,PROD_31,5,2025-12-29 00:02:33
3734,CUST_394,PROD_59,5,2026-01-07 20:41:33
3735,CUST_106,PROD_47,2,2026-01-24 08:11:08
3736,CUST_304,PROD_63,4,2026-01-12 09:33:07
3737,CUST_349,PROD_44,5,2026-01-26 11:11:13
3738,CUST_339,PROD_50,5,2026-01-22 05:58:16
3739,CUST_429,PROD_15,3,2026-01-12 18:09:06
3740,CUST_368,PROD_61,2,2026-01-10 21:07:05
3741,CUST_445,PROD_25,1,2026-01-10 06:47:43
3742,CUST_413,PROD_40,5,2026-01-19 15:17:10
3743,CUST_324,PROD_70,3,2025-12-29 23:17:25
3744,CUST_496,PROD_48,4,2026-01-17 11:48:20
3745,CUST_134,PROD_26,3,2026-01-07 01:18:52
3746,CUST_104,PROD_38,5,2026-01-21 22:53:51
3747,CUST_439,PROD_13,2,2026-01-02 04:09:21
3748,CUST_236,PROD_15,5,2026-01-17 06:55:30
3749,CUST_476,PROD_87,4,2026-01-16 20:06:01
3750,CUST_60,PROD_94,4,2026-01-07 15:00:13
3751,CUST_352,PROD_71,5,2025-12-31 16:54:09
3752,CUST_455,PROD_61,3,2025-12-31 17:25:27
3753,CUST_481,PROD_26,3,2026-01-03 06:36:02
3754,CUST_288,PROD_34,3,2026-01-15 11:09:44
3755,CUST_72,PROD_44,2,2026-01-17 10:09:30
3756,CUST_462,PROD_87,4,2026-01-09 09:24:32
3757,CUST_195,PROD_4,1,2026-01-04 15:27:50
3758,CUST_388,PROD_55,2,2026-01-13 07:18:18
3759,CUST_204,PROD_84,1,2026-01-08 08:03:33
3760,CUST_85,PROD_54,1,2026-01-05 08:12:08
3761,CUST_75,PROD_49,2,2026-01-14 18:27:02
3762,CUST_301,PROD_100,5,2026-01-11 17:25:53
3763,CUST_373,PROD_89,5,2026-01-25 04:56:29
3764,CUST_51,PROD_57,3,2026-01-24 23:55:30
3765,CUST_344,PROD_31,1,2026-01-11 17:44:36
3766,CUST_179,PROD_68,4,2026-01-15 08:27:54
3767,CUST_100,PROD_100,2,2026-01-17 01:34:37
3768,CUST_324,PROD_55,4,2026-01-20 07:15:42
3769,CUST_72,PROD_90,5,2026-01-10 04:07:00
3770,CUST_305,PROD_67,3,2026-01-27 17:23:10
3771,CUST_446,PROD_77,3,2025-12-29 10:31:49
3772,CUST_314,PROD_59,3,2026-01-19 23:18:26
3773,CUST_363,PROD_48,3,2026-01-04 08:39:08
3774,CUST_449,PROD_51,4,2026-01-11 07:23:56
3775,CUST_373,PROD_22,2,2025-12-31 17:50:04
3776,CUST_176,PROD_75,3,2026-01-23 04:14:31
3777,CUST_189,PROD_44,2,2026-01-13 03:51:50
3778,CUST_125,PROD_49,2,2026-01-19 05:04:05
3779,CUST_126,PROD_79,5,2026-01-09 19:22:54
3780,CUST_371,PROD_53,2,2026-01-15 04:14:57
3781,CUST_59,PROD_32,3,2026-01-27 17:41:31
3782,CUST_113,PROD_53,2,2026-01-25 14:37:49
3783,CUST_302,PROD_87,2,2026-01-05 01:27:49
3784,CUST_131,PROD_9,1,2026-01-06 04:51:58
3785,CUST_112,PROD_62,2,2026-01-13 07:44:15
3786,CUST_173,PROD_9,4,2026-01-13 06:11:26
3787,CUST_185,PROD_64,3,2026-01-20 17:28:36
3788,CUST_225,PROD_65,3,2026-01-15 16:13:16
3789,CUST_188,PROD_34,5,2026-01-19 09:15:25
3790,CUST_333,PROD_77,3,2026-01-03 00:24:08
3791,CUST_381,PROD_64,4,2026-01-20 17:36:13
3792,CUST_243,PROD_81,2,2026-01-17 20:40:49
3793,CUST_132,PROD_24,5,2026-01-02 15:26:22
3794,CUST_278,PROD_59,4,2026-01-24 19:06:13
3795,CUST_436,PROD_96,1,2026-01-25 20:39:11
3796,CUST_136,PROD_14,4,2026-01-11 01:25:44
3797,CUST_33,PROD_49,5,2026-01-02 18:53:41
3798,CUST_255,PROD_5,2,2026-01-22 18:04:59
3799,CUST_465,PROD_38,4,2026-01-09 23:44:22
3800,CUST_34,PROD_32,2,2025-12-31 04:31:54
3801,CUST_316,PROD_14,3,2026-01-01 09:12:48
3802,CUST_286,PROD_12,2,2025-12-30 09:37:38
3803,CUST_69,PROD_45,3,2026-01-24 03:59:51
3804,CUST_273,PROD_66,2,2026-01-11 15:51:13
3805,CUST_246,PROD_15,3,2026-01-02 01:30:12
3806,CUST_150,PROD_34,2,2026-01-20 09:07:14
3807,CUST_490,PROD_55,2,2026-01-16 11:55:16
3808,CUST_250,PROD_97,5,2026-01-06 20:20:57
3809,CUST_101,PROD_94,4,2026-01-22 00:20:15
3810,CUST_207,PROD_49,2,2026-01-25 11:50:31
3811,CUST_93,PROD_77,3,2026-01-09 15:54:06
3812,CUST_148,PROD_68,5,2026-01-05 11:57:28
3813,CUST_417,PROD_19,3,2026-01-25 07:02:22
3814,CUST_16,PROD_92,1,2026-01-06 07:38:06
3815,CUST_466,PROD_60,2,2025-12-31 08:40:03
3816,CUST_1,PROD_65,4,2026-01-05 17:41:05
3817,CUST_222,PROD_53,5,2025-12-29 03:48:15
3818,CUST_19,PROD_77,1,2026-01-10 12:44:17
3819,CUST_255,PROD_18,2,2025-12-31 10:13:00
3820,CUST_92,PROD_100,1,2025-12-31 20:29:06
3821,CUST_376,PROD_99,4,2026-01-13 11:24:32
3822,CUST_487,PROD_27,2,2026-01-08 19:42:54
3823,CUST_334,PROD_29,4,2026-01-09 21:04:50
3824,CUST_28,PROD_45,1,2026-01-16 07:47:58
3825,CUST_96,PROD_48,1,2026-01-18 06:27:39
3826,CUST_204,PROD_13,5,2025-12-29 10:58:59
3827,CUST_371,PROD_100,1,2026-01-07 05:42:12
3828,CUST_405,PROD_80,2,2026-01-01 17:54:30
3829,CUST_240,PROD_13,2,2026-01-22 14:10:01
3830,CUST_358,PROD_22,1,2026-01-01 22:45:03
3831,CUST_35,PROD_66,3,2026-01-16 09:32:09
3832,CUST_258,PROD_88,4,2026-01-19 02:22:59
3833,CUST_298,PROD_67,3,2026-01-23 11:58:04
3834,CUST_370,PROD_17,1,2026-01-10 13:06:38
3835,CUST_111,PROD_36,4,2026-01-08 03:00:33
3836,CUST_175,PROD_17,5,2026-01-23 18:27:01
3837,CUST_78,PROD_43,2,2025-12-31 15:31:33
3838,CUST_422,PROD_7,1,2026-01-21 17:26:50
3839,CUST_492,PROD_3,3,2026-01-05 12:59:39
3840,CUST_97,PROD_100,2,2026-01-23 21:13:36
3841,CUST_257,PROD_93,2,2026-01-26 23:39:25
3842,CUST_114,PROD_67,4,2026-01-11 00:02:03
3843,CUST_368,PROD_74,3,2026-01-05 18:37:33
3844,CUST_205,PROD_36,5,2026-01-08 13:38:34
3845,CUST_312,PROD_9,4,2026-01-03 10:41:08
3846,CUST_194,PROD_48,4,2026-01-11 23:36:02
3847,CUST_271,PROD_27,2,2025-12-29 21:13:06
3848,CUST_370,PROD_21,4,2026-01-14 01:59:13
3849,CUST_59,PROD_98,1,2026-01-10 20:01:19
3850,CUST_250,PROD_18,2,2026-01-26 22:19:23
3851,CUST_34,PROD_93,1,2025-12-30 13:54:12
3852,CUST_164,PROD_60,3,2026-01-05 05:19:19
3853,CUST_435,PROD_53,4,2025-12-30 11:24:08
3854,CUST_260,PROD_27,2,2026-01-02 02:33:39
3855,CUST_108,PROD_42,2,2026-01-05 09:26:12
3856,CUST_361,PROD_26,5,2026-01-13 23:24:24
3857,CUST_339,PROD_45,3,2026-01-02 12:55:57
3858,CUST_282,PROD_2,4,2026-01-08 14:24:20
3859,CUST_352,PROD_91,4,2026-01-20 04:23:57
3860,CUST_293,PROD_18,5,2026-01-17 17:39:18
3861,CUST_435,PROD_57,1,2026-01-12 15:41:47
3862,CUST_103,PROD_22,5,2026-01-18 13:02:26
3863,CUST_490,PROD_53,2,2026-01-12 19:33:06
3864,CUST_457,PROD_33,3,2026-01-06 19:20:33
3865,CUST_58,PROD_91,1,2026-01-08 17:48:13
3866,CUST_85,PROD_30,2,2026-01-20 11:21:06
3867,CUST_131,PROD_21,5,2026-01-08 21:13:52
3868,CUST_430,PROD_81,3,2026-01-24 05:14:13
3869,CUST_71,PROD_97,5,2026-01-16 19:05:10
3870,CUST_283,PROD_59,4,2026-01-06 05:31:08
3871,CUST_300,PROD_2,2,2026-01-06 22:06:13
3872,CUST_359,PROD_90,3,2026-01-07 06:42:04
3873,CUST_64,PROD_66,2,2026-01-09 10:29:28
3874,CUST_277,PROD_78,1,2026-01-08 07:05:24
3875,CUST_47,PROD_3,5,2026-01-04 19:02:15
3876,CUST_405,PROD_98,5,2026-01-18 07:15:35
3877,CUST_341,PROD_34,5,2026-01-24 17:46:20
3878,CUST_374,PROD_31,5,2026-01-04 22:14:42
3879,CUST_146,PROD_16,2,2026-01-09 00:48:09
3880,CUST_82,PROD_33,4,2025-12-31 05:42:50
3881,CUST_169,PROD_92,4,2026-01-23 01:36:05
3882,CUST_99,PROD_61,4,2026-01-03 08:59:33
3883,CUST_252,PROD_2,5,2026-01-25 18:12:41
3884,CUST_119,PROD_90,3,2026-01-23 16:48:41
3885,CUST_293,PROD_45,5,2026-01-22 15:29:03
3886,CUST_232,PROD_6,2,2026-01-02 06:03:39
3887,CUST_122,PROD_17,5,2026-01-15 13:39:55
3888,CUST_310,PROD_54,5,2025-12-29 06:01:10
3889,CUST_140,PROD_26,4,2026-01-22 11:53:02
3890,CUST_297,PROD_82,3,2025-12-30 09:33:44
3891,CUST_226,PROD_78,4,2026-01-22 23:36:31
3892,CUST_255,PROD_96,4,2026-01-24 08:23:27
3893,CUST_123,PROD_25,4,2026-01-06 05:27:16
3894,CUST_241,PROD_10,5,2026-01-12 20:35:39
3895,CUST_1,PROD_50,5,2026-01-02 15:40:09
3896,CUST_154,PROD_26,3,2026-01-21 10:53:19
3897,CUST_234,PROD_26,5,2026-01-25 22:58:53
3898,CUST_20,PROD_1,1,2026-01-09 04:15:24
3899,CUST_300,PROD_54,4,2026-01-10 00:00:36
3900,CUST_408,PROD_70,2,2025-12-29 18:35:37
3901,CUST_86,PROD_59,2,2025-12-31 20:06:36
3902,CUST_195,PROD_17,2,2025-12-30 03:22:28
3903,CUST_352,PROD_12,1,2026-01-11 04:50:05
3904,CUST_8,PROD_81,1,2025-12-29 16:12:30
3905,CUST_73,PROD_68,5,2026-01-20 17:32:58
3906,CUST_235,PROD_52,3,2026-01-06 14:58:10
3907,CUST_212,PROD_62,5,2026-01-20 15:23:33
3908,CUST_315,PROD_53,2,2026-01-12 23:04:34
3909,CUST_52,PROD_40,5,2026-01-03 10:57:28
3910,CUST_26,PROD_9,3,2026-01-19 12:36:00
3911,CUST_51,PROD_43,2,2026-01-02 19:22:52
3912,CUST_8,PROD_44,4,2026-01-14 22:08:15
3913,CUST_314,PROD_61,4,2026-01-19 14:52:24
3914,CUST_135,PROD_83,2,2026-01-08 04:15:01
3915,CUST_176,PROD_7,2,2026-01-26 03:27:20
3916,CUST_305,PROD_63,1,2026-01-21 01:26:04
3917,CUST_98,PROD_33,4,2026-01-08 22:41:23
3918,CUST_202,PROD_37,5,2026-01-03 13:40:29
3919,CUST_105,PROD_83,2,2026-01-10 11:57:12
3920,CUST_142,PROD_81,4,2026-01-10 12:19:28
3921,CUST_416,PROD_48,4,2025-12-31 12:40:21
3922,CUST_264,PROD_88,2,2025-12-31 23:00:18
3923,CUST_158,PROD_9,5,2026-01-13 05:50:19
3924,CUST_150,PROD_1,5,2026-01-21 10:54:44
3925,CUST_322,PROD_27,4,2026-01-04 08:19:27
3926,CUST_307,PROD_56,4,2026-01-04 07:42:23
3927,CUST_35,PROD_31,1,2026-01-17 23:33:15
3928,CUST_237,PROD_83,4,2026-01-05 15:30:23
3929,CUST_400,PROD_81,2,2026-01-02 23:34:17
3930,CUST_164,PROD_85,5,2026-01-19 09:55:21
3931,CUST_407,PROD_21,2,2026-01-18 02:16:10
3932,CUST_49,PROD_89,1,2026-01-20 12:14:00
3933,CUST_352,PROD_29,1,2026-01-15 10:47:40
3934,CUST_429,PROD_12,3,2026-01-22 17:50:02
3935,CUST_164,PROD_51,3,2025-12-28 21:25:32
3936,CUST_291,PROD_89,4,2026-01-03 18:02:27
3937,CUST_427,PROD_77,4,2026-01-26 16:25:46
3938,CUST_403,PROD_86,2,2026-01-03 11:49:17
3939,CUST_470,PROD_83,2,2026-01-12 19:38:20
3940,CUST_97,PROD_68,1,2026-01-19 18:30:53
3941,CUST_296,PROD_81,4,2026-01-16 22:43:43
3942,CUST_163,PROD_52,5,2026-01-13 18:16:10
3943,CUST_370,PROD_44,4,2026-01-27 13:24:36
3944,CUST_334,PROD_97,1,2026-01-02 03:54:58
3945,CUST_308,PROD_55,1,2026-01-09 01:10:28
3946,CUST_419,PROD_100,5,2025-12-31 02:09:37
3947,CUST_438,PROD_97,4,2026-01-16 21:59:24
3948,CUST_62,PROD_24,2,2026-01-22 02:19:40
3949,CUST_488,PROD_69,3,2026-01-15 09:33:04
3950,CUST_13,PROD_33,5,2026-01-22 23:41:56
3951,CUST_324,PROD_26,1,2026-01-19 09:53:01
3952,CUST_124,PROD_30,3,2026-01-17 07:13:23
3953,CUST_142,PROD_75,4,2026-01-03 06:34:08
3954,CUST_416,PROD_64,5,2026-01-05 08:37:05
3955,CUST_349,PROD_74,4,2026-01-21 03:23:31
3956,CUST_252,PROD_47,5,2026-01-17 06:58:54
3957,CUST_261,PROD_70,4,2026-01-10 22:41:19
3958,CUST_104,PROD_86,3,2026-01-17 07:24:49
3959,CUST_19,PROD_91,3,2026-01-10 19:55:20
3960,CUST_423,PROD_89,4,2026-01-12 08:15:12
3961,CUST_58,PROD_87,5,2026-01-14 18:09:48
3962,CUST_399,PROD_31,3,2026-01-12 23:48:25
3963,CUST_369,PROD_42,2,2026-01-22 20:04:45
3964,CUST_187,PROD_2,3,2026-01-16 06:17:24
3965,CUST_171,PROD_65,1,2026-01-25 02:08:52
3966,CUST_419,PROD_8,4,2026-01-06 00:06:44
3967,CUST_141,PROD_87,1,2026-01-22 18:49:27
3968,CUST_464,PROD_46,1,2026-01-01 20:16:00
3969,CUST_395,PROD_64,2,2026-01-07 22:58:03
3970,CUST_362,PROD_80,1,2026-01-07 04:57:37
3971,CUST_32,PROD_62,2,2026-01-08 01:28:20
3972,CUST_354,PROD_73,5,2026-01-15 06:25:49
3973,CUST_241,PROD_39,5,2026-01-20 18:12:06
3974,CUST_33,PROD_91,5,2026-01-25 23:11:15
3975,CUST_434,PROD_58,4,2026-01-19 11:57:50
3976,CUST_436,PROD_1,3,2026-01-20 14:39:52
3977,CUST_281,PROD_12,4,2026-01-06 13:45:14
3978,CUST_32,PROD_32,4,2026-01-20 00:54:25
3979,CUST_469,PROD_84,5,2026-01-18 23:37:56
3980,CUST_415,PROD_8,2,2026-01-21 04:00:18
3981,CUST_172,PROD_63,5,2026-01-21 15:23:33
3982,CUST_47,PROD_66,3,2026-01-03 12:43:12
3983,CUST_19,PROD_13,3,2026-01-09 12:03:13
3984,CUST_58,PROD_8,4,2026-01-21 06:11:38
3985,CUST_119,PROD_13,5,2026-01-19 20:46:54
3986,CUST_312,PROD_44,4,2026-01-01 00:54:00
3987,CUST_462,PROD_98,2,2026-01-21 12:02:15
3988,CUST_72,PROD_27,2,2025-12-30 10:49:14
3989,CUST_418,PROD_18,3,2026-01-09 03:09:11
3990,CUST_438,PROD_28,4,2025-12-31 11:19:14
3991,CUST_278,PROD_63,3,2026-01-09 23:06:23
3992,CUST_353,PROD_63,3,2026-01-02 08:29:51
3993,CUST_180,PROD_65,1,2026-01-09 11:20:55
3994,CUST_241,PROD_49,2,2026-01-12 23:46:03
3995,CUST_97,PROD_58,3,2025-12-31 23:44:48
3996,CUST_426,PROD_40,2,2026-01-25 02:13:11
3997,CUST_484,PROD_41,3,2026-01-08 09:49:45
3998,CUST_108,PROD_58,1,2026-01-21 10:46:37
3999,CUST_351,PROD_80,5,2026-01-09 10:10:20
4000,CUST_308,PROD_76,1,2026-01-12 05:15:12
4001,CUST_482,PROD_34,5,2025-12-29 04:55:40
4002,CUST_312,PROD_42,1,2026-01-23 07:27:45
4003,CUST_293,PROD_43,2,2026-01-18 17:23:32
4004,CUST_63,PROD_61,4,2026-01-27 17:49:10
4005,CUST_409,PROD_100,2,2026-01-04 05:28:23
4006,CUST_265,PROD_44,3,2026-01-24 16:13:06
4007,CUST_156,PROD_48,4,2026-01-12 20:47:11
4008,CUST_210,PROD_10,3,2026-01-06 05:31:12
4009,CUST_365,PROD_93,2,2026-01-11 22:11:04
4010,CUST_117,PROD_88,4,2026-01-04 03:41:48
4011,CUST_287,PROD_53,3,2026-01-16 21:56:50
4012,CUST_184,PROD_18,2,2026-01-03 19:49:42
4013,CUST_39,PROD_94,1,2026-01-23 06:20:34
4014,CUST_382,PROD_23,5,2026-01-18 11:54:02
4015,CUST_118,PROD_63,1,2026-01-12 09:31:09
4016,CUST_179,PROD_79,1,2026-01-16 01:36:03
4017,CUST_39,PROD_18,3,2026-01-02 17:40:33
4018,CUST_179,PROD_88,3,2026-01-16 16:56:54
4019,CUST_499,PROD_2,2,2026-01-18 15:59:37
4020,CUST_332,PROD_24,2,2026-01-23 15:26:43
4021,CUST_357,PROD_13,1,2026-01-18 15:59:52
4022,CUST_471,PROD_20,1,2026-01-20 12:03:30
4023,CUST_188,PROD_5,4,2026-01-10 21:34:06
4024,CUST_303,PROD_80,1,2026-01-19 20:20:00
4025,CUST_301,PROD_96,2,2026-01-16 09:01:54
4026,CUST_148,PROD_9,4,2026-01-18 08:00:23
4027,CUST_128,PROD_35,1,2026-01-24 16:20:13
4028,CUST_235,PROD_79,5,2026-01-08 20:38:02
4029,CUST_40,PROD_46,2,2026-01-07 14:48:07
4030,CUST_315,PROD_88,2,2026-01-10 15:22:53
4031,CUST_472,PROD_23,4,2026-01-25 07:26:50
4032,CUST_57,PROD_5,4,2025-12-31 16:35:12
4033,CUST_102,PROD_46,4,2026-01-10 15:25:10
4034,CUST_25,PROD_78,2,2026-01-07 14:19:50
4035,CUST_144,PROD_25,1,2026-01-05 17:07:30
4036,CUST_353,PROD_34,4,2026-01-04 22:09:44
4037,CUST_4,PROD_46,2,2026-01-27 15:27:39
4038,CUST_272,PROD_4,4,2026-01-22 12:55:53
4039,CUST_208,PROD_68,3,2026-01-17 00:22:45
4040,CUST_126,PROD_72,2,2026-01-05 05:57:00
4041,CUST_474,PROD_35,4,2026-01-11 10:23:18
4042,CUST_290,PROD_53,4,2026-01-27 10:12:29
4043,CUST_332,PROD_90,5,2025-12-31 00:00:41
4044,CUST_131,PROD_99,4,2026-01-20 11:11:40
4045,CUST_148,PROD_10,2,2025-12-30 21:01:08
4046,CUST_107,PROD_48,2,2026-01-08 21:34:25
4047,CUST_429,PROD_77,1,2026-01-23 04:04:26
4048,CUST_407,PROD_24,3,2026-01-09 01:54:07
4049,CUST_11,PROD_53,3,2026-01-01 10:36:28
4050,CUST_356,PROD_50,2,2026-01-08 00:12:03
4051,CUST_42,PROD_31,3,2026-01-03 22:03:32
4052,CUST_11,PROD_92,3,2025-12-30 18:38:31
4053,CUST_149,PROD_69,5,2026-01-03 23:27:03
4054,CUST_262,PROD_18,5,2026-01-01 10:55:11
4055,CUST_382,PROD_34,2,2026-01-24 19:55:12
4056,CUST_199,PROD_18,4,2025-12-29 00:26:08
4057,CUST_418,PROD_72,1,2026-01-15 23:42:28
4058,CUST_134,PROD_68,5,2026-01-09 21:59:33
4059,CUST_431,PROD_28,1,2025-12-30 01:16:29
4060,CUST_108,PROD_30,2,2026-01-16 01:39:50
4061,CUST_166,PROD_34,4,2026-01-16 06:46:51
4062,CUST_476,PROD_67,4,2026-01-08 13:26:28
4063,CUST_6,PROD_35,1,2026-01-01 09:46:13
4064,CUST_142,PROD_50,4,2026-01-15 01:40:49
4065,CUST_99,PROD_53,3,2026-01-26 10:28:08
4066,CUST_295,PROD_21,1,2026-01-02 05:57:27
4067,CUST_121,PROD_44,4,2026-01-24 17:13:15
4068,CUST_139,PROD_28,3,2026-01-17 19:03:24
4069,CUST_226,PROD_29,5,2026-01-20 21:36:59
4070,CUST_66,PROD_91,4,2025-12-31 04:24:25
4071,CUST_413,PROD_21,5,2026-01-04 09:40:00
4072,CUST_460,PROD_56,4,2025-12-29 06:47:34
4073,CUST_3,PROD_97,2,2026-01-03 04:28:27
4074,CUST_116,PROD_32,1,2026-01-24 18:25:50
4075,CUST_204,PROD_47,1,2026-01-16 01:59:57
4076,CUST_455,PROD_60,3,2026-01-16 01:29:33
4077,CUST_35,PROD_77,5,2026-01-20 16:53:48
4078,CUST_475,PROD_37,2,2026-01-05 08:06:20
4079,CUST_156,PROD_86,3,2026-01-04 00:34:06
4080,CUST_332,PROD_53,5,2026-01-14 01:40:20
4081,CUST_460,PROD_91,5,2026-01-27 02:46:24
4082,CUST_71,PROD_2,1,2026-01-09 03:32:15
4083,CUST_425,PROD_15,4,2026-01-11 10:00:16
4084,CUST_447,PROD_35,4,2026-01-08 20:29:32
4085,CUST_5,PROD_11,2,2026-01-14 17:19:24
4086,CUST_295,PROD_5,1,2026-01-22 05:36:21
4087,CUST_345,PROD_67,1,2026-01-14 04:50:09
4088,CUST_22,PROD_63,3,2026-01-01 09:57:42
4089,CUST_225,PROD_8,4,2026-01-15 21:22:58
4090,CUST_365,PROD_86,1,2026-01-13 16:48:12
4091,CUST_227,PROD_57,2,2026-01-27 15:32:32
4092,CUST_55,PROD_32,4,2026-01-24 05:21:52
4093,CUST_94,PROD_40,2,2026-01-26 21:44:26
4094,CUST_219,PROD_12,4,2026-01-02 04:22:55
4095,CUST_270,PROD_76,2,2026-01-02 01:44:12
4096,CUST_247,PROD_92,5,2026-01-25 13:27:43
4097,CUST_200,PROD_75,2,2026-01-21 23:10:24
4098,CUST_40,PROD_21,2,2026-01-22 14:50:52
4099,CUST_30,PROD_55,1,2025-12-30 20:26:46
4100,CUST_310,PROD_27,2,2026-01-16 21:49:34
4101,CUST_182,PROD_53,2,2026-01-04 10:38:03
4102,CUST_391,PROD_58,5,2026-01-08 14:13:23
4103,CUST_279,PROD_39,3,2026-01-12 10:26:13
4104,CUST_500,PROD_82,4,2025-12-31 22:46:39
4105,CUST_282,PROD_51,3,2026-01-26 12:46:27
4106,CUST_88,PROD_49,3,2026-01-06 21:20:30
4107,CUST_229,PROD_24,5,2026-01-18 14:04:09
4108,CUST_198,PROD_98,1,2025-12-31 10:47:22
4109,CUST_174,PROD_50,2,2026-01-27 12:12:13
4110,CUST_186,PROD_46,2,2026-01-01 23:29:33
4111,CUST_317,PROD_39,1,2026-01-20 01:21:07
4112,CUST_372,PROD_60,3,2026-01-16 07:19:17
4113,CUST_3,PROD_11,3,2026-01-20 10:27:04
4114,CUST_99,PROD_13,4,2026-01-11 11:06:54
4115,CUST_469,PROD_91,4,2026-01-21 09:11:31
4116,CUST_267,PROD_10,2,2026-01-04 00:51:45
4117,CUST_131,PROD_15,5,2026-01-11 21:22:43
4118,CUST_319,PROD_6,5,2026-01-05 06:33:55
4119,CUST_62,PROD_27,1,2026-01-23 04:04:32
4120,CUST_337,PROD_39,1,2026-01-26 21:51:15
4121,CUST_291,PROD_64,4,2026-01-14 06:07:10
4122,CUST_281,PROD_56,4,2026-01-19 20:43:56
4123,CUST_397,PROD_51,3,2026-01-09 08:14:49
4124,CUST_46,PROD_37,4,2026-01-10 06:35:38
4125,CUST_372,PROD_22,1,2026-01-03 10:41:18
4126,CUST_135,PROD_69,2,2026-01-10 19:54:40
4127,CUST_450,PROD_36,5,2026-01-23 13:17:19
4128,CUST_428,PROD_76,5,2026-01-01 03:18:14
4129,CUST_338,PROD_22,4,2026-01-05 18:24:18
4130,CUST_432,PROD_99,5,2026-01-05 11:19:59
4131,CUST_285,PROD_99,1,2026-01-16 21:01:09
4132,CUST_363,PROD_76,3,2026-01-14 12:06:35
4133,CUST_27,PROD_33,5,2025-12-30 02:38:29
4134,CUST_378,PROD_88,4,2026-01-20 19:07:29
4135,CUST_32,PROD_24,1,2026-01-12 07:57:34
4136,CUST_141,PROD_42,3,2026-01-07 02:13:57
4137,CUST_304,PROD_34,5,2026-01-22 22:44:21
4138,CUST_122,PROD_54,2,2026-01-18 02:37:05
4139,CUST_253,PROD_59,1,2026-01-25 04:32:24
4140,CUST_495,PROD_50,2,2026-01-18 02:08:47
4141,CUST_284,PROD_24,4,2026-01-22 23:36:47
4142,CUST_368,PROD_86,1,2025-12-29 14:11:26
4143,CUST_266,PROD_34,2,2025-12-29 04:18:38
4144,CUST_195,PROD_21,3,2026-01-10 01:21:54
4145,CUST_457,PROD_55,2,2026-01-24 11:06:11
4146,CUST_446,PROD_92,2,2025-12-28 22:38:48
4147,CUST_281,PROD_9,4,2026-01-18 12:56:48
4148,CUST_89,PROD_98,2,2026-01-21 21:51:24
4149,CUST_412,PROD_97,4,2026-01-25 07:08:53
4150,CUST_473,PROD_18,5,2026-01-07 20:38:28
4151,CUST_484,PROD_37,3,2026-01-12 01:09:03
4152,CUST_151,PROD_18,3,2026-01-02 17:54:37
4153,CUST_112,PROD_66,2,2025-12-30 08:16:41
4154,CUST_367,PROD_10,1,2026-01-15 04:07:40
4155,CUST_282,PROD_88,3,2026-01-22 18:42:03
4156,CUST_235,PROD_60,5,2026-01-01 07:38:15
4157,CUST_212,PROD_70,5,2026-01-14 16:55:55
4158,CUST_342,PROD_79,4,2026-01-15 00:44:09
4159,CUST_66,PROD_34,5,2026-01-22 21:18:47
4160,CUST_72,PROD_17,5,2026-01-08 15:11:42
4161,CUST_13,PROD_83,3,2025-12-31 01:04:27
4162,CUST_264,PROD_64,2,2026-01-08 18:49:22
4163,CUST_31,PROD_40,5,2026-01-20 02:21:45
4164,CUST_453,PROD_29,2,2026-01-11 03:49:57
4165,CUST_162,PROD_59,1,2026-01-25 16:33:43
4166,CUST_487,PROD_32,2,2026-01-01 20:08:00
4167,CUST_245,PROD_74,4,2026-01-01 14:18:05
4168,CUST_105,PROD_88,2,2026-01-06 18:56:06
4169,CUST_202,PROD_59,2,2026-01-12 23:39:13
4170,CUST_358,PROD_36,4,2026-01-10 17:23:03
4171,CUST_392,PROD_22,2,2026-01-01 13:02:55
4172,CUST_186,PROD_61,4,2026-01-10 18:10:49
4173,CUST_201,PROD_14,3,2026-01-23 06:26:23
4174,CUST_439,PROD_92,2,2026-01-27 05:49:05
4175,CUST_51,PROD_32,5,2026-01-01 02:27:47
4176,CUST_456,PROD_92,3,2026-01-23 09:57:36
4177,CUST_121,PROD_69,5,2026-01-04 11:32:33
4178,CUST_2,PROD_61,3,2026-01-06 14:22:20
4179,CUST_414,PROD_61,5,2026-01-27 16:21:29
4180,CUST_226,PROD_12,2,2026-01-24 03:35:44
4181,CUST_420,PROD_67,4,2026-01-05 18:48:18
4182,CUST_183,PROD_78,1,2026-01-09 06:02:50
4183,CUST_323,PROD_60,1,2026-01-20 20:32:01
4184,CUST_301,PROD_34,4,2026-01-17 02:16:33
4185,CUST_298,PROD_10,5,2026-01-09 11:45:11
4186,CUST_15,PROD_78,3,2026-01-20 06:41:17
4187,CUST_54,PROD_39,3,2026-01-14 11:03:26
4188,CUST_190,PROD_83,3,2026-01-26 15:22:56
4189,CUST_114,PROD_81,4,2026-01-15 22:02:41
4190,CUST_86,PROD_54,2,2026-01-25 11:55:47
4191,CUST_420,PROD_100,5,2026-01-04 00:38:53
4192,CUST_290,PROD_54,3,2026-01-09 14:38:48
4193,CUST_4,PROD_57,3,2026-01-14 15:07:44
4194,CUST_162,PROD_51,1,2026-01-14 09:36:10
4195,CUST_318,PROD_58,5,2026-01-04 21:54:37
4196,CUST_283,PROD_58,3,2026-01-02 09:55:31
4197,CUST_104,PROD_62,2,2026-01-05 11:08:58
4198,CUST_287,PROD_70,3,2025-12-31 05:23:16
4199,CUST_159,PROD_70,3,2026-01-24 04:26:45
4200,CUST_153,PROD_92,5,2026-01-20 08:21:40
4201,CUST_8,PROD_26,5,2025-12-30 13:25:59
4202,CUST_244,PROD_28,4,2026-01-13 20:01:43
4203,CUST_222,PROD_73,5,2026-01-12 02:09:29
4204,CUST_111,PROD_90,5,2026-01-26 18:05:19
4205,CUST_312,PROD_39,3,2026-01-23 23:57:12
4206,CUST_380,PROD_27,4,2026-01-14 04:20:46
4207,CUST_228,PROD_78,1,2026-01-16 11:57:52
4208,CUST_107,PROD_67,4,2026-01-17 14:03:46
4209,CUST_474,PROD_32,3,2026-01-09 00:50:13
4210,CUST_132,PROD_97,2,2026-01-25 08:36:05
4211,CUST_283,PROD_92,5,2026-01-05 23:13:18
4212,CUST_395,PROD_75,2,2026-01-17 15:07:12
4213,CUST_185,PROD_84,1,2026-01-11 06:52:43
4214,CUST_207,PROD_45,5,2026-01-16 23:14:13
4215,CUST_301,PROD_20,5,2026-01-01 14:54:17
4216,CUST_15,PROD_55,3,2026-01-13 04:44:19
4217,CUST_464,PROD_10,4,2026-01-09 04:36:09
4218,CUST_194,PROD_88,1,2026-01-07 18:42:44
4219,CUST_257,PROD_82,5,2026-01-18 12:47:37
4220,CUST_28,PROD_80,3,2026-01-14 13:49:15
4221,CUST_143,PROD_28,2,2026-01-01 00:19:23
4222,CUST_368,PROD_27,5,2026-01-09 23:23:42
4223,CUST_478,PROD_74,1,2026-01-15 11:29:49
4224,CUST_229,PROD_80,5,2026-01-08 12:15:46
4225,CUST_31,PROD_33,3,2026-01-24 15:53:14
4226,CUST_468,PROD_58,5,2026-01-12 13:27:10
4227,CUST_105,PROD_99,5,2026-01-21 05:37:53
4228,CUST_254,PROD_59,5,2026-01-24 13:00:45
4229,CUST_233,PROD_26,1,2026-01-08 11:56:01
4230,CUST_385,PROD_97,3,2025-12-29 07:33:26
4231,CUST_372,PROD_68,3,2026-01-09 21:46:37
4232,CUST_24,PROD_9,2,2026-01-11 17:11:32
4233,CUST_429,PROD_44,5,2026-01-21 23:57:53
4234,CUST_164,PROD_18,3,2026-01-16 21:07:13
4235,CUST_38,PROD_18,4,2026-01-24 05:19:41
4236,CUST_326,PROD_48,1,2026-01-16 01:53:21
4237,CUST_285,PROD_88,4,2026-01-07 14:23:52
4238,CUST_411,PROD_35,3,2026-01-22 10:35:18
4239,CUST_47,PROD_82,4,2026-01-24 16:52:43
4240,CUST_229,PROD_51,3,2026-01-09 23:15:35
4241,CUST_67,PROD_2,3,2026-01-10 02:35:56
4242,CUST_243,PROD_15,2,2026-01-21 09:02:06
4243,CUST_181,PROD_8,2,2026-01-24 12:03:05
4244,CUST_238,PROD_58,1,2026-01-09 15:04:31
4245,CUST_437,PROD_54,5,2026-01-08 05:44:36
4246,CUST_38,PROD_12,1,2026-01-09 20:54:14
4247,CUST_251,PROD_6,3,2026-01-04 02:51:17
4248,CUST_384,PROD_46,4,2026-01-22 07:50:31
4249,CUST_30,PROD_84,4,2025-12-31 06:00:10
4250,CUST_259,PROD_28,4,2026-01-10 14:34:23
4251,CUST_166,PROD_17,4,2025-12-29 16:42:50
4252,CUST_370,PROD_39,1,2026-01-06 15:09:45
4253,CUST_356,PROD_79,3,2026-01-08 23:23:37
4254,CUST_395,PROD_29,3,2026-01-07 09:28:58
4255,CUST_152,PROD_41,1,2026-01-24 18:13:12
4256,CUST_418,PROD_55,2,2026-01-13 01:33:08
4257,CUST_233,PROD_14,3,2026-01-09 18:20:21
4258,CUST_261,PROD_12,1,2026-01-14 12:51:09
4259,CUST_205,PROD_18,4,2026-01-10 04:31:35
4260,CUST_370,PROD_63,4,2026-01-20 13:23:24
4261,CUST_293,PROD_34,4,2026-01-02 10:41:53
4262,CUST_451,PROD_50,4,2026-01-27 15:36:22
4263,CUST_127,PROD_34,5,2026-01-21 23:35:50
4264,CUST_10,PROD_54,1,2026-01-24 09:42:31
4265,CUST_377,PROD_95,3,2026-01-07 05:13:22
4266,CUST_225,PROD_23,5,2026-01-12 01:03:26
4267,CUST_323,PROD_29,4,2026-01-13 21:23:56
4268,CUST_432,PROD_70,4,2026-01-13 15:48:04
4269,CUST_90,PROD_19,5,2026-01-07 00:27:47
4270,CUST_316,PROD_19,3,2026-01-20 13:33:05
4271,CUST_239,PROD_89,2,2026-01-08 16:05:57
4272,CUST_68,PROD_22,3,2026-01-26 04:32:26
4273,CUST_490,PROD_73,5,2026-01-03 03:01:40
4274,CUST_255,PROD_66,2,2026-01-14 22:10:02
4275,CUST_278,PROD_95,3,2025-12-29 09:39:44
4276,CUST_271,PROD_89,4,2026-01-04 15:46:09
4277,CUST_289,PROD_80,5,2026-01-02 20:19:25
4278,CUST_239,PROD_80,2,2026-01-12 07:03:37
4279,CUST_330,PROD_72,1,2026-01-14 16:28:29
4280,CUST_333,PROD_95,4,2025-12-30 03:51:47
4281,CUST_17,PROD_11,2,2026-01-20 19:13:00
4282,CUST_88,PROD_77,4,2026-01-07 11:15:20
4283,CUST_88,PROD_52,1,2026-01-18 19:57:09
4284,CUST_373,PROD_98,1,2026-01-01 18:43:36
4285,CUST_404,PROD_17,2,2026-01-24 08:11:41
4286,CUST_453,PROD_81,4,2026-01-20 01:42:44
4287,CUST_413,PROD_95,5,2026-01-22 06:17:30
4288,CUST_465,PROD_41,4,2026-01-04 09:03:27
4289,CUST_393,PROD_86,3,2025-12-29 20:56:13
4290,CUST_283,PROD_29,5,2026-01-12 05:07:38
4291,CUST_296,PROD_40,5,2025-12-31 09:42:17
4292,CUST_337,PROD_82,4,2026-01-16 10:28:39
4293,CUST_47,PROD_98,2,2026-01-14 13:39:02
4294,CUST_111,PROD_53,4,2026-01-09 21:57:01
4295,CUST_145,PROD_27,5,2026-01-27 01:22:21
4296,CUST_218,PROD_21,1,2025-12-28 22:26:38
4297,CUST_358,PROD_100,3,2026-01-22 23:09:49
4298,CUST_214,PROD_85,4,2026-01-03 01:54:32
4299,CUST_116,PROD_69,4,2026-01-22 07:37:33
4300,CUST_49,PROD_31,1,2026-01-23 14:15:49
4301,CUST_246,PROD_98,1,2026-01-26 22:37:36
4302,CUST_396,PROD_88,2,2026-01-24 18:08:43
4303,CUST_110,PROD_51,2,2026-01-01 12:06:03
4304,CUST_496,PROD_7,4,2026-01-16 06:18:27
4305,CUST_413,PROD_87,4,2026-01-11 02:32:56
4306,CUST_243,PROD_18,1,2026-01-06 20:42:00
4307,CUST_137,PROD_21,5,2026-01-23 19:03:44
4308,CUST_397,PROD_11,4,2026-01-12 07:04:22
4309,CUST_361,PROD_95,4,2026-01-25 19:02:08
4310,CUST_110,PROD_9,2,2026-01-22 17:26:25
4311,CUST_60,PROD_71,4,2026-01-13 02:15:19
4312,CUST_143,PROD_62,2,2025-12-30 18:33:41
4313,CUST_96,PROD_76,4,2026-01-01 15:31:52
4314,CUST_493,PROD_75,1,2026-01-23 03:23:35
4315,CUST_283,PROD_65,3,2026-01-02 00:26:23
4316,CUST_409,PROD_33,4,2026-01-07 14:46:28
4317,CUST_298,PROD_30,2,2026-01-15 03:43:10
4318,CUST_239,PROD_4,2,2025-12-30 06:46:26
4319,CUST_147,PROD_2,2,2026-01-11 15:51:13
4320,CUST_65,PROD_68,2,2026-01-21 06:09:24
4321,CUST_27,PROD_32,4,2025-12-30 16:46:58
4322,CUST_478,PROD_60,3,2026-01-13 11:28:32
4323,CUST_445,PROD_48,2,2026-01-04 04:06:52
4324,CUST_22,PROD_70,5,2025-12-29 06:06:53
4325,CUST_314,PROD_10,3,2025-12-31 13:02:10
4326,CUST_394,PROD_57,3,2026-01-17 20:20:28
4327,CUST_325,PROD_72,3,2026-01-26 10:23:45
4328,CUST_199,PROD_89,1,2026-01-23 19:09:59
4329,CUST_442,PROD_62,4,2026-01-03 16:22:55
4330,CUST_86,PROD_43,1,2026-01-04 23:16:38
4331,CUST_220,PROD_62,1,2025-12-31 12:47:09
4332,CUST_126,PROD_68,4,2025-12-31 12:44:41
4333,CUST_233,PROD_5,3,2026-01-25 11:02:54
4334,CUST_6,PROD_45,3,2026-01-04 15:02:08
4335,CUST_476,PROD_13,1,2026-01-22 23:51:53
4336,CUST_260,PROD_21,2,2026-01-23 20:46:37
4337,CUST_455,PROD_16,1,2026-01-09 08:25:14
4338,CUST_446,PROD_68,2,2026-01-25 02:19:18
4339,CUST_296,PROD_98,3,2026-01-13 08:22:54
4340,CUST_330,PROD_10,3,2026-01-17 12:58:26
4341,CUST_403,PROD_33,3,2026-01-18 04:28:59
4342,CUST_378,PROD_51,5,2026-01-07 17:02:14
4343,CUST_152,PROD_63,2,2026-01-09 18:30:36
4344,CUST_377,PROD_93,1,2026-01-15 14:22:59
4345,CUST_231,PROD_20,2,2026-01-12 23:35:59
4346,CUST_145,PROD_84,5,2026-01-02 20:49:46
4347,CUST_479,PROD_47,1,2025-12-30 00:17:38
4348,CUST_47,PROD_84,2,2025-12-29 01:52:03
4349,CUST_332,PROD_100,1,2026-01-09 23:54:14
4350,CUST_263,PROD_2,4,2026-01-16 22:01:44
4351,CUST_231,PROD_22,1,2026-01-17 04:18:34
4352,CUST_54,PROD_92,5,2026-01-18 06:01:28
4353,CUST_393,PROD_90,3,2026-01-03 14:37:50
4354,CUST_222,PROD_44,3,2026-01-07 20:40:35
4355,CUST_152,PROD_30,1,2026-01-10 23:08:49
4356,CUST_251,PROD_50,5,2026-01-21 17:59:24
4357,CUST_439,PROD_30,4,2026-01-02 21:59:54
4358,CUST_176,PROD_45,4,2026-01-04 06:47:30
4359,CUST_389,PROD_99,5,2026-01-04 05:27:24
4360,CUST_194,PROD_84,2,2026-01-27 04:04:33
4361,CUST_345,PROD_28,3,2026-01-08 15:05:12
4362,CUST_450,PROD_44,3,2026-01-06 10:47:20
4363,CUST_126,PROD_88,4,2026-01-12 19:34:41
4364,CUST_271,PROD_16,4,2026-01-13 22:04:21
4365,CUST_253,PROD_54,1,2026-01-01 20:48:58
4366,CUST_46,PROD_100,5,2026-01-13 20:57:08
4367,CUST_25,PROD_62,2,2026-01-15 16:43:48
4368,CUST_433,PROD_70,2,2026-01-06 12:27:23
4369,CUST_394,PROD_8,5,2026-01-26 03:57:25
4370,CUST_255,PROD_82,4,2026-01-10 20:41:52
4371,CUST_463,PROD_80,4,2026-01-08 13:40:21
4372,CUST_370,PROD_35,4,2026-01-08 20:48:15
4373,CUST_136,PROD_80,1,2026-01-15 23:53:54
4374,CUST_62,PROD_27,5,2026-01-05 11:53:35
4375,CUST_159,PROD_78,2,2025-12-30 03:43:26
4376,CUST_50,PROD_11,5,2026-01-11 03:31:42
4377,CUST_102,PROD_24,3,2026-01-05 02:11:59
4378,CUST_205,PROD_60,1,2026-01-09 04:39:55
4379,CUST_353,PROD_55,3,2025-12-31 02:55:24
4380,CUST_117,PROD_35,5,2026-01-03 17:50:38
4381,CUST_94,PROD_19,2,2025-12-29 09:27:51
4382,CUST_350,PROD_33,1,2026-01-22 11:44:22
4383,CUST_188,PROD_31,3,2026-01-11 08:14:11
4384,CUST_37,PROD_12,4,2025-12-29 03:23:13
4385,CUST_469,PROD_79,3,2026-01-06 12:30:09
4386,CUST_150,PROD_13,5,2026-01-05 02:27:23
4387,CUST_498,PROD_35,4,2026-01-25 10:53:00
4388,CUST_362,PROD_14,4,2026-01-22 13:00:34
4389,CUST_391,PROD_90,4,2026-01-14 16:37:00
4390,CUST_177,PROD_42,3,2026-01-20 15:12:39
4391,CUST_188,PROD_100,3,2026-01-25 05:58:55
4392,CUST_346,PROD_69,4,2025-12-29 02:39:41
4393,CUST_488,PROD_30,3,2026-01-06 21:42:34
4394,CUST_56,PROD_10,2,2026-01-16 22:58:08
4395,CUST_3,PROD_83,4,2026-01-18 22:00:56
4396,CUST_270,PROD_35,3,2026-01-13 05:07:43
4397,CUST_377,PROD_64,3,2026-01-03 23:11:56
4398,CUST_112,PROD_24,4,2026-01-17 13:01:44
4399,CUST_113,PROD_89,1,2026-01-05 06:32:48
4400,CUST_64,PROD_38,5,2026-01-23 05:42:36
4401,CUST_363,PROD_39,5,2026-01-04 15:07:49
4402,CUST_86,PROD_55,2,2026-01-20 00:39:11
4403,CUST_27,PROD_55,3,2026-01-24 20:24:15
4404,CUST_386,PROD_74,2,2025-12-29 09:18:59
4405,CUST_40,PROD_25,3,2026-01-04 15:53:56
4406,CUST_460,PROD_9,2,2025-12-30 04:38:25
4407,CUST_55,PROD_62,4,2026-01-21 04:35:16
4408,CUST_380,PROD_6,1,2026-01-18 03:30:46
4409,CUST_359,PROD_52,1,2026-01-06 14:02:31
4410,CUST_82,PROD_55,5,2026-01-18 07:33:34
4411,CUST_39,PROD_65,4,2026-01-16 09:02:56
4412,CUST_33,PROD_97,1,2026-01-17 23:15:02
4413,CUST_279,PROD_86,2,2026-01-15 23:13:36
4414,CUST_430,PROD_11,1,2026-01-01 05:42:17
4415,CUST_444,PROD_15,5,2026-01-21 20:22:44
4416,CUST_10,PROD_63,2,2026-01-24 11:38:42
4417,CUST_166,PROD_55,5,2026-01-05 21:38:54
4418,CUST_178,PROD_87,2,2025-12-31 07:17:00
4419,CUST_72,PROD_74,2,2026-01-17 22:53:36
4420,CUST_283,PROD_79,4,2026-01-06 13:32:20
4421,CUST_418,PROD_49,2,2026-01-14 14:09:29
4422,CUST_453,PROD_12,3,2026-01-03 23:09:50
4423,CUST_59,PROD_43,3,2026-01-16 16:30:21
4424,CUST_49,PROD_64,2,2025-12-29 18:15:12
4425,CUST_401,PROD_63,5,2026-01-19 08:37:06
4426,CUST_368,PROD_38,3,2026-01-25 16:03:11
4427,CUST_414,PROD_17,5,2026-01-06 14:58:35
4428,CUST_304,PROD_99,3,2026-01-15 03:38:53
4429,CUST_293,PROD_53,5,2026-01-01 15:40:36
4430,CUST_469,PROD_51,3,2026-01-23 10:58:41
4431,CUST_70,PROD_62,4,2026-01-21 17:37:03
4432,CUST_192,PROD_84,5,2026-01-05 15:49:29
4433,CUST_460,PROD_29,4,2026-01-08 08:04:54
4434,CUST_86,PROD_44,5,2026-01-05 23:41:07
4435,CUST_317,PROD_12,4,2026-01-01 12:37:21
4436,CUST_50,PROD_40,2,2026-01-13 21:53:30
4437,CUST_359,PROD_10,3,2026-01-24 19:37:12
4438,CUST_308,PROD_51,4,2026-01-02 07:54:54
4439,CUST_64,PROD_49,4,2026-01-04 20:53:50
4440,CUST_120,PROD_90,5,2026-01-02 09:49:59
4441,CUST_206,PROD_47,1,2026-01-18 15:33:58
4442,CUST_102,PROD_30,2,2026-01-13 00:15:36
4443,CUST_487,PROD_95,4,2026-01-19 11:39:39
4444,CUST_453,PROD_5,3,2026-01-11 05:55:44
4445,CUST_355,PROD_97,2,2026-01-13 12:13:53
4446,CUST_142,PROD_4,5,2025-12-29 14:26:56
4447,CUST_73,PROD_94,3,2026-01-03 11:47:29
4448,CUST_376,PROD_43,3,2026-01-02 06:19:56
4449,CUST_478,PROD_51,3,2026-01-22 05:34:48
4450,CUST_434,PROD_74,2,2026-01-23 12:37:28
4451,CUST_400,PROD_34,3,2026-01-10 15:59:27
4452,CUST_334,PROD_45,4,2026-01-04 02:14:23
4453,CUST_119,PROD_69,4,2026-01-21 12:14:38
4454,CUST_223,PROD_73,1,2026-01-02 20:16:38
4455,CUST_271,PROD_86,2,2026-01-05 09:03:59
4456,CUST_303,PROD_50,1,2026-01-03 11:15:06
4457,CUST_299,PROD_70,1,2026-01-18 18:28:52
4458,CUST_491,PROD_55,1,2026-01-11 01:20:39
4459,CUST_411,PROD_17,4,2026-01-24 07:50:05
4460,CUST_291,PROD_37,5,2026-01-20 17:49:22
4461,CUST_338,PROD_92,4,2026-01-25 12:41:09
4462,CUST_262,PROD_50,2,2026-01-21 17:27:39
4463,CUST_411,PROD_2,3,2026-01-10 20:54:34
4464,CUST_421,PROD_72,3,2026-01-19 05:46:34
4465,CUST_479,PROD_54,5,2026-01-04 04:51:39
4466,CUST_376,PROD_43,1,2025-12-31 17:54:14
4467,CUST_418,PROD_14,2,2026-01-04 00:29:29
4468,CUST_200,PROD_80,3,2026-01-04 07:13:56
4469,CUST_421,PROD_9,3,2026-01-15 02:31:41
4470,CUST_69,PROD_39,4,2026-01-08 07:11:29
4471,CUST_26,PROD_35,3,2026-01-20 08:29:07
4472,CUST_429,PROD_8,4,2026-01-14 08:37:34
4473,CUST_420,PROD_56,2,2026-01-04 23:12:00
4474,CUST_466,PROD_88,4,2026-01-01 11:16:57
4475,CUST_430,PROD_50,2,2025-12-29 19:27:22
4476,CUST_83,PROD_70,2,2025-12-31 01:04:32
4477,CUST_175,PROD_5,5,2026-01-02 10:59:37
4478,CUST_154,PROD_50,5,2026-01-19 19:44:54
4479,CUST_56,PROD_25,4,2026-01-15 18:52:45
4480,CUST_498,PROD_9,3,2026-01-20 14:25:46
4481,CUST_451,PROD_62,5,2026-01-19 23:20:24
4482,CUST_390,PROD_23,1,2026-01-02 16:04:23
4483,CUST_24,PROD_37,5,2026-01-17 04:36:07
4484,CUST_116,PROD_43,4,2026-01-25 17:51:10
4485,CUST_279,PROD_28,3,2026-01-14 02:51:42
4486,CUST_256,PROD_5,3,2026-01-15 17:28:09
4487,CUST_149,PROD_18,4,2026-01-27 18:07:56
4488,CUST_107,PROD_75,5,2025-12-31 05:37:03
4489,CUST_89,PROD_64,3,2026-01-05 22:17:48
4490,CUST_257,PROD_27,4,2026-01-24 17:37:19
4491,CUST_424,PROD_76,5,2026-01-13 07:12:49
4492,CUST_2,PROD_33,2,2026-01-14 00:05:26
4493,CUST_436,PROD_62,4,2026-01-26 01:55:24
4494,CUST_305,PROD_87,4,2026-01-15 21:53:29
4495,CUST_248,PROD_65,3,2026-01-16 18:34:20
4496,CUST_27,PROD_83,1,2026-01-25 21:06:24
4497,CUST_443,PROD_68,1,2025-12-31 13:57:33
4498,CUST_223,PROD_94,4,2026-01-01 18:50:28
4499,CUST_152,PROD_68,1,2026-01-11 18:54:41
4500,CUST_492,PROD_67,4,2026-01-01 06:10:07
4501,CUST_155,PROD_87,2,2026-01-26 08:48:48
4502,CUST_243,PROD_59,3,2026-01-01 12:27:27
4503,CUST_198,PROD_27,1,2026-01-26 00:47:50
4504,CUST_425,PROD_16,1,2026-01-15 08:40:05
4505,CUST_12,PROD_8,4,2026-01-19 09:02:40
4506,CUST_186,PROD_38,4,2025-12-29 08:25:38
4507,CUST_453,PROD_22,1,2026-01-12 00:21:20
4508,CUST_237,PROD_90,2,2026-01-09 14:57:25
4509,CUST_437,PROD_89,4,2026-01-09 12:52:11
4510,CUST_143,PROD_30,1,2025-12-31 12:45:40
4511,CUST_266,PROD_13,2,2026-01-02 03:24:00
4512,CUST_221,PROD_38,3,2026-01-26 16:11:15
4513,CUST_429,PROD_84,5,2026-01-14 07:32:56
4514,CUST_316,PROD_99,1,2026-01-13 09:19:13
4515,CUST_138,PROD_93,4,2026-01-19 05:58:07
4516,CUST_45,PROD_4,1,2026-01-03 01:51:54
4517,CUST_380,PROD_15,1,2026-01-01 04:38:59
4518,CUST_37,PROD_65,2,2026-01-07 05:36:19
4519,CUST_233,PROD_14,5,2026-01-03 22:53:36
4520,CUST_100,PROD_13,4,2026-01-11 03:46:11
4521,CUST_404,PROD_11,5,2026-01-08 04:33:42
4522,CUST_34,PROD_19,4,2026-01-09 16:50:50
4523,CUST_500,PROD_80,2,2026-01-23 09:09:29
4524,CUST_78,PROD_25,5,2026-01-27 06:52:41
4525,CUST_466,PROD_19,2,2026-01-22 05:40:51
4526,CUST_207,PROD_10,2,2026-01-19 18:36:16
4527,CUST_109,PROD_45,5,2026-01-22 06:50:40
4528,CUST_186,PROD_84,1,2026-01-19 17:45:41
4529,CUST_396,PROD_61,1,2026-01-08 03:50:14
4530,CUST_273,PROD_83,4,2026-01-02 09:14:42
4531,CUST_200,PROD_21,3,2026-01-07 11:11:59
4532,CUST_287,PROD_73,1,2026-01-27 04:00:55
4533,CUST_456,PROD_49,4,2026-01-25 01:08:45
4534,CUST_460,PROD_76,1,2026-01-07 06:21:13
4535,CUST_188,PROD_90,4,2026-01-07 13:29:57
4536,CUST_298,PROD_42,4,2026-01-09 18:05:44
4537,CUST_462,PROD_25,3,2026-01-13 19:54:27
4538,CUST_357,PROD_44,3,2026-01-07 00:08:07
4539,CUST_94,PROD_42,4,2026-01-25 13:56:16
4540,CUST_372,PROD_4,3,2026-01-15 10:21:48
4541,CUST_277,PROD_49,5,2026-01-19 04:54:34
4542,CUST_382,PROD_47,1,2026-01-04 09:35:40
4543,CUST_348,PROD_33,4,2026-01-03 05:11:10
4544,CUST_22,PROD_86,5,2026-01-07 01:28:53
4545,CUST_107,PROD_30,4,2026-01-04 17:25:16
4546,CUST_52,PROD_18,4,2026-01-20 12:36:48
4547,CUST_236,PROD_20,1,2025-12-31 10:04:05
4548,CUST_114,PROD_91,2,2025-12-31 01:39:53
4549,CUST_442,PROD_10,1,2026-01-05 17:29:08
4550,CUST_332,PROD_90,3,2026-01-18 02:47:01
4551,CUST_69,PROD_87,3,2026-01-21 23:22:14
4552,CUST_224,PROD_73,4,2026-01-20 08:00:00
4553,CUST_412,PROD_59,3,2026-01-18 11:07:54
4554,CUST_78,PROD_97,1,2026-01-11 23:56:04
4555,CUST_214,PROD_60,1,2026-01-10 03:16:11
4556,CUST_291,PROD_33,5,2026-01-27 10:28:34
4557,CUST_273,PROD_26,4,2026-01-13 11:49:42
4558,CUST_458,PROD_69,3,2026-01-24 01:44:42
4559,CUST_307,PROD_31,5,2026-01-09 19:25:14
4560,CUST_441,PROD_14,2,2026-01-07 19:49:16
4561,CUST_192,PROD_71,5,2026-01-13 09:18:31
4562,CUST_362,PROD_78,2,2026-01-08 16:50:39
4563,CUST_309,PROD_11,4,2026-01-17 18:43:10
4564,CUST_484,PROD_37,2,2026-01-26 10:41:08
4565,CUST_81,PROD_41,2,2026-01-24 14:57:57
4566,CUST_417,PROD_67,2,2026-01-15 21:19:01
4567,CUST_459,PROD_67,5,2026-01-27 14:01:04
4568,CUST_434,PROD_99,3,2026-01-23 06:31:00
4569,CUST_452,PROD_73,1,2026-01-26 18:24:57
4570,CUST_211,PROD_32,4,2026-01-01 03:12:29
4571,CUST_199,PROD_79,1,2026-01-08 11:35:51
4572,CUST_441,PROD_50,5,2026-01-03 23:42:12
4573,CUST_444,PROD_66,1,2026-01-21 03:36:25
4574,CUST_255,PROD_8,1,2026-01-03 23:02:39
4575,CUST_107,PROD_62,4,2026-01-07 11:15:18
4576,CUST_462,PROD_93,4,2026-01-11 06:43:33
4577,CUST_373,PROD_33,5,2026-01-08 07:28:19
4578,CUST_299,PROD_16,2,2026-01-03 14:40:11
4579,CUST_137,PROD_96,4,2026-01-10 23:56:07
4580,CUST_168,PROD_41,5,2026-01-22 13:20:17
4581,CUST_271,PROD_34,1,2026-01-05 08:56:31
4582,CUST_7,PROD_28,5,2026-01-08 20:06:49
4583,CUST_54,PROD_18,4,2026-01-08 08:33:59
4584,CUST_450,PROD_19,4,2026-01-01 02:33:56
4585,CUST_454,PROD_64,2,2026-01-07 10:48:51
4586,CUST_9,PROD_58,3,2026-01-25 19:05:32
4587,CUST_206,PROD_66,5,2026-01-12 00:27:28
4588,CUST_147,PROD_24,2,2026-01-05 09:22:25
4589,CUST_401,PROD_21,3,2026-01-26 14:44:08
4590,CUST_411,PROD_49,2,2026-01-03 21:28:58
4591,CUST_281,PROD_90,4,2026-01-13 06:59:32
4592,CUST_493,PROD_33,2,2026-01-03 14:17:07
4593,CUST_30,PROD_18,4,2026-01-27 14:51:02
4594,CUST_324,PROD_89,3,2026-01-23 23:23:41
4595,CUST_484,PROD_99,1,2026-01-13 17:01:29
4596,CUST_445,PROD_14,2,2026-01-15 11:11:04
4597,CUST_137,PROD_66,4,2026-01-12 23:27:45
4598,CUST_6,PROD_53,3,2026-01-24 04:26:32
4599,CUST_365,PROD_50,3,2026-01-24 20:01:13
4600,CUST_431,PROD_88,5,2026-01-03 09:21:27
4601,CUST_234,PROD_29,4,2026-01-07 13:32:26
4602,CUST_456,PROD_71,1,2026-01-05 15:21:37
4603,CUST_499,PROD_62,2,2026-01-17 22:27:31
4604,CUST_61,PROD_86,1,2026-01-18 19:20:42
4605,CUST_468,PROD_11,4,2026-01-07 01:17:45
4606,CUST_391,PROD_30,1,2026-01-19 13:27:48
4607,CUST_90,PROD_33,3,2026-01-21 23:42:06
4608,CUST_455,PROD_40,5,2026-01-01 13:02:31
4609,CUST_245,PROD_84,2,2026-01-08 16:33:58
4610,CUST_238,PROD_6,4,2026-01-10 15:01:40
4611,CUST_144,PROD_93,1,2026-01-08 07:05:49
4612,CUST_150,PROD_13,5,2026-01-10 20:42:57
4613,CUST_407,PROD_89,4,2026-01-15 20:25:18
4614,CUST_47,PROD_5,1,2026-01-05 03:48:47
4615,CUST_180,PROD_40,1,2026-01-15 19:47:04
4616,CUST_170,PROD_9,1,2026-01-07 01:06:22
4617,CUST_303,PROD_51,3,2026-01-10 15:35:54
4618,CUST_27,PROD_30,1,2026-01-10 07:24:47
4619,CUST_239,PROD_53,5,2025-12-31 05:07:17
4620,CUST_70,PROD_63,4,2025-12-29 21:00:38
4621,CUST_258,PROD_71,1,2026-01-13 10:25:04
4622,CUST_16,PROD_49,3,2025-12-29 14:56:34
4623,CUST_265,PROD_48,2,2026-01-13 20:45:27
4624,CUST_408,PROD_51,1,2026-01-01 13:15:14
4625,CUST_53,PROD_19,5,2026-01-24 02:29:56
4626,CUST_348,PROD_79,2,2026-01-23 09:43:43
4627,CUST_89,PROD_37,1,2026-01-22 00:05:44
4628,CUST_62,PROD_40,1,2026-01-19 14:27:29
4629,CUST_215,PROD_35,5,2026-01-08 03:33:33
4630,CUST_295,PROD_71,2,2026-01-11 11:00:31
4631,CUST_308,PROD_40,3,2026-01-25 12:24:21
4632,CUST_231,PROD_92,3,2026-01-20 23:23:03
4633,CUST_122,PROD_72,2,2026-01-10 03:28:52
4634,CUST_129,PROD_62,1,2026-01-17 06:44:21
4635,CUST_186,PROD_13,3,2026-01-05 00:34:34
4636,CUST_403,PROD_62,4,2026-01-11 09:21:05
4637,CUST_200,PROD_55,5,2026-01-20 10:02:07
4638,CUST_98,PROD_86,3,2026-01-11 02:49:56
4639,CUST_314,PROD_69,5,2026-01-04 01:46:41
4640,CUST_49,PROD_91,5,2026-01-12 23:33:26
4641,CUST_213,PROD_3,4,2026-01-14 05:42:32
4642,CUST_218,PROD_28,3,2026-01-05 02:09:43
4643,CUST_338,PROD_60,2,2026-01-26 18:36:35
4644,CUST_242,PROD_54,2,2026-01-05 08:24:41
4645,CUST_42,PROD_68,4,2026-01-26 02:35:33
4646,CUST_1,PROD_26,2,2026-01-20 14:34:35
4647,CUST_335,PROD_59,2,2026-01-25 15:30:29
4648,CUST_51,PROD_22,4,2025-12-29 16:18:40
4649,CUST_329,PROD_70,4,2026-01-10 02:38:38
4650,CUST_373,PROD_70,2,2026-01-27 15:14:35
4651,CUST_278,PROD_24,5,2025-12-31 19:00:53
4652,CUST_403,PROD_11,4,2026-01-05 14:12:42
4653,CUST_474,PROD_18,1,2026-01-13 04:01:29
4654,CUST_53,PROD_76,3,2026-01-22 11:41:06
4655,CUST_34,PROD_82,2,2026-01-20 03:57:54
4656,CUST_33,PROD_41,2,2026-01-21 10:02:08
4657,CUST_30,PROD_89,5,2026-01-03 15:56:57
4658,CUST_260,PROD_16,3,2026-01-07 21:18:02
4659,CUST_83,PROD_2,3,2026-01-24 02:53:59
4660,CUST_393,PROD_41,5,2026-01-11 00:23:03
4661,CUST_422,PROD_52,3,2026-01-06 03:29:52
4662,CUST_464,PROD_29,1,2026-01-27 13:07:48
4663,CUST_355,PROD_75,5,2025-12-29 23:49:00
4664,CUST_226,PROD_52,4,2026-01-25 17:01:10
4665,CUST_30,PROD_84,3,2025-12-29 06:37:14
4666,CUST_451,PROD_94,5,2026-01-02 10:23:55
4667,CUST_19,PROD_45,3,2026-01-13 08:57:06
4668,CUST_309,PROD_49,1,2026-01-23 20:50:42
4669,CUST_382,PROD_4,3,2026-01-11 14:33:28
4670,CUST_33,PROD_89,5,2026-01-21 09:18:38
4671,CUST_193,PROD_93,4,2025-12-31 19:59:35
4672,CUST_252,PROD_35,4,2026-01-09 13:23:58
4673,CUST_370,PROD_61,1,2026-01-11 19:38:02
4674,CUST_152,PROD_12,2,2025-12-30 07:06:40
4675,CUST_239,PROD_77,2,2026-01-02 09:33:44
4676,CUST_275,PROD_57,3,2026-01-09 14:20:39
4677,CUST_388,PROD_96,3,2026-01-18 07:31:45
4678,CUST_333,PROD_45,3,2026-01-14 07:21:16
4679,CUST_442,PROD_67,3,2026-01-13 21:08:09
4680,CUST_381,PROD_68,2,2026-01-08 01:10:58
4681,CUST_100,PROD_53,2,2026-01-25 11:04:04
4682,CUST_362,PROD_85,3,2026-01-05 17:04:05
4683,CUST_127,PROD_9,3,2026-01-22 02:53:27
4684,CUST_376,PROD_76,1,2026-01-10 14:37:01
4685,CUST_425,PROD_21,5,2026-01-07 14:54:43
4686,CUST_345,PROD_12,1,2026-01-20 09:01:37
4687,CUST_398,PROD_3,4,2026-01-04 15:51:21
4688,CUST_402,PROD_70,3,2026-01-18 06:54:39
4689,CUST_400,PROD_71,5,2026-01-01 05:33:29
4690,CUST_372,PROD_66,2,2026-01-11 22:07:00
4691,CUST_307,PROD_70,4,2026-01-11 22:07:29
4692,CUST_138,PROD_48,5,2026-01-20 15:18:35
4693,CUST_458,PROD_20,2,2026-01-08 06:01:44
4694,CUST_223,PROD_34,3,2026-01-24 11:40:17
4695,CUST_358,PROD_49,1,2026-01-16 15:10:17
4696,CUST_169,PROD_24,4,2026-01-21 07:10:43
4697,CUST_360,PROD_14,5,2026-01-15 04:29:48
4698,CUST_467,PROD_17,4,2026-01-26 00:49:57
4699,CUST_222,PROD_14,1,2026-01-04 18:23:36
4700,CUST_76,PROD_20,4,2026-01-11 15:32:56
4701,CUST_298,PROD_14,1,2026-01-05 05:52:17
4702,CUST_108,PROD_90,4,2026-01-17 20:03:10
4703,CUST_468,PROD_62,3,2026-01-27 01:03:53
4704,CUST_422,PROD_54,1,2026-01-17 15:09:46
4705,CUST_405,PROD_4,1,2026-01-16 10:42:40
4706,CUST_300,PROD_49,1,2026-01-09 19:32:15
4707,CUST_117,PROD_44,2,2026-01-17 23:38:58
4708,CUST_347,PROD_82,3,2026-01-13 12:10:30
4709,CUST_162,PROD_87,3,2026-01-09 14:52:28
4710,CUST_393,PROD_22,5,2026-01-25 07:22:09
4711,CUST_108,PROD_45,4,2026-01-20 07:23:28
4712,CUST_245,PROD_96,4,2026-01-05 20:24:14
4713,CUST_408,PROD_92,4,2026-01-04 03:30:14
4714,CUST_186,PROD_54,4,2026-01-19 13:29:46
4715,CUST_345,PROD_46,1,2026-01-10 11:23:36
4716,CUST_496,PROD_11,2,2026-01-08 05:57:07
4717,CUST_62,PROD_41,1,2026-01-24 01:54:24
4718,CUST_170,PROD_9,5,2026-01-11 00:02:18
4719,CUST_420,PROD_16,3,2026-01-17 15:58:13
4720,CUST_55,PROD_56,3,2026-01-17 23:33:14
4721,CUST_180,PROD_88,2,2026-01-18 15:06:50
4722,CUST_97,PROD_19,4,2026-01-25 16:17:34
4723,CUST_106,PROD_78,5,2026-01-17 13:37:12
4724,CUST_486,PROD_12,2,2026-01-10 12:05:32
4725,CUST_230,PROD_46,3,2026-01-06 01:06:19
4726,CUST_270,PROD_88,2,2026-01-25 09:27:31
4727,CUST_296,PROD_42,5,2026-01-07 01:55:04
4728,CUST_365,PROD_14,3,2026-01-18 17:29:36
4729,CUST_255,PROD_98,1,2025-12-29 18:01:41
4730,CUST_45,PROD_65,4,2026-01-27 03:06:02
4731,CUST_339,PROD_79,3,2025-12-30 17:04:30
4732,CUST_419,PROD_41,2,2026-01-11 11:49:31
4733,CUST_177,PROD_8,4,2026-01-04 15:51:53
4734,CUST_239,PROD_91,1,2026-01-09 12:59:34
4735,CUST_473,PROD_8,1,2026-01-21 06:19:11
4736,CUST_122,PROD_15,4,2026-01-15 14:32:10
4737,CUST_481,PROD_35,1,2026-01-04 04:50:03
4738,CUST_25,PROD_8,3,2026-01-24 02:43:59
4739,CUST_384,PROD_1,1,2026-01-17 16:59:14
4740,CUST_122,PROD_75,3,2025-12-31 04:48:00
4741,CUST_142,PROD_18,5,2026-01-25 15:17:08
4742,CUST_318,PROD_72,5,2026-01-16 22:15:01
4743,CUST_111,PROD_15,3,2026-01-06 14:05:05
4744,CUST_21,PROD_23,3,2025-12-30 08:19:21
4745,CUST_460,PROD_21,1,2026-01-12 11:06:13
4746,CUST_426,PROD_38,3,2026-01-06 15:52:37
4747,CUST_214,PROD_87,4,2026-01-15 04:58:21
4748,CUST_311,PROD_24,5,2026-01-10 12:19:57
4749,CUST_290,PROD_67,5,2026-01-24 07:32:09
4750,CUST_177,PROD_50,4,2026-01-27 01:51:04
4751,CUST_142,PROD_62,3,2026-01-09 08:41:18
4752,CUST_335,PROD_82,5,2026-01-07 18:14:41
4753,CUST_432,PROD_37,5,2026-01-07 22:48:31
4754,CUST_238,PROD_79,4,2026-01-19 01:19:59
4755,CUST_126,PROD_74,3,2026-01-17 01:00:20
4756,CUST_103,PROD_91,4,2026-01-18 21:50:00
4757,CUST_355,PROD_13,1,2026-01-11 07:12:29
4758,CUST_456,PROD_18,2,2026-01-23 16:26:23
4759,CUST_66,PROD_87,3,2026-01-05 14:24:49
4760,CUST_345,PROD_61,1,2026-01-04 23:06:23
4761,CUST_308,PROD_66,3,2026-01-20 13:49:17
4762,CUST_229,PROD_7,2,2026-01-07 09:08:37
4763,CUST_317,PROD_36,1,2025-12-31 11:02:27
4764,CUST_333,PROD_44,5,2026-01-12 07:15:31
4765,CUST_197,PROD_51,4,2026-01-01 20:25:06
4766,CUST_244,PROD_17,1,2026-01-25 04:32:02
4767,CUST_258,PROD_95,3,2025-12-29 16:35:08
4768,CUST_188,PROD_95,2,2026-01-11 18:26:21
4769,CUST_253,PROD_54,1,2026-01-11 12:01:12
4770,CUST_390,PROD_11,1,2026-01-24 20:20:06
4771,CUST_88,PROD_27,5,2026-01-05 18:48:01
4772,CUST_282,PROD_92,3,2025-12-31 19:03:10
4773,CUST_455,PROD_69,1,2025-12-31 20:27:59
4774,CUST_12,PROD_78,2,2026-01-18 15:14:26
4775,CUST_121,PROD_17,5,2026-01-10 01:45:34
4776,CUST_13,PROD_19,1,2026-01-08 01:30:17
4777,CUST_142,PROD_36,4,2025-12-29 16:29:50
4778,CUST_397,PROD_94,2,2026-01-04 07:37:04
4779,CUST_40,PROD_50,3,2026-01-18 23:44:31
4780,CUST_11,PROD_77,5,2026-01-20 11:13:18
4781,CUST_247,PROD_54,5,2026-01-23 04:10:20
4782,CUST_442,PROD_99,1,2026-01-18 12:12:22
4783,CUST_290,PROD_15,4,2026-01-06 18:52:17
4784,CUST_76,PROD_6,4,2026-01-22 17:34:15
4785,CUST_459,PROD_20,2,2025-12-29 22:34:54
4786,CUST_5,PROD_29,2,2025-12-29 19:26:13
4787,CUST_200,PROD_41,1,2026-01-14 05:27:05
4788,CUST_381,PROD_76,5,2026-01-14 16:15:32
4789,CUST_62,PROD_23,1,2026-01-15 06:28:13
4790,CUST_442,PROD_14,4,2026-01-08 18:36:47
4791,CUST_347,PROD_91,2,2026-01-06 15:38:19
4792,CUST_481,PROD_98,2,2026-01-04 18:57:50
4793,CUST_28,PROD_5,5,2026-01-18 03:28:07
4794,CUST_108,PROD_8,5,2026-01-03 20:58:14
4795,CUST_222,PROD_90,4,2026-01-11 02:46:39
4796,CUST_167,PROD_36,4,2026-01-19 05:57:48
4797,CUST_72,PROD_30,2,2026-01-15 18:58:06
4798,CUST_150,PROD_36,3,2026-01-02 03:04:12
4799,CUST_191,PROD_31,4,2026-01-23 16:17:03
4800,CUST_191,PROD_39,3,2026-01-20 17:37:39
4801,CUST_160,PROD_92,1,2026-01-22 22:29:48
4802,CUST_296,PROD_94,3,2026-01-13 15:04:24
4803,CUST_210,PROD_83,3,2026-01-01 03:45:22
4804,CUST_428,PROD_15,5,2026-01-17 05:05:37
4805,CUST_90,PROD_13,3,2026-01-08 10:47:03
4806,CUST_365,PROD_25,4,2026-01-16 14:02:23
4807,CUST_95,PROD_54,2,2026-01-02 07:23:36
4808,CUST_230,PROD_51,3,2026-01-25 03:08:15
4809,CUST_330,PROD_74,2,2026-01-07 14:01:49
4810,CUST_314,PROD_69,5,2025-12-29 10:47:01
4811,CUST_305,PROD_16,2,2026-01-27 01:11:38
4812,CUST_146,PROD_9,5,2026-01-16 17:55:09
4813,CUST_264,PROD_36,4,2026-01-19 23:57:13
4814,CUST_89,PROD_46,2,2026-01-26 09:54:57
4815,CUST_291,PROD_35,1,2025-12-31 21:38:54
4816,CUST_459,PROD_3,2,2026-01-09 22:48:16
4817,CUST_235,PROD_31,2,2026-01-18 08:00:13
4818,CUST_278,PROD_83,5,2026-01-03 19:55:35
4819,CUST_26,PROD_16,5,2026-01-17 23:33:41
4820,CUST_275,PROD_97,4,2026-01-23 12:24:40
4821,CUST_231,PROD_50,4,2026-01-15 02:33:16
4822,CUST_479,PROD_47,4,2026-01-13 22:47:32
4823,CUST_409,PROD_100,3,2026-01-26 10:31:33
4824,CUST_168,PROD_53,2,2026-01-13 18:27:00
4825,CUST_68,PROD_42,5,2026-01-21 23:26:55
4826,CUST_9,PROD_50,5,2026-01-24 11:08:09
4827,CUST_431,PROD_11,5,2026-01-13 23:01:46
4828,CUST_110,PROD_92,1,2026-01-13 17:25:40
4829,CUST_340,PROD_26,3,2025-12-31 07:03:22
4830,CUST_290,PROD_39,2,2026-01-07 11:43:24
4831,CUST_426,PROD_9,3,2026-01-22 22:24:30
4832,CUST_312,PROD_27,5,2026-01-25 01:40:22
4833,CUST_309,PROD_38,3,2026-01-22 16:18:25
4834,CUST_446,PROD_89,3,2026-01-25 08:44:46
4835,CUST_154,PROD_2,4,2026-01-17 09:02:49
4836,CUST_330,PROD_89,5,2026-01-21 23:25:50
4837,CUST_111,PROD_21,1,2026-01-04 17:06:04
4838,CUST_62,PROD_14,3,2026-01-04 02:20:41
4839,CUST_468,PROD_26,3,2026-01-02 20:59:04
4840,CUST_11,PROD_10,5,2026-01-26 05:38:36
4841,CUST_316,PROD_75,3,2026-01-09 01:40:48
4842,CUST_463,PROD_71,4,2026-01-22 00:13:49
4843,CUST_71,PROD_70,3,2026-01-02 02:44:18
4844,CUST_225,PROD_56,5,2026-01-21 17:54:23
4845,CUST_492,PROD_20,2,2026-01-26 23:18:11
4846,CUST_211,PROD_29,5,2026-01-06 12:30:55
4847,CUST_165,PROD_32,5,2026-01-17 18:44:54
4848,CUST_284,PROD_47,3,2026-01-08 12:17:28
4849,CUST_458,PROD_6,1,2025-12-30 00:02:29
4850,CUST_214,PROD_86,2,2026-01-14 00:29:09
4851,CUST_319,PROD_100,5,2025-12-31 17:37:19
4852,CUST_71,PROD_96,3,2026-01-10 06:05:52
4853,CUST_108,PROD_19,4,2026-01-25 11:23:34
4854,CUST_3,PROD_67,5,2026-01-09 13:11:55
4855,CUST_484,PROD_31,2,2026-01-03 15:53:57
4856,CUST_411,PROD_96,1,2025-12-29 00:05:45
4857,CUST_498,PROD_68,4,2026-01-01 20:32:17
4858,CUST_247,PROD_22,1,2026-01-16 10:32:51
4859,CUST_130,PROD_44,1,2026-01-14 15:08:30
4860,CUST_130,PROD_18,1,2026-01-26 21:32:36
4861,CUST_332,PROD_3,5,2026-01-24 02:18:19
4862,CUST_466,PROD_51,1,2026-01-05 05:50:42
4863,CUST_126,PROD_63,4,2026-01-26 02:02:46
4864,CUST_405,PROD_16,5,2026-01-14 04:45:02
4865,CUST_52,PROD_52,5,2026-01-08 00:36:35
4866,CUST_425,PROD_92,1,2026-01-14 12:11:13
4867,CUST_262,PROD_47,4,2025-12-30 10:02:30
4868,CUST_214,PROD_28,3,2026-01-20 22:30:31
4869,CUST_44,PROD_50,2,2026-01-18 12:03:37
4870,CUST_184,PROD_100,1,2026-01-24 23:58:40
4871,CUST_14,PROD_55,3,2026-01-09 20:52:39
4872,CUST_382,PROD_10,1,2026-01-01 11:02:32
4873,CUST_380,PROD_96,1,2026-01-01 00:27:50
4874,CUST_274,PROD_32,4,2026-01-25 01:11:28
4875,CUST_419,PROD_73,3,2026-01-17 03:47:05
4876,CUST_246,PROD_90,2,2026-01-22 18:54:28
4877,CUST_368,PROD_91,3,2026-01-12 23:59:09
4878,CUST_90,PROD_38,3,2026-01-05 07:01:38
4879,CUST_408,PROD_85,2,2026-01-02 09:40:02
4880,CUST_158,PROD_27,3,2026-01-08 01:07:23
4881,CUST_55,PROD_97,1,2026-01-12 13:56:43
4882,CUST_284,PROD_56,2,2026-01-16 03:31:54
4883,CUST_147,PROD_73,2,2026-01-15 03:55:27
4884,CUST_357,PROD_56,4,2026-01-08 04:56:16
4885,CUST_446,PROD_91,5,2026-01-12 01:34:34
4886,CUST_313,PROD_60,4,2026-01-20 10:15:45
4887,CUST_61,PROD_87,1,2026-01-04 01:37:51
4888,CUST_471,PROD_100,1,2026-01-10 15:05:44
4889,CUST_56,PROD_82,1,2026-01-15 09:24:16
4890,CUST_280,PROD_83,5,2026-01-12 04:25:38
4891,CUST_137,PROD_63,5,2026-01-06 03:59:44
4892,CUST_101,PROD_3,3,2026-01-13 10:14:21
4893,CUST_43,PROD_91,5,2026-01-26 22:21:34
4894,CUST_38,PROD_23,1,2026-01-24 06:13:48
4895,CUST_460,PROD_22,1,2026-01-24 15:42:03
4896,CUST_303,PROD_31,5,2026-01-04 15:07:06
4897,CUST_397,PROD_49,1,2026-01-25 22:09:03
4898,CUST_233,PROD_72,4,2026-01-20 13:33:17
4899,CUST_441,PROD_68,5,2026-01-04 02:09:33
4900,CUST_422,PROD_47,5,2026-01-18 01:36:15
4901,CUST_253,PROD_53,5,2026-01-11 15:34:40
4902,CUST_183,PROD_74,3,2025-12-30 18:48:14
4903,CUST_28,PROD_1,4,2026-01-15 11:00:25
4904,CUST_413,PROD_52,2,2026-01-04 07:44:32
4905,CUST_276,PROD_53,3,2026-01-07 13:11:39
4906,CUST_444,PROD_59,2,2026-01-04 16:19:33
4907,CUST_248,PROD_20,5,2026-01-18 07:59:37
4908,CUST_317,PROD_25,1,2026-01-17 17:47:06
4909,CUST_87,PROD_82,4,2026-01-04 11:20:34
4910,CUST_417,PROD_85,2,2026-01-06 09:30:52
4911,CUST_269,PROD_86,2,2026-01-06 16:48:15
4912,CUST_376,PROD_83,3,2026-01-10 19:25:53
4913,CUST_54,PROD_91,2,2026-01-22 06:35:07
4914,CUST_59,PROD_96,5,2026-01-09 16:47:02
4915,CUST_205,PROD_20,4,2026-01-17 02:11:41
4916,CUST_272,PROD_82,5,2026-01-07 05:55:32
4917,CUST_84,PROD_29,1,2025-12-29 19:30:58
4918,CUST_330,PROD_71,2,2026-01-06 12:14:51
4919,CUST_161,PROD_76,4,2026-01-27 14:11:10
4920,CUST_368,PROD_1,5,2026-01-24 00:40:09
4921,CUST_428,PROD_65,3,2026-01-10 18:48:59
4922,CUST_252,PROD_60,1,2026-01-01 09:10:53
4923,CUST_458,PROD_88,5,2026-01-01 09:34:51
4924,CUST_324,PROD_72,4,2026-01-04 15:20:35
4925,CUST_300,PROD_54,5,2026-01-10 04:17:18
4926,CUST_74,PROD_86,5,2026-01-14 01:30:11
4927,CUST_443,PROD_76,4,2026-01-05 12:05:23
4928,CUST_387,PROD_30,1,2026-01-18 12:21:56
4929,CUST_19,PROD_29,2,2026-01-05 00:03:56
4930,CUST_453,PROD_69,3,2026-01-20 03:21:29
4931,CUST_52,PROD_37,3,2026-01-14 17:31:20
4932,CUST_446,PROD_62,4,2026-01-02 19:37:52
4933,CUST_348,PROD_100,4,2026-01-13 10:30:35
4934,CUST_168,PROD_11,5,2026-01-02 05:01:40
4935,CUST_66,PROD_84,1,2026-01-06 18:38:16
4936,CUST_202,PROD_47,2,2026-01-19 13:48:45
4937,CUST_361,PROD_3,2,2026-01-11 06:43:01
4938,CUST_415,PROD_17,4,2026-01-15 18:19:51
4939,CUST_32,PROD_89,5,2026-01-24 05:12:07
4940,CUST_72,PROD_76,2,2026-01-16 08:45:56
4941,CUST_378,PROD_11,3,2026-01-05 14:03:48
4942,CUST_176,PROD_14,4,2026-01-18 11:49:05
4943,CUST_223,PROD_48,3,2026-01-25 03:44:22
4944,CUST_368,PROD_6,4,2026-01-18 05:26:27
4945,CUST_262,PROD_8,2,2026-01-20 12:47:12
4946,CUST_155,PROD_14,2,2026-01-22 05:10:01
4947,CUST_295,PROD_85,2,2026-01-24 21:10:51
4948,CUST_248,PROD_69,2,2026-01-03 01:04:28
4949,CUST_171,PROD_99,5,2026-01-03 14:18:18
4950,CUST_287,PROD_6,2,2026-01-23 10:40:24
4951,CUST_306,PROD_29,4,2026-01-20 07:49:12
4952,CUST_309,PROD_68,4,2026-01-21 14:08:47
4953,CUST_306,PROD_73,5,2025-12-31 05:20:41
4954,CUST_438,PROD_26,4,2026-01-20 13:38:07
4955,CUST_346,PROD_83,1,2025-12-29 19:43:27
4956,CUST_1,PROD_52,5,2026-01-23 21:20:55
4957,CUST_12,PROD_32,1,2025-12-31 08:29:03
4958,CUST_38,PROD_57,1,2026-01-04 23:37:33
4959,CUST_209,PROD_34,3,2026-01-27 12:18:31
4960,CUST_183,PROD_94,2,2026-01-12 02:18:51
4961,CUST_371,PROD_17,2,2026-01-12 12:07:37
4962,CUST_301,PROD_40,4,2026-01-06 12:45:31
4963,CUST_88,PROD_52,5,2026-01-10 15:32:07
4964,CUST_222,PROD_56,3,2026-01-15 01:09:06
4965,CUST_333,PROD_88,3,2026-01-14 18:54:25
4966,CUST_44,PROD_49,2,2026-01-23 17:16:32
4967,CUST_438,PROD_54,3,2026-01-23 09:07:24
4968,CUST_141,PROD_39,5,2026-01-06 03:36:39
4969,CUST_177,PROD_4,5,2026-01-26 11:43:25
4970,CUST_355,PROD_74,2,2026-01-27 14:31:26
4971,CUST_434,PROD_95,2,2026-01-07 08:56:46
4972,CUST_17,PROD_4,5,2026-01-02 19:34:39
4973,CUST_226,PROD_83,1,2026-01-20 14:31:10
4974,CUST_11,PROD_4,5,2026-01-06 07:29:24
4975,CUST_124,PROD_15,3,2026-01-10 15:58:29
4976,CUST_248,PROD_3,5,2026-01-06 16:11:06
4977,CUST_41,PROD_66,4,2026-01-02 02:11:13
4978,CUST_35,PROD_57,2,2026-01-06 01:24:01
4979,CUST_462,PROD_48,3,2026-01-09 09:44:56
4980,CUST_314,PROD_75,3,2025-12-31 03:02:44
4981,CUST_31,PROD_20,4,2026-01-11 01:38:23
4982,CUST_430,PROD_65,1,2026-01-07 06:04:12
4983,CUST_343,PROD_92,2,2026-01-19 20:38:01
4984,CUST_234,PROD_63,3,2026-01-27 13:19:06
4985,CUST_323,PROD_1,2,2026-01-15 19:32:29
4986,CUST_62,PROD_53,3,2026-01-17 17:07:51
4987,CUST_150,PROD_86,2,2026-01-11 19:38:13
4988,CUST_312,PROD_22,5,2026-01-20 12:18:19
4989,CUST_116,PROD_46,3,2026-01-13 23:06:32
4990,CUST_155,PROD_13,5,2026-01-04 16:30:01
4991,CUST_339,PROD_50,2,2026-01-22 18:15:07
4992,CUST_177,PROD_30,3,2026-01-01 02:33:43
4993,CUST_426,PROD_30,4,2026-01-07 04:16:47
4994,CUST_437,PROD_92,1,2025-12-29 07:03:11
4995,CUST_398,PROD_48,1,2026-01-22 00:23:37
4996,CUST_97,PROD_72,5,2026-01-13 10:06:25
4997,CUST_213,PROD_81,2,2026-01-12 14:02:30
4998,CUST_480,PROD_20,1,2026-01-06 21:52:37
4999,CUST_325,PROD_70,4,2026-01-04 02:33:13
5000,CUST_371,PROD_26,3,2026-01-03 17:44:47
5001,CUST_123,PROD_51,1,2026-01-18 15:01:32
5002,CUST_393,PROD_9,1,2026-01-12 23:04:34
5003,CUST_359,PROD_13,5,2026-01-24 11:39:31
5004,CUST_358,PROD_7,3,2026-01-02 22:40:35
5005,CUST_340,PROD_75,1,2026-01-13 09:31:42
5006,CUST_404,PROD_42,1,2026-01-04 12:06:24
5007,CUST_29,PROD_5,5,2026-01-27 16:57:23
5008,CUST_328,PROD_86,1,2026-01-06 11:30:25
5009,CUST_78,PROD_42,4,2026-01-27 06:59:05
5010,CUST_3,PROD_20,2,2026-01-23 19:02:36
5011,CUST_380,PROD_73,5,2026-01-05 00:54:34
5012,CUST_316,PROD_52,4,2026-01-26 22:30:25
5013,CUST_422,PROD_16,1,2026-01-14 09:46:13
5014,CUST_369,PROD_11,2,2026-01-05 14:43:14
5015,CUST_24,PROD_22,4,2025-12-31 22:59:47
5016,CUST_214,PROD_54,4,2026-01-15 18:52:40
5017,CUST_75,PROD_81,3,2026-01-08 05:38:08
5018,CUST_250,PROD_17,4,2026-01-19 19:03:25
5019,CUST_160,PROD_46,4,2026-01-06 12:57:23
5020,CUST_251,PROD_39,5,2026-01-11 20:41:11
5021,CUST_124,PROD_89,1,2026-01-12 01:46:18
5022,CUST_337,PROD_50,3,2025-12-30 10:53:23
5023,CUST_489,PROD_37,2,2026-01-02 13:04:46
5024,CUST_128,PROD_56,3,2026-01-03 12:11:08
5025,CUST_43,PROD_22,1,2026-01-16 04:49:19
5026,CUST_263,PROD_32,2,2025-12-29 05:10:58
5027,CUST_100,PROD_80,1,2026-01-27 08:27:44
5028,CUST_243,PROD_93,2,2026-01-12 04:29:39
5029,CUST_32,PROD_17,1,2026-01-21 01:22:28
5030,CUST_318,PROD_71,1,2026-01-07 21:23:09
5031,CUST_297,PROD_94,4,2026-01-11 02:07:50
5032,CUST_309,PROD_60,1,2026-01-21 05:45:31
5033,CUST_216,PROD_85,2,2026-01-13 07:23:08
5034,CUST_210,PROD_84,2,2026-01-07 17:44:59
5035,CUST_128,PROD_39,4,2026-01-20 21:33:38
5036,CUST_85,PROD_48,5,2026-01-14 21:41:39
5037,CUST_58,PROD_91,4,2026-01-01 21:15:37
5038,CUST_7,PROD_30,2,2026-01-25 20:54:49
5039,CUST_420,PROD_99,1,2026-01-04 17:02:40
5040,CUST_166,PROD_17,5,2026-01-11 16:26:50
5041,CUST_161,PROD_52,5,2026-01-04 20:08:26
5042,CUST_326,PROD_35,1,2026-01-25 05:30:42
5043,CUST_199,PROD_13,1,2026-01-19 07:24:58
5044,CUST_447,PROD_88,3,2026-01-13 11:41:07
5045,CUST_330,PROD_96,5,2026-01-06 18:39:13
5046,CUST_201,PROD_8,1,2026-01-21 05:48:31
5047,CUST_250,PROD_85,5,2026-01-18 07:39:54
5048,CUST_289,PROD_13,1,2026-01-18 10:49:33
5049,CUST_156,PROD_87,2,2026-01-13 11:39:57
5050,CUST_104,PROD_62,2,2026-01-19 21:46:06
5051,CUST_393,PROD_54,2,2026-01-22 13:07:35
5052,CUST_187,PROD_17,2,2025-12-29 17:27:28
5053,CUST_18,PROD_42,3,2026-01-21 05:16:40
5054,CUST_391,PROD_1,2,2026-01-20 17:03:40
5055,CUST_171,PROD_29,5,2026-01-03 12:46:35
5056,CUST_393,PROD_12,4,2026-01-10 01:30:04
5057,CUST_38,PROD_14,5,2026-01-01 23:28:52
5058,CUST_392,PROD_66,3,2026-01-03 19:31:46
5059,CUST_133,PROD_43,3,2026-01-24 12:09:31
5060,CUST_201,PROD_84,4,2026-01-24 10:58:12
5061,CUST_12,PROD_7,4,2026-01-24 06:00:30
5062,CUST_160,PROD_77,4,2026-01-19 18:38:49
5063,CUST_242,PROD_56,1,2026-01-05 23:42:51
5064,CUST_375,PROD_13,5,2026-01-27 02:58:48
5065,CUST_235,PROD_35,4,2026-01-15 09:13:30
5066,CUST_145,PROD_79,5,2026-01-15 21:07:29
5067,CUST_40,PROD_71,4,2026-01-13 23:19:59
5068,CUST_277,PROD_36,4,2026-01-25 01:49:11
5069,CUST_292,PROD_52,1,2026-01-26 07:41:20
5070,CUST_117,PROD_52,5,2026-01-18 14:23:43
5071,CUST_466,PROD_40,4,2025-12-28 23:42:30
5072,CUST_445,PROD_11,5,2025-12-31 22:31:00
5073,CUST_437,PROD_54,3,2026-01-21 11:03:45
5074,CUST_55,PROD_69,5,2026-01-19 20:26:09
5075,CUST_419,PROD_70,4,2026-01-24 01:22:32
5076,CUST_251,PROD_32,2,2026-01-09 16:44:42
5077,CUST_455,PROD_76,5,2026-01-20 11:23:17
5078,CUST_291,PROD_40,4,2026-01-18 20:55:59
5079,CUST_207,PROD_40,5,2025-12-29 03:10:50
5080,CUST_320,PROD_84,1,2026-01-01 09:09:38
5081,CUST_175,PROD_98,3,2025-12-28 18:54:12
5082,CUST_408,PROD_71,5,2026-01-05 17:15:07
5083,CUST_318,PROD_17,4,2026-01-13 16:33:02
5084,CUST_130,PROD_20,3,2026-01-23 14:42:21
5085,CUST_296,PROD_83,5,2026-01-08 04:46:23
5086,CUST_377,PROD_11,3,2026-01-07 14:21:01
5087,CUST_384,PROD_32,3,2026-01-09 07:27:10
5088,CUST_407,PROD_47,2,2026-01-12 19:19:06
5089,CUST_309,PROD_47,1,2026-01-15 01:17:32
5090,CUST_83,PROD_42,5,2026-01-08 15:07:19
5091,CUST_114,PROD_26,1,2026-01-01 20:54:55
5092,CUST_395,PROD_47,3,2026-01-02 12:06:05
5093,CUST_252,PROD_92,5,2026-01-19 16:48:50
5094,CUST_10,PROD_12,3,2026-01-17 09:45:22
5095,CUST_378,PROD_40,3,2026-01-20 01:27:57
5096,CUST_321,PROD_37,2,2026-01-09 06:50:44
5097,CUST_393,PROD_15,2,2026-01-25 07:31:44
5098,CUST_262,PROD_39,1,2026-01-19 03:55:02
5099,CUST_132,PROD_22,2,2026-01-14 10:01:16
5100,CUST_33,PROD_57,4,2026-01-19 20:50:33
5101,CUST_35,PROD_73,4,2026-01-11 09:42:48
5102,CUST_152,PROD_30,4,2026-01-06 08:51:29
5103,CUST_48,PROD_69,4,2026-01-26 00:49:27
5104,CUST_135,PROD_3,3,2026-01-17 19:45:23
5105,CUST_438,PROD_55,2,2026-01-08 02:50:33
5106,CUST_2,PROD_63,5,2025-12-29 00:10:52
5107,CUST_306,PROD_71,3,2026-01-21 21:24:26
5108,CUST_489,PROD_51,2,2026-01-26 07:44:13
5109,CUST_229,PROD_37,2,2026-01-08 20:49:14
5110,CUST_250,PROD_23,3,2026-01-13 12:03:16
5111,CUST_457,PROD_11,3,2026-01-23 03:56:43
5112,CUST_189,PROD_68,2,2026-01-11 22:22:00
5113,CUST_380,PROD_17,1,2026-01-09 13:14:40
5114,CUST_364,PROD_68,4,2026-01-16 21:17:18
5115,CUST_45,PROD_28,5,2026-01-17 13:19:49
5116,CUST_269,PROD_95,2,2025-12-31 15:20:52
5117,CUST_439,PROD_7,2,2026-01-15 19:31:14
5118,CUST_485,PROD_46,2,2026-01-04 02:59:04
5119,CUST_363,PROD_4,4,2026-01-03 22:19:28
5120,CUST_336,PROD_75,2,2026-01-02 12:22:58
5121,CUST_181,PROD_7,1,2026-01-18 22:33:38
5122,CUST_283,PROD_80,3,2026-01-27 07:36:13
5123,CUST_447,PROD_53,5,2025-12-31 07:17:13
5124,CUST_355,PROD_64,2,2026-01-24 17:22:40
5125,CUST_275,PROD_60,2,2026-01-22 06:40:15
5126,CUST_359,PROD_30,5,2026-01-20 22:34:19
5127,CUST_339,PROD_42,1,2026-01-20 18:57:48
5128,CUST_330,PROD_79,1,2026-01-26 09:00:04
5129,CUST_256,PROD_61,2,2026-01-02 01:26:23
5130,CUST_123,PROD_55,2,2026-01-24 10:42:38
5131,CUST_94,PROD_15,2,2026-01-19 04:51:09
5132,CUST_345,PROD_99,5,2026-01-22 07:44:17
5133,CUST_388,PROD_72,1,2026-01-26 00:41:08
5134,CUST_292,PROD_43,5,2026-01-24 20:24:26
5135,CUST_255,PROD_97,2,2026-01-22 05:53:32
5136,CUST_156,PROD_2,5,2026-01-22 11:27:42
5137,CUST_284,PROD_35,3,2025-12-29 11:33:52
5138,CUST_270,PROD_79,2,2026-01-12 23:00:54
5139,CUST_322,PROD_94,5,2026-01-23 14:30:47
5140,CUST_9,PROD_77,2,2026-01-20 11:53:31
5141,CUST_154,PROD_54,2,2026-01-27 01:02:06
5142,CUST_217,PROD_80,3,2026-01-19 09:28:49
5143,CUST_43,PROD_98,4,2026-01-14 12:19:11
5144,CUST_73,PROD_19,4,2026-01-10 14:04:00
5145,CUST_240,PROD_70,1,2026-01-08 10:26:29
5146,CUST_94,PROD_10,4,2026-01-06 00:03:17
5147,CUST_386,PROD_78,4,2026-01-04 13:46:49
5148,CUST_190,PROD_87,2,2026-01-25 18:32:32
5149,CUST_369,PROD_74,5,2026-01-08 02:08:39
5150,CUST_37,PROD_33,3,2026-01-18 16:38:20
5151,CUST_335,PROD_5,4,2025-12-29 12:18:19
5152,CUST_352,PROD_81,1,2026-01-11 17:48:35
5153,CUST_492,PROD_76,2,2026-01-14 02:01:36
5154,CUST_410,PROD_90,4,2026-01-07 14:32:08
5155,CUST_264,PROD_75,1,2026-01-25 13:26:53
5156,CUST_381,PROD_5,5,2025-12-31 05:09:50
5157,CUST_283,PROD_32,5,2026-01-01 20:20:00
5158,CUST_108,PROD_95,5,2026-01-27 05:16:55
5159,CUST_243,PROD_2,3,2026-01-23 07:06:12
5160,CUST_223,PROD_100,4,2026-01-02 10:30:52
5161,CUST_248,PROD_37,2,2026-01-10 00:55:37
5162,CUST_145,PROD_66,2,2026-01-17 04:55:35
5163,CUST_67,PROD_47,3,2026-01-16 13:46:58
5164,CUST_266,PROD_24,2,2026-01-17 09:20:57
5165,CUST_18,PROD_6,4,2026-01-13 15:59:53
5166,CUST_4,PROD_41,4,2026-01-11 11:34:34
5167,CUST_42,PROD_75,2,2026-01-14 05:03:51
5168,CUST_113,PROD_73,1,2026-01-08 22:42:37
5169,CUST_332,PROD_70,4,2026-01-12 13:46:17
5170,CUST_186,PROD_8,1,2026-01-20 14:06:50
5171,CUST_321,PROD_33,5,2025-12-31 01:48:18
5172,CUST_185,PROD_13,3,2026-01-23 10:53:14
5173,CUST_412,PROD_16,1,2026-01-14 04:28:38
5174,CUST_22,PROD_74,2,2025-12-31 14:00:33
5175,CUST_186,PROD_26,3,2025-12-29 13:51:31
5176,CUST_424,PROD_16,2,2026-01-17 09:03:10
5177,CUST_91,PROD_98,5,2026-01-21 15:25:09
5178,CUST_66,PROD_92,1,2025-12-29 02:58:42
5179,CUST_399,PROD_50,1,2026-01-16 00:49:52
5180,CUST_308,PROD_18,4,2026-01-21 08:36:48
5181,CUST_14,PROD_95,2,2026-01-06 12:10:24
5182,CUST_100,PROD_73,1,2025-12-28 19:05:40
5183,CUST_113,PROD_11,3,2026-01-26 14:10:44
5184,CUST_105,PROD_97,5,2026-01-09 04:58:38
5185,CUST_411,PROD_92,3,2026-01-19 13:22:55
5186,CUST_462,PROD_30,2,2026-01-02 03:02:11
5187,CUST_145,PROD_5,4,2026-01-05 08:44:38
5188,CUST_361,PROD_7,5,2026-01-11 01:53:03
5189,CUST_175,PROD_69,5,2026-01-05 20:39:06
5190,CUST_479,PROD_100,3,2026-01-21 20:41:49
5191,CUST_345,PROD_100,2,2026-01-05 09:35:27
5192,CUST_4,PROD_89,2,2026-01-11 09:27:13
5193,CUST_81,PROD_99,3,2025-12-29 11:14:43
5194,CUST_386,PROD_1,1,2025-12-31 19:14:18
5195,CUST_265,PROD_41,3,2026-01-20 12:18:37
5196,CUST_334,PROD_20,2,2026-01-03 02:15:12
5197,CUST_305,PROD_83,4,2026-01-21 03:57:51
5198,CUST_242,PROD_77,2,2026-01-10 19:41:37
5199,CUST_487,PROD_71,5,2026-01-03 18:26:31
5200,CUST_268,PROD_99,5,2026-01-04 11:03:16
5201,CUST_378,PROD_13,4,2026-01-06 18:07:48
5202,CUST_96,PROD_40,3,2026-01-05 13:13:03
5203,CUST_332,PROD_48,4,2026-01-09 08:53:10
5204,CUST_267,PROD_64,1,2026-01-27 07:20:26
5205,CUST_15,PROD_46,1,2026-01-07 13:25:36
5206,CUST_376,PROD_96,1,2026-01-18 10:31:29
5207,CUST_143,PROD_19,5,2026-01-14 15:30:51
5208,CUST_237,PROD_91,5,2025-12-29 13:50:01
5209,CUST_337,PROD_78,3,2026-01-19 00:26:42
5210,CUST_470,PROD_55,1,2026-01-22 11:39:48
5211,CUST_406,PROD_24,4,2026-01-07 15:37:05
5212,CUST_73,PROD_34,2,2026-01-09 10:09:19
5213,CUST_358,PROD_76,1,2026-01-17 14:03:16
5214,CUST_79,PROD_37,1,2026-01-23 12:39:24
5215,CUST_458,PROD_91,3,2025-12-30 15:42:06
5216,CUST_353,PROD_91,4,2026-01-08 13:26:02
5217,CUST_32,PROD_39,1,2026-01-21 20:41:17
5218,CUST_438,PROD_20,5,2026-01-14 01:46:55
5219,CUST_434,PROD_30,2,2026-01-08 12:25:49
5220,CUST_48,PROD_24,3,2026-01-17 13:40:46
5221,CUST_280,PROD_41,3,2026-01-09 21:16:41
5222,CUST_194,PROD_21,5,2026-01-03 18:07:00
5223,CUST_57,PROD_4,3,2026-01-17 11:08:13
5224,CUST_151,PROD_35,1,2026-01-09 03:01:55
5225,CUST_337,PROD_89,2,2026-01-21 19:18:27
5226,CUST_91,PROD_87,3,2026-01-13 15:24:20
5227,CUST_248,PROD_91,3,2026-01-09 07:53:25
5228,CUST_419,PROD_22,2,2026-01-26 13:01:32
5229,CUST_277,PROD_92,3,2026-01-17 13:21:18
5230,CUST_194,PROD_48,5,2026-01-16 19:15:03
5231,CUST_68,PROD_87,2,2026-01-11 12:44:44
5232,CUST_268,PROD_14,5,2025-12-29 15:50:34
5233,CUST_21,PROD_87,2,2026-01-15 18:35:04
5234,CUST_152,PROD_35,1,2026-01-16 09:01:02
5235,CUST_277,PROD_56,2,2026-01-21 09:58:49
5236,CUST_275,PROD_93,1,2026-01-14 11:50:54
5237,CUST_211,PROD_96,1,2026-01-14 13:23:48
5238,CUST_253,PROD_13,4,2026-01-26 09:36:59
5239,CUST_248,PROD_85,1,2026-01-09 20:16:23
5240,CUST_362,PROD_37,3,2026-01-09 13:31:12
5241,CUST_396,PROD_26,2,2026-01-04 00:44:46
5242,CUST_178,PROD_47,1,2026-01-13 00:11:57
5243,CUST_273,PROD_75,5,2026-01-26 01:35:35
5244,CUST_208,PROD_8,5,2026-01-11 18:01:27
5245,CUST_420,PROD_13,3,2026-01-20 01:48:47
5246,CUST_202,PROD_28,2,2026-01-21 15:22:23
5247,CUST_493,PROD_46,5,2026-01-18 08:02:41
5248,CUST_133,PROD_33,4,2026-01-04 16:05:07
5249,CUST_404,PROD_74,2,2025-12-30 04:48:09
5250,CUST_46,PROD_58,4,2026-01-05 19:54:32
5251,CUST_347,PROD_20,4,2026-01-03 02:52:43
5252,CUST_158,PROD_99,5,2026-01-17 01:38:39
5253,CUST_500,PROD_74,3,2026-01-13 13:46:29
5254,CUST_128,PROD_7,5,2026-01-05 19:20:49
5255,CUST_153,PROD_46,4,2026-01-02 21:58:16
5256,CUST_161,PROD_30,1,2025-12-29 15:47:18
5257,CUST_469,PROD_77,4,2026-01-10 07:32:55
5258,CUST_47,PROD_86,3,2026-01-06 01:55:57
5259,CUST_196,PROD_40,4,2026-01-19 17:14:27
5260,CUST_98,PROD_58,3,2026-01-02 10:36:19
5261,CUST_128,PROD_1,3,2026-01-13 01:08:40
5262,CUST_228,PROD_47,2,2026-01-16 07:40:29
5263,CUST_246,PROD_52,4,2025-12-29 18:40:52
5264,CUST_153,PROD_30,1,2026-01-23 13:14:53
5265,CUST_84,PROD_8,4,2026-01-02 06:18:09
5266,CUST_127,PROD_98,2,2026-01-09 14:01:42
5267,CUST_82,PROD_20,2,2026-01-25 10:45:21
5268,CUST_388,PROD_6,3,2026-01-23 21:17:12
5269,CUST_114,PROD_58,1,2026-01-22 05:32:07
5270,CUST_267,PROD_14,2,2026-01-21 08:13:08
5271,CUST_251,PROD_79,1,2026-01-19 08:49:24
5272,CUST_63,PROD_16,2,2026-01-18 21:20:27
5273,CUST_31,PROD_78,2,2026-01-19 14:02:18
5274,CUST_33,PROD_45,5,2025-12-31 21:34:02
5275,CUST_433,PROD_28,5,2026-01-08 07:43:50
5276,CUST_341,PROD_78,3,2026-01-08 15:51:20
5277,CUST_88,PROD_80,2,2025-12-31 23:33:32
5278,CUST_147,PROD_68,2,2026-01-16 07:27:59
5279,CUST_272,PROD_95,5,2026-01-17 12:23:01
5280,CUST_74,PROD_38,4,2026-01-19 21:16:19
5281,CUST_27,PROD_12,5,2026-01-07 19:15:40
5282,CUST_283,PROD_66,4,2026-01-07 20:22:46
5283,CUST_90,PROD_94,4,2026-01-24 13:25:00
5284,CUST_18,PROD_37,4,2026-01-05 07:27:53
5285,CUST_243,PROD_41,2,2026-01-19 09:19:51
5286,CUST_401,PROD_87,2,2025-12-30 06:53:30
5287,CUST_3,PROD_46,3,2026-01-06 03:00:29
5288,CUST_116,PROD_94,4,2026-01-01 09:44:48
5289,CUST_275,PROD_2,2,2026-01-14 23:35:31
5290,CUST_50,PROD_90,4,2026-01-17 03:48:38
5291,CUST_340,PROD_59,2,2026-01-19 09:10:02
5292,CUST_35,PROD_53,2,2026-01-27 09:27:13
5293,CUST_177,PROD_66,4,2026-01-05 18:38:27
5294,CUST_472,PROD_77,4,2026-01-05 07:26:43
5295,CUST_91,PROD_65,3,2026-01-14 00:19:24
5296,CUST_59,PROD_24,4,2026-01-24 08:20:43
5297,CUST_397,PROD_11,4,2026-01-06 09:56:45
5298,CUST_134,PROD_68,2,2026-01-13 23:42:38
5299,CUST_22,PROD_5,3,2026-01-06 02:06:04
5300,CUST_23,PROD_66,1,2026-01-05 11:06:43
5301,CUST_102,PROD_8,3,2026-01-08 20:26:51
5302,CUST_436,PROD_61,5,2026-01-18 05:41:31
5303,CUST_442,PROD_57,5,2026-01-07 02:12:13
5304,CUST_319,PROD_7,4,2026-01-04 09:08:23
5305,CUST_17,PROD_23,3,2026-01-12 17:48:32
5306,CUST_409,PROD_8,2,2026-01-19 03:12:26
5307,CUST_492,PROD_6,1,2026-01-22 18:37:20
5308,CUST_249,PROD_28,1,2026-01-14 23:15:29
5309,CUST_355,PROD_34,4,2026-01-21 07:57:21
5310,CUST_430,PROD_99,2,2026-01-24 14:41:47
5311,CUST_423,PROD_60,5,2025-12-30 00:23:00
5312,CUST_303,PROD_38,3,2026-01-21 13:57:28
5313,CUST_400,PROD_58,2,2026-01-12 14:10:30
5314,CUST_73,PROD_95,5,2026-01-21 10:25:59
5315,CUST_488,PROD_69,5,2026-01-17 23:20:44
5316,CUST_118,PROD_64,1,2026-01-25 18:42:08
5317,CUST_441,PROD_7,1,2026-01-03 03:52:36
5318,CUST_309,PROD_62,4,2025-12-31 16:54:33
5319,CUST_113,PROD_44,1,2026-01-24 15:27:32
5320,CUST_55,PROD_43,1,2025-12-30 19:08:15
5321,CUST_145,PROD_72,4,2026-01-22 17:56:05
5322,CUST_121,PROD_79,4,2026-01-17 10:53:43
5323,CUST_297,PROD_65,1,2026-01-04 00:53:51
5324,CUST_9,PROD_23,2,2026-01-10 20:03:43
5325,CUST_121,PROD_59,5,2026-01-14 18:08:09
5326,CUST_159,PROD_21,2,2026-01-17 14:26:40
5327,CUST_196,PROD_42,3,2026-01-16 21:33:00
5328,CUST_73,PROD_12,5,2026-01-23 13:12:24
5329,CUST_427,PROD_64,2,2026-01-25 12:01:54
5330,CUST_241,PROD_63,3,2026-01-25 05:04:24
5331,CUST_454,PROD_87,1,2026-01-18 23:59:25
5332,CUST_372,PROD_54,5,2026-01-03 10:23:52
5333,CUST_137,PROD_42,4,2025-12-29 18:12:07
5334,CUST_392,PROD_44,2,2026-01-05 13:53:39
5335,CUST_499,PROD_14,4,2026-01-24 07:38:20
5336,CUST_337,PROD_36,5,2026-01-12 13:24:57
5337,CUST_493,PROD_6,2,2026-01-19 07:20:10
5338,CUST_117,PROD_40,4,2025-12-30 14:28:45
5339,CUST_352,PROD_71,5,2026-01-14 06:42:37
5340,CUST_469,PROD_28,2,2026-01-01 03:38:55
5341,CUST_239,PROD_51,5,2026-01-17 12:00:44
5342,CUST_442,PROD_34,2,2026-01-25 21:53:16
5343,CUST_449,PROD_70,5,2026-01-26 11:31:15
5344,CUST_102,PROD_88,3,2026-01-05 23:12:59
5345,CUST_296,PROD_6,5,2026-01-27 10:41:20
5346,CUST_466,PROD_98,5,2026-01-22 01:01:08
5347,CUST_222,PROD_38,3,2026-01-08 04:45:11
5348,CUST_431,PROD_83,1,2026-01-17 00:40:57
5349,CUST_177,PROD_84,5,2026-01-22 17:46:35
5350,CUST_454,PROD_27,2,2026-01-01 09:46:43
5351,CUST_373,PROD_49,1,2026-01-19 02:22:19
5352,CUST_464,PROD_82,3,2026-01-15 12:00:45
5353,CUST_403,PROD_89,4,2025-12-31 08:59:55
5354,CUST_163,PROD_98,1,2026-01-26 04:39:42
5355,CUST_444,PROD_60,3,2026-01-17 00:16:53
5356,CUST_487,PROD_84,5,2026-01-21 03:22:51
5357,CUST_418,PROD_44,5,2026-01-12 15:55:02
5358,CUST_173,PROD_62,5,2026-01-24 10:02:23
5359,CUST_494,PROD_82,4,2026-01-25 06:07:59
5360,CUST_267,PROD_6,1,2026-01-17 17:22:59
5361,CUST_333,PROD_12,2,2026-01-27 02:34:45
5362,CUST_408,PROD_39,4,2026-01-21 12:08:44
5363,CUST_85,PROD_12,5,2026-01-18 00:56:44
5364,CUST_258,PROD_17,2,2025-12-30 03:05:23
5365,CUST_269,PROD_64,1,2026-01-15 03:17:21
5366,CUST_2,PROD_26,4,2026-01-09 02:52:46
5367,CUST_187,PROD_86,3,2026-01-02 06:23:15
5368,CUST_398,PROD_55,2,2026-01-23 06:02:14
5369,CUST_175,PROD_53,3,2025-12-31 07:05:28
5370,CUST_331,PROD_73,4,2025-12-30 03:56:49
5371,CUST_231,PROD_45,2,2026-01-09 13:53:11
5372,CUST_456,PROD_32,2,2026-01-04 21:31:15
5373,CUST_144,PROD_48,5,2026-01-06 09:22:58
5374,CUST_207,PROD_44,3,2026-01-04 09:04:31
5375,CUST_419,PROD_6,5,2026-01-04 04:13:31
5376,CUST_262,PROD_69,2,2025-12-31 11:35:23
5377,CUST_399,PROD_91,5,2025-12-29 07:29:47
5378,CUST_448,PROD_99,5,2026-01-19 10:53:17
5379,CUST_332,PROD_20,5,2025-12-29 15:47:43
5380,CUST_478,PROD_4,4,2026-01-15 22:21:49
5381,CUST_269,PROD_11,2,2025-12-31 05:30:02
5382,CUST_138,PROD_72,2,2026-01-06 15:48:45
5383,CUST_470,PROD_89,1,2025-12-30 16:59:19
5384,CUST_74,PROD_75,2,2025-12-29 01:17:23
5385,CUST_397,PROD_33,5,2026-01-19 10:23:04
5386,CUST_291,PROD_51,4,2025-12-31 22:24:47
5387,CUST_378,PROD_22,5,2026-01-02 05:12:21
5388,CUST_272,PROD_54,4,2026-01-06 06:34:35
5389,CUST_318,PROD_29,1,2026-01-24 16:45:44
5390,CUST_156,PROD_99,4,2026-01-09 20:19:00
5391,CUST_254,PROD_97,2,2026-01-24 02:05:23
5392,CUST_156,PROD_71,2,2026-01-14 01:57:40
5393,CUST_175,PROD_28,3,2026-01-24 17:17:50
5394,CUST_168,PROD_69,3,2026-01-26 01:20:10
5395,CUST_105,PROD_77,3,2026-01-21 02:01:20
5396,CUST_168,PROD_29,5,2026-01-10 19:07:52
5397,CUST_378,PROD_27,3,2026-01-20 02:46:08
5398,CUST_499,PROD_6,5,2026-01-22 05:08:09
5399,CUST_176,PROD_85,2,2026-01-02 05:28:41
5400,CUST_435,PROD_89,3,2026-01-26 19:08:59
5401,CUST_369,PROD_87,2,2026-01-23 08:05:38
5402,CUST_230,PROD_10,4,2026-01-18 11:44:52
5403,CUST_317,PROD_100,3,2026-01-05 18:41:30
5404,CUST_472,PROD_87,4,2025-12-31 12:02:47
5405,CUST_125,PROD_40,2,2025-12-31 14:15:51
5406,CUST_252,PROD_56,4,2026-01-27 14:00:18
5407,CUST_58,PROD_4,5,2026-01-25 23:50:43
5408,CUST_271,PROD_81,1,2026-01-11 00:41:46
5409,CUST_137,PROD_62,1,2026-01-09 21:17:20
5410,CUST_227,PROD_27,4,2025-12-30 21:05:37
5411,CUST_243,PROD_35,1,2026-01-07 10:08:12
5412,CUST_192,PROD_31,4,2026-01-01 16:59:16
5413,CUST_384,PROD_86,2,2026-01-13 22:27:08
5414,CUST_201,PROD_60,5,2026-01-21 19:28:31
5415,CUST_316,PROD_3,5,2026-01-16 20:27:28
5416,CUST_362,PROD_38,5,2026-01-23 19:25:56
5417,CUST_185,PROD_82,4,2026-01-17 10:57:49
5418,CUST_43,PROD_62,2,2026-01-24 14:20:25
5419,CUST_342,PROD_19,5,2026-01-09 16:38:15
5420,CUST_493,PROD_49,4,2026-01-04 17:55:15
5421,CUST_481,PROD_56,2,2026-01-04 13:21:06
5422,CUST_478,PROD_24,5,2026-01-03 16:05:09
5423,CUST_408,PROD_20,1,2025-12-29 18:19:27
5424,CUST_163,PROD_88,3,2026-01-26 01:36:44
5425,CUST_499,PROD_75,1,2025-12-31 16:33:47
5426,CUST_162,PROD_39,1,2026-01-27 15:33:46
5427,CUST_407,PROD_57,3,2026-01-18 17:51:43
5428,CUST_339,PROD_43,2,2026-01-05 20:13:10
5429,CUST_419,PROD_45,4,2026-01-12 08:35:45
5430,CUST_181,PROD_4,1,2025-12-31 13:00:58
5431,CUST_81,PROD_15,4,2026-01-05 23:20:16
5432,CUST_442,PROD_65,4,2026-01-04 13:17:19
5433,CUST_197,PROD_6,1,2026-01-02 17:29:35
5434,CUST_298,PROD_33,3,2026-01-02 18:41:06
5435,CUST_460,PROD_91,2,2026-01-05 03:37:08
5436,CUST_285,PROD_7,1,2025-12-28 22:31:58
5437,CUST_279,PROD_40,3,2026-01-02 02:04:46
5438,CUST_297,PROD_42,5,2026-01-02 20:23:24
5439,CUST_177,PROD_30,3,2026-01-21 17:33:44
5440,CUST_403,PROD_28,2,2026-01-16 08:48:24
5441,CUST_412,PROD_62,2,2026-01-08 12:41:30
5442,CUST_343,PROD_11,1,2026-01-15 11:03:38
5443,CUST_434,PROD_99,5,2026-01-23 12:52:36
5444,CUST_180,PROD_100,2,2025-12-31 12:53:57
5445,CUST_130,PROD_100,4,2026-01-21 10:50:08
5446,CUST_394,PROD_12,3,2026-01-06 08:25:58
5447,CUST_157,PROD_58,3,2026-01-09 15:35:32
5448,CUST_422,PROD_22,5,2026-01-06 19:49:34
5449,CUST_370,PROD_11,1,2025-12-30 22:43:31
5450,CUST_306,PROD_52,1,2026-01-22 21:13:57
5451,CUST_433,PROD_93,2,2026-01-08 00:00:17
5452,CUST_297,PROD_92,5,2026-01-05 17:48:03
5453,CUST_285,PROD_65,4,2026-01-22 13:00:09
5454,CUST_492,PROD_66,2,2026-01-04 05:33:57
5455,CUST_282,PROD_75,1,2026-01-12 01:39:02
5456,CUST_283,PROD_80,5,2026-01-22 00:42:33
5457,CUST_188,PROD_1,3,2026-01-13 20:30:05
5458,CUST_178,PROD_19,4,2026-01-27 01:48:00
5459,CUST_140,PROD_20,3,2026-01-27 13:24:21
5460,CUST_66,PROD_97,1,2026-01-12 15:59:12
5461,CUST_38,PROD_75,1,2026-01-02 15:46:56
5462,CUST_203,PROD_89,3,2026-01-16 08:00:37
5463,CUST_139,PROD_19,1,2026-01-26 21:52:02
5464,CUST_277,PROD_79,5,2026-01-05 14:41:14
5465,CUST_24,PROD_45,5,2026-01-19 18:12:03
5466,CUST_364,PROD_89,3,2026-01-04 07:55:47
5467,CUST_102,PROD_72,2,2026-01-12 17:51:45
5468,CUST_410,PROD_51,3,2026-01-02 09:24:36
5469,CUST_46,PROD_52,2,2026-01-20 02:10:35
5470,CUST_204,PROD_35,4,2026-01-05 17:46:26
5471,CUST_274,PROD_21,4,2026-01-10 15:16:20
5472,CUST_163,PROD_26,5,2026-01-06 12:50:49
5473,CUST_395,PROD_88,3,2026-01-19 20:41:56
5474,CUST_357,PROD_94,5,2026-01-12 21:40:06
5475,CUST_247,PROD_82,5,2026-01-22 22:07:20
5476,CUST_179,PROD_70,1,2026-01-07 06:35:39
5477,CUST_483,PROD_3,4,2026-01-20 07:04:33
5478,CUST_108,PROD_38,5,2026-01-11 05:38:12
5479,CUST_491,PROD_10,2,2026-01-10 22:50:46
5480,CUST_136,PROD_33,4,2026-01-20 00:42:13
5481,CUST_236,PROD_64,2,2026-01-26 09:17:30
5482,CUST_114,PROD_80,2,2026-01-19 22:23:40
5483,CUST_145,PROD_32,2,2026-01-03 05:12:50
5484,CUST_215,PROD_85,5,2025-12-30 07:41:34
5485,CUST_54,PROD_49,3,2026-01-20 08:43:59
5486,CUST_137,PROD_16,1,2026-01-02 11:23:54
5487,CUST_107,PROD_52,4,2026-01-17 18:31:23
5488,CUST_465,PROD_79,2,2026-01-03 08:36:35
5489,CUST_312,PROD_13,2,2026-01-14 12:12:44
5490,CUST_326,PROD_75,3,2026-01-07 04:48:49
5491,CUST_394,PROD_13,3,2026-01-09 18:04:02
5492,CUST_272,PROD_76,1,2026-01-01 07:58:32
5493,CUST_480,PROD_59,4,2025-12-30 14:32:22
5494,CUST_302,PROD_39,5,2026-01-25 00:33:18
5495,CUST_442,PROD_29,3,2026-01-22 01:10:05
5496,CUST_18,PROD_58,1,2026-01-24 03:48:58
5497,CUST_424,PROD_4,1,2026-01-24 05:36:19
5498,CUST_466,PROD_59,5,2026-01-22 05:13:03
5499,CUST_462,PROD_2,2,2026-01-15 16:12:57
5500,CUST_143,PROD_94,5,2025-12-31 20:47:17
5501,CUST_261,PROD_54,4,2026-01-18 17:25:25
5502,CUST_122,PROD_23,3,2026-01-08 03:11:42
5503,CUST_190,PROD_83,5,2026-01-06 21:00:06
5504,CUST_451,PROD_92,1,2026-01-06 14:03:59
5505,CUST_132,PROD_14,4,2025-12-31 20:39:07
5506,CUST_334,PROD_74,4,2026-01-04 07:32:52
5507,CUST_433,PROD_98,2,2026-01-23 21:03:18
5508,CUST_291,PROD_11,5,2026-01-01 05:07:03
5509,CUST_179,PROD_77,4,2026-01-04 09:31:47
5510,CUST_163,PROD_78,2,2026-01-10 02:12:52
5511,CUST_488,PROD_91,1,2026-01-25 08:40:02
5512,CUST_12,PROD_20,2,2026-01-18 07:37:20
5513,CUST_444,PROD_3,4,2026-01-18 12:18:43
5514,CUST_466,PROD_89,5,2026-01-13 00:25:53
5515,CUST_105,PROD_81,1,2026-01-07 19:51:34
5516,CUST_99,PROD_78,3,2025-12-31 10:02:21
5517,CUST_57,PROD_78,1,2026-01-06 05:33:03
5518,CUST_134,PROD_9,3,2026-01-18 17:54:05
5519,CUST_233,PROD_87,2,2026-01-08 17:55:18
5520,CUST_500,PROD_58,3,2026-01-04 03:07:59
5521,CUST_271,PROD_20,5,2026-01-02 17:00:22
5522,CUST_14,PROD_77,3,2025-12-28 18:18:58
5523,CUST_432,PROD_94,3,2026-01-26 13:38:24
5524,CUST_415,PROD_24,5,2026-01-17 18:32:27
5525,CUST_288,PROD_3,4,2026-01-14 00:48:59
5526,CUST_128,PROD_89,1,2026-01-21 14:28:56
5527,CUST_40,PROD_51,1,2026-01-01 18:04:34
5528,CUST_273,PROD_41,3,2026-01-04 00:37:58
5529,CUST_134,PROD_63,5,2026-01-20 21:20:23
5530,CUST_441,PROD_9,1,2026-01-14 16:54:53
5531,CUST_381,PROD_60,5,2026-01-17 12:23:54
5532,CUST_379,PROD_66,5,2026-01-19 13:46:38
5533,CUST_393,PROD_84,1,2026-01-23 19:01:43
5534,CUST_55,PROD_77,4,2026-01-03 18:05:24
5535,CUST_429,PROD_78,5,2026-01-03 05:05:53
5536,CUST_381,PROD_10,5,2026-01-22 19:12:17
5537,CUST_90,PROD_20,5,2025-12-30 06:00:13
5538,CUST_180,PROD_45,5,2026-01-04 04:39:04
5539,CUST_412,PROD_26,2,2025-12-30 07:07:37
5540,CUST_455,PROD_48,1,2026-01-01 21:36:14
5541,CUST_47,PROD_88,5,2026-01-26 03:14:30
5542,CUST_205,PROD_65,1,2026-01-23 14:52:36
5543,CUST_37,PROD_64,2,2026-01-11 12:58:02
5544,CUST_446,PROD_9,2,2026-01-15 17:24:32
5545,CUST_309,PROD_49,5,2025-12-31 10:31:11
5546,CUST_169,PROD_7,1,2026-01-01 18:56:18
5547,CUST_79,PROD_56,2,2026-01-20 11:30:26
5548,CUST_135,PROD_86,4,2026-01-21 17:36:08
5549,CUST_173,PROD_87,1,2026-01-16 23:09:53
5550,CUST_53,PROD_44,4,2026-01-02 11:38:07
5551,CUST_404,PROD_83,4,2026-01-08 18:50:55
5552,CUST_268,PROD_10,1,2026-01-18 23:10:35
5553,CUST_212,PROD_7,1,2026-01-24 15:33:17
5554,CUST_310,PROD_60,2,2026-01-14 15:40:29
5555,CUST_52,PROD_8,5,2026-01-10 23:04:48
5556,CUST_18,PROD_92,2,2026-01-20 14:49:08
5557,CUST_394,PROD_49,4,2026-01-22 20:09:20
5558,CUST_337,PROD_31,1,2026-01-13 13:58:34
5559,CUST_287,PROD_73,4,2026-01-07 11:47:14
5560,CUST_336,PROD_51,5,2026-01-23 10:23:29
5561,CUST_209,PROD_30,2,2026-01-22 15:13:21
5562,CUST_91,PROD_71,1,2026-01-10 23:49:24
5563,CUST_169,PROD_68,4,2026-01-22 11:09:38
5564,CUST_282,PROD_76,4,2026-01-09 12:05:25
5565,CUST_134,PROD_10,1,2025-12-31 21:35:54
5566,CUST_240,PROD_56,5,2026-01-03 03:07:56
5567,CUST_436,PROD_70,2,2026-01-01 00:50:42
5568,CUST_152,PROD_26,3,2026-01-18 09:44:50
5569,CUST_388,PROD_77,1,2026-01-17 08:26:35
5570,CUST_217,PROD_89,4,2026-01-18 12:34:12
5571,CUST_93,PROD_77,5,2026-01-21 13:39:07
5572,CUST_9,PROD_1,4,2026-01-05 11:45:28
5573,CUST_334,PROD_14,5,2026-01-06 11:13:14
5574,CUST_26,PROD_89,3,2026-01-26 05:32:11
5575,CUST_200,PROD_63,2,2026-01-18 20:08:25
5576,CUST_479,PROD_70,5,2026-01-09 02:51:04
5577,CUST_264,PROD_71,5,2026-01-22 13:28:39
5578,CUST_307,PROD_4,2,2026-01-05 07:55:31
5579,CUST_12,PROD_65,3,2025-12-31 19:55:04
5580,CUST_415,PROD_32,3,2026-01-14 16:28:15
5581,CUST_485,PROD_40,4,2026-01-24 04:27:38
5582,CUST_358,PROD_53,1,2026-01-10 08:21:09
5583,CUST_82,PROD_25,5,2026-01-06 02:36:57
5584,CUST_290,PROD_77,3,2026-01-07 10:00:40
5585,CUST_403,PROD_30,5,2026-01-17 18:06:26
5586,CUST_322,PROD_30,1,2026-01-26 04:16:41
5587,CUST_178,PROD_1,5,2026-01-26 07:11:12
5588,CUST_384,PROD_48,5,2026-01-22 08:26:10
5589,CUST_290,PROD_35,4,2026-01-01 17:41:15
5590,CUST_35,PROD_25,4,2026-01-19 11:49:50
5591,CUST_216,PROD_32,5,2026-01-06 17:22:36
5592,CUST_63,PROD_22,2,2026-01-12 13:18:35
5593,CUST_269,PROD_7,3,2026-01-15 20:59:10
5594,CUST_26,PROD_23,5,2026-01-12 19:57:12
5595,CUST_227,PROD_100,4,2026-01-05 16:48:14
5596,CUST_347,PROD_5,3,2026-01-11 16:19:03
5597,CUST_198,PROD_52,3,2026-01-25 06:48:26
5598,CUST_496,PROD_2,1,2026-01-22 22:05:22
5599,CUST_389,PROD_84,4,2026-01-03 20:26:19
5600,CUST_324,PROD_75,1,2026-01-27 16:30:56
5601,CUST_197,PROD_2,4,2026-01-03 14:01:56
5602,CUST_352,PROD_71,4,2026-01-09 13:48:07
5603,CUST_369,PROD_1,1,2026-01-06 00:41:37
5604,CUST_161,PROD_43,4,2026-01-23 16:41:49
5605,CUST_363,PROD_60,3,2026-01-10 14:23:26
5606,CUST_493,PROD_51,5,2026-01-10 03:10:13
5607,CUST_57,PROD_72,5,2026-01-23 09:23:09
5608,CUST_241,PROD_34,4,2026-01-19 11:02:29
5609,CUST_194,PROD_50,1,2026-01-11 18:47:20
5610,CUST_300,PROD_81,1,2026-01-11 03:52:41
5611,CUST_52,PROD_71,5,2026-01-13 01:30:36
5612,CUST_108,PROD_57,1,2026-01-07 04:42:14
5613,CUST_399,PROD_12,5,2026-01-19 10:11:11
5614,CUST_302,PROD_88,3,2026-01-05 09:35:41
5615,CUST_108,PROD_33,3,2026-01-14 18:42:45
5616,CUST_45,PROD_26,3,2026-01-01 00:36:55
5617,CUST_40,PROD_77,2,2026-01-02 19:37:10
5618,CUST_285,PROD_62,3,2025-12-31 16:00:45
5619,CUST_284,PROD_80,4,2026-01-11 01:50:26
5620,CUST_229,PROD_32,5,2026-01-01 23:52:34
5621,CUST_412,PROD_3,1,2026-01-13 20:29:29
5622,CUST_68,PROD_60,4,2026-01-14 09:22:15
5623,CUST_76,PROD_90,3,2026-01-04 15:03:04
5624,CUST_167,PROD_74,5,2026-01-22 14:01:12
5625,CUST_200,PROD_10,3,2026-01-15 00:50:34
5626,CUST_201,PROD_28,3,2026-01-07 01:04:51
5627,CUST_454,PROD_95,5,2025-12-31 20:31:04
5628,CUST_352,PROD_25,2,2026-01-15 09:03:55
5629,CUST_124,PROD_39,1,2025-12-30 04:22:01
5630,CUST_139,PROD_86,3,2026-01-20 07:58:41
5631,CUST_65,PROD_59,3,2026-01-21 02:47:38
5632,CUST_303,PROD_54,5,2026-01-18 09:51:10
5633,CUST_423,PROD_24,3,2026-01-10 11:13:56
5634,CUST_339,PROD_95,2,2026-01-04 01:12:38
5635,CUST_156,PROD_28,5,2026-01-13 13:04:58
5636,CUST_93,PROD_75,2,2026-01-18 15:49:53
5637,CUST_137,PROD_28,5,2026-01-19 18:41:25
5638,CUST_117,PROD_76,3,2026-01-12 11:36:47
5639,CUST_205,PROD_31,3,2026-01-09 02:39:15
5640,CUST_405,PROD_18,3,2026-01-13 12:32:54
5641,CUST_50,PROD_98,5,2026-01-14 04:23:49
5642,CUST_179,PROD_42,4,2026-01-11 22:13:09
5643,CUST_66,PROD_30,1,2026-01-13 19:20:44
5644,CUST_120,PROD_70,1,2026-01-20 00:34:11
5645,CUST_25,PROD_77,1,2026-01-26 10:54:10
5646,CUST_101,PROD_76,1,2026-01-24 13:06:12
5647,CUST_372,PROD_23,2,2026-01-01 08:20:37
5648,CUST_243,PROD_13,5,2026-01-05 17:16:40
5649,CUST_479,PROD_51,1,2026-01-01 15:54:32
5650,CUST_65,PROD_38,5,2026-01-08 06:39:54
5651,CUST_63,PROD_77,2,2026-01-17 01:55:15
5652,CUST_465,PROD_24,1,2026-01-04 07:11:32
5653,CUST_480,PROD_47,2,2026-01-01 00:54:44
5654,CUST_52,PROD_53,3,2025-12-30 15:26:15
5655,CUST_109,PROD_46,5,2025-12-30 12:40:33
5656,CUST_209,PROD_20,2,2025-12-31 16:52:45
5657,CUST_435,PROD_40,5,2026-01-17 07:44:13
5658,CUST_386,PROD_4,3,2026-01-27 08:53:16
5659,CUST_37,PROD_65,4,2026-01-21 14:34:42
5660,CUST_417,PROD_59,1,2026-01-04 22:46:50
5661,CUST_290,PROD_75,2,2026-01-11 22:01:00
5662,CUST_264,PROD_17,1,2026-01-20 11:34:19
5663,CUST_467,PROD_21,5,2026-01-06 20:39:12
5664,CUST_183,PROD_93,5,2026-01-04 19:00:49
5665,CUST_225,PROD_26,1,2026-01-15 11:25:41
5666,CUST_368,PROD_63,1,2026-01-01 16:34:54
5667,CUST_327,PROD_97,1,2026-01-11 02:15:22
5668,CUST_158,PROD_96,2,2025-12-30 04:13:42
5669,CUST_224,PROD_67,1,2025-12-28 23:26:08
5670,CUST_8,PROD_71,2,2026-01-17 20:11:49
5671,CUST_100,PROD_13,3,2026-01-04 02:15:35
5672,CUST_31,PROD_53,3,2026-01-24 12:16:58
5673,CUST_165,PROD_51,4,2025-12-31 10:23:47
5674,CUST_143,PROD_23,2,2026-01-12 01:28:59
5675,CUST_244,PROD_68,1,2026-01-11 06:10:57
5676,CUST_188,PROD_45,1,2026-01-04 15:21:28
5677,CUST_5,PROD_31,4,2026-01-12 11:09:56
5678,CUST_375,PROD_64,4,2026-01-18 00:25:26
5679,CUST_26,PROD_68,4,2026-01-19 09:41:26
5680,CUST_198,PROD_36,2,2026-01-14 02:12:32
5681,CUST_156,PROD_50,5,2026-01-12 21:27:12
5682,CUST_227,PROD_64,2,2026-01-10 15:00:05
5683,CUST_424,PROD_87,2,2026-01-07 22:47:57
5684,CUST_477,PROD_20,2,2026-01-02 04:57:55
5685,CUST_256,PROD_16,5,2026-01-02 19:02:42
5686,CUST_485,PROD_89,2,2025-12-31 03:47:20
5687,CUST_402,PROD_12,2,2026-01-22 16:44:11
5688,CUST_256,PROD_73,2,2026-01-21 15:30:01
5689,CUST_488,PROD_14,5,2025-12-29 23:33:06
5690,CUST_447,PROD_67,1,2026-01-22 02:14:05
5691,CUST_363,PROD_55,4,2026-01-25 21:10:52
5692,CUST_139,PROD_41,2,2026-01-09 20:40:30
5693,CUST_323,PROD_63,4,2026-01-13 22:34:20
5694,CUST_151,PROD_16,4,2026-01-18 11:48:30
5695,CUST_420,PROD_57,2,2026-01-25 23:23:26
5696,CUST_200,PROD_7,4,2026-01-19 00:42:19
5697,CUST_404,PROD_2,1,2026-01-04 04:01:04
5698,CUST_171,PROD_48,3,2026-01-18 22:32:22
5699,CUST_123,PROD_5,3,2026-01-22 17:17:32
5700,CUST_26,PROD_39,3,2026-01-23 09:48:33
5701,CUST_370,PROD_9,3,2026-01-22 23:51:57
5702,CUST_155,PROD_25,2,2026-01-10 16:32:01
5703,CUST_227,PROD_89,2,2026-01-11 08:05:53
5704,CUST_315,PROD_71,2,2026-01-24 15:45:12
5705,CUST_332,PROD_16,5,2026-01-16 04:06:25
5706,CUST_9,PROD_52,2,2026-01-11 11:24:48
5707,CUST_419,PROD_56,3,2025-12-30 23:54:17
5708,CUST_379,PROD_90,4,2026-01-23 18:22:46
5709,CUST_385,PROD_74,1,2026-01-08 23:02:00
5710,CUST_238,PROD_32,5,2026-01-07 22:48:54
5711,CUST_266,PROD_61,1,2026-01-22 00:42:43
5712,CUST_355,PROD_66,2,2026-01-11 23:44:06
5713,CUST_70,PROD_58,5,2026-01-27 01:39:31
5714,CUST_271,PROD_37,3,2026-01-04 16:49:22
5715,CUST_493,PROD_31,2,2026-01-19 01:26:46
5716,CUST_251,PROD_43,1,2026-01-06 01:14:21
5717,CUST_303,PROD_52,3,2026-01-15 08:06:58
5718,CUST_121,PROD_23,4,2026-01-15 04:48:58
5719,CUST_136,PROD_80,5,2026-01-26 19:47:47
5720,CUST_149,PROD_89,1,2026-01-16 00:46:59
5721,CUST_67,PROD_87,4,2026-01-23 15:04:48
5722,CUST_437,PROD_64,4,2026-01-15 05:39:20
5723,CUST_185,PROD_92,2,2026-01-02 08:35:59
5724,CUST_434,PROD_9,1,2026-01-21 06:45:21
5725,CUST_252,PROD_97,1,2026-01-19 12:02:55
5726,CUST_402,PROD_100,3,2026-01-15 17:17:09
5727,CUST_163,PROD_26,3,2026-01-07 01:42:07
5728,CUST_115,PROD_67,4,2026-01-13 07:55:07
5729,CUST_392,PROD_47,2,2026-01-16 19:24:24
5730,CUST_76,PROD_35,2,2026-01-12 21:44:04
5731,CUST_167,PROD_68,3,2026-01-20 21:01:26
5732,CUST_431,PROD_47,3,2026-01-22 10:37:06
5733,CUST_427,PROD_60,1,2026-01-07 12:24:35
5734,CUST_185,PROD_18,1,2026-01-14 19:12:13
5735,CUST_6,PROD_54,2,2026-01-19 10:26:45
5736,CUST_110,PROD_68,4,2026-01-27 16:22:50
5737,CUST_483,PROD_49,1,2026-01-19 10:22:01
5738,CUST_354,PROD_77,5,2026-01-08 11:19:53
5739,CUST_313,PROD_3,3,2026-01-27 04:14:14
5740,CUST_424,PROD_26,1,2026-01-18 17:58:08
5741,CUST_434,PROD_33,2,2026-01-01 13:51:09
5742,CUST_318,PROD_96,5,2026-01-06 15:39:54
5743,CUST_354,PROD_35,5,2026-01-12 09:32:10
5744,CUST_432,PROD_77,5,2026-01-05 10:33:40
5745,CUST_76,PROD_16,4,2026-01-08 07:19:14
5746,CUST_13,PROD_3,3,2026-01-19 03:47:36
5747,CUST_460,PROD_93,3,2026-01-17 16:16:09
5748,CUST_145,PROD_79,3,2026-01-06 06:21:46
5749,CUST_196,PROD_55,5,2026-01-12 23:06:30
5750,CUST_335,PROD_57,2,2026-01-27 10:59:54
5751,CUST_188,PROD_92,1,2026-01-18 10:15:53
5752,CUST_137,PROD_93,5,2025-12-29 12:39:14
5753,CUST_398,PROD_59,2,2026-01-19 10:03:48
5754,CUST_144,PROD_18,2,2026-01-11 16:36:13
5755,CUST_178,PROD_73,3,2026-01-27 06:39:21
5756,CUST_467,PROD_3,3,2026-01-08 05:37:38
5757,CUST_191,PROD_37,1,2026-01-14 10:16:21
5758,CUST_329,PROD_28,4,2026-01-22 16:27:26
5759,CUST_120,PROD_97,4,2026-01-11 21:01:53
5760,CUST_160,PROD_99,5,2026-01-05 23:52:54
5761,CUST_276,PROD_40,2,2025-12-30 04:19:10
5762,CUST_90,PROD_74,5,2026-01-11 12:45:59
5763,CUST_452,PROD_91,5,2026-01-04 09:48:51
5764,CUST_91,PROD_36,4,2026-01-13 14:57:58
5765,CUST_148,PROD_19,2,2026-01-08 13:21:28
5766,CUST_28,PROD_30,3,2026-01-24 17:43:24
5767,CUST_29,PROD_85,4,2026-01-05 18:12:06
5768,CUST_136,PROD_45,2,2026-01-07 18:53:57
5769,CUST_208,PROD_70,1,2026-01-16 11:48:24
5770,CUST_465,PROD_40,3,2026-01-13 15:06:48
5771,CUST_90,PROD_84,2,2026-01-14 05:28:19
5772,CUST_454,PROD_12,1,2026-01-13 21:31:01
5773,CUST_46,PROD_35,4,2026-01-19 02:16:59
5774,CUST_217,PROD_45,1,2026-01-08 18:38:30
5775,CUST_55,PROD_100,2,2025-12-30 01:31:44
5776,CUST_407,PROD_94,3,2026-01-09 02:37:23
5777,CUST_411,PROD_9,1,2026-01-22 15:39:06
5778,CUST_493,PROD_89,5,2026-01-21 16:43:18
5779,CUST_168,PROD_95,5,2026-01-03 09:22:05
5780,CUST_147,PROD_4,5,2026-01-03 18:56:53
5781,CUST_475,PROD_64,1,2026-01-05 21:47:43
5782,CUST_148,PROD_29,4,2026-01-06 23:12:00
5783,CUST_446,PROD_34,1,2026-01-25 06:56:57
5784,CUST_269,PROD_85,3,2026-01-04 09:19:18
5785,CUST_204,PROD_75,1,2026-01-19 17:48:09
5786,CUST_19,PROD_28,5,2026-01-11 02:36:56
5787,CUST_388,PROD_21,3,2026-01-13 18:56:19
5788,CUST_415,PROD_2,4,2026-01-17 03:45:33
5789,CUST_497,PROD_9,4,2026-01-25 04:54:27
5790,CUST_436,PROD_17,1,2026-01-20 22:31:09
5791,CUST_161,PROD_79,3,2026-01-02 09:25:19
5792,CUST_182,PROD_59,3,2026-01-08 19:26:59
5793,CUST_472,PROD_97,1,2026-01-18 16:50:55
5794,CUST_66,PROD_57,2,2026-01-17 11:21:47
5795,CUST_426,PROD_25,3,2026-01-07 23:44:48
5796,CUST_427,PROD_75,3,2026-01-02 22:15:47
5797,CUST_329,PROD_23,4,2026-01-19 18:11:36
5798,CUST_448,PROD_36,1,2026-01-20 00:22:28
5799,CUST_326,PROD_23,1,2025-12-30 08:40:38
5800,CUST_81,PROD_9,1,2026-01-05 01:12:54
5801,CUST_229,PROD_96,3,2026-01-17 02:35:14
5802,CUST_90,PROD_77,5,2026-01-27 06:17:08
5803,CUST_73,PROD_37,2,2026-01-14 13:59:31
5804,CUST_214,PROD_93,1,2026-01-04 08:30:52
5805,CUST_72,PROD_72,4,2026-01-01 06:08:30
5806,CUST_265,PROD_97,5,2026-01-20 00:22:58
5807,CUST_474,PROD_63,3,2026-01-19 06:21:15
5808,CUST_403,PROD_29,1,2026-01-08 15:30:13
5809,CUST_366,PROD_27,5,2026-01-16 05:28:38
5810,CUST_349,PROD_46,2,2026-01-12 12:59:25
5811,CUST_390,PROD_31,5,2026-01-08 05:37:37
5812,CUST_134,PROD_18,1,2026-01-19 14:48:44
5813,CUST_437,PROD_95,3,2026-01-02 11:13:17
5814,CUST_30,PROD_10,5,2026-01-07 15:42:07
5815,CUST_228,PROD_45,2,2026-01-14 21:00:04
5816,CUST_52,PROD_30,4,2026-01-10 00:52:02
5817,CUST_315,PROD_17,2,2025-12-30 09:04:16
5818,CUST_59,PROD_77,2,2026-01-08 06:03:58
5819,CUST_111,PROD_66,5,2026-01-19 23:59:06
5820,CUST_418,PROD_69,5,2026-01-03 00:38:01
5821,CUST_331,PROD_52,4,2026-01-22 23:32:23
5822,CUST_8,PROD_1,3,2026-01-25 22:17:20
5823,CUST_394,PROD_38,3,2026-01-08 13:01:24
5824,CUST_201,PROD_28,2,2026-01-18 18:18:08
5825,CUST_253,PROD_57,2,2026-01-26 09:04:06
5826,CUST_120,PROD_45,1,2026-01-07 07:33:04
5827,CUST_17,PROD_52,4,2026-01-25 23:11:32
5828,CUST_133,PROD_69,2,2026-01-11 02:48:33
5829,CUST_432,PROD_51,1,2026-01-11 12:47:53
5830,CUST_363,PROD_53,2,2026-01-18 15:12:50
5831,CUST_327,PROD_73,5,2026-01-18 11:47:40
5832,CUST_264,PROD_35,2,2026-01-11 00:18:13
5833,CUST_366,PROD_7,1,2026-01-01 23:44:27
5834,CUST_312,PROD_92,5,2026-01-02 20:26:25
5835,CUST_22,PROD_57,4,2026-01-02 04:31:14
5836,CUST_390,PROD_74,5,2026-01-14 06:53:39
5837,CUST_201,PROD_54,5,2026-01-21 09:45:15
5838,CUST_55,PROD_35,2,2025-12-30 08:46:37
5839,CUST_262,PROD_19,3,2026-01-01 04:04:56
5840,CUST_287,PROD_70,2,2026-01-03 14:00:12
5841,CUST_267,PROD_2,5,2026-01-02 10:40:00
5842,CUST_300,PROD_67,5,2025-12-29 11:33:52
5843,CUST_45,PROD_97,4,2026-01-06 13:17:27
5844,CUST_270,PROD_74,1,2026-01-23 22:09:52
5845,CUST_196,PROD_70,5,2026-01-14 22:58:02
5846,CUST_364,PROD_88,3,2026-01-24 08:46:44
5847,CUST_108,PROD_12,2,2026-01-13 12:34:50
5848,CUST_246,PROD_22,5,2026-01-10 22:01:55
5849,CUST_198,PROD_29,1,2026-01-19 06:46:46
5850,CUST_119,PROD_37,1,2026-01-22 00:33:59
5851,CUST_40,PROD_37,3,2026-01-22 01:55:50
5852,CUST_232,PROD_8,5,2026-01-16 14:22:58
5853,CUST_249,PROD_60,3,2026-01-20 10:23:32
5854,CUST_64,PROD_71,5,2026-01-11 00:38:58
5855,CUST_431,PROD_1,4,2026-01-03 09:51:54
5856,CUST_291,PROD_42,4,2026-01-27 16:09:40
5857,CUST_322,PROD_74,3,2026-01-18 08:29:05
5858,CUST_113,PROD_44,4,2025-12-30 10:59:28
5859,CUST_313,PROD_83,3,2026-01-08 06:09:20
5860,CUST_95,PROD_55,2,2026-01-09 18:20:50
5861,CUST_318,PROD_17,1,2026-01-23 20:49:52
5862,CUST_305,PROD_94,2,2026-01-18 10:20:02
5863,CUST_219,PROD_61,3,2026-01-15 21:41:07
5864,CUST_420,PROD_57,2,2026-01-21 16:54:09
5865,CUST_272,PROD_3,2,2026-01-12 10:28:25
5866,CUST_308,PROD_44,5,2026-01-12 21:10:25
5867,CUST_209,PROD_46,5,2026-01-25 02:10:45
5868,CUST_47,PROD_11,1,2026-01-25 10:30:37
5869,CUST_274,PROD_26,1,2026-01-06 18:35:32
5870,CUST_41,PROD_9,5,2026-01-04 08:38:47
5871,CUST_137,PROD_56,5,2026-01-14 19:49:10
5872,CUST_222,PROD_27,3,2026-01-19 14:09:59
5873,CUST_492,PROD_59,2,2026-01-03 23:00:10
5874,CUST_254,PROD_41,1,2026-01-20 04:06:25
5875,CUST_65,PROD_43,5,2026-01-15 03:06:59
5876,CUST_239,PROD_53,3,2026-01-17 02:57:22
5877,CUST_311,PROD_22,1,2026-01-04 19:22:17
5878,CUST_149,PROD_16,4,2026-01-16 17:34:51
5879,CUST_197,PROD_14,1,2026-01-24 19:50:13
5880,CUST_35,PROD_65,1,2026-01-21 20:03:58
5881,CUST_64,PROD_84,1,2026-01-23 08:44:14
5882,CUST_373,PROD_71,3,2026-01-13 20:35:51
5883,CUST_195,PROD_2,1,2026-01-01 11:53:55
5884,CUST_251,PROD_7,2,2026-01-15 19:13:21
5885,CUST_134,PROD_82,5,2026-01-16 04:15:27
5886,CUST_43,PROD_44,5,2026-01-12 15:22:55
5887,CUST_84,PROD_89,4,2026-01-14 11:48:45
5888,CUST_294,PROD_76,5,2025-12-30 19:42:35
5889,CUST_11,PROD_80,1,2026-01-06 08:37:57
5890,CUST_89,PROD_12,3,2026-01-26 20:25:47
5891,CUST_108,PROD_45,5,2026-01-13 06:22:56
5892,CUST_407,PROD_31,5,2026-01-02 00:51:17
5893,CUST_222,PROD_11,3,2026-01-07 07:47:42
5894,CUST_5,PROD_39,1,2025-12-30 06:15:41
5895,CUST_336,PROD_49,2,2026-01-20 20:50:30
5896,CUST_74,PROD_81,1,2026-01-21 13:31:59
5897,CUST_308,PROD_82,2,2026-01-27 01:38:36
5898,CUST_277,PROD_86,2,2026-01-20 03:23:08
5899,CUST_413,PROD_7,5,2026-01-14 06:40:27
5900,CUST_413,PROD_54,3,2026-01-23 15:07:06
5901,CUST_357,PROD_55,3,2026-01-12 09:20:30
5902,CUST_351,PROD_34,3,2026-01-11 13:51:00
5903,CUST_468,PROD_9,4,2026-01-03 02:47:04
5904,CUST_215,PROD_9,2,2026-01-12 11:15:09
5905,CUST_489,PROD_30,1,2026-01-08 09:38:34
5906,CUST_488,PROD_21,3,2026-01-08 08:37:59
5907,CUST_431,PROD_49,4,2026-01-22 19:06:01
5908,CUST_371,PROD_10,4,2026-01-26 04:58:43
5909,CUST_309,PROD_59,1,2026-01-27 09:12:03
5910,CUST_470,PROD_80,5,2026-01-23 10:03:45
5911,CUST_251,PROD_43,3,2026-01-21 22:32:29
5912,CUST_86,PROD_97,3,2026-01-27 03:07:58
5913,CUST_373,PROD_21,1,2026-01-20 00:53:44
5914,CUST_473,PROD_62,3,2026-01-17 16:18:07
5915,CUST_82,PROD_55,3,2026-01-16 05:48:05
5916,CUST_325,PROD_16,1,2026-01-04 02:42:19
5917,CUST_243,PROD_91,2,2026-01-14 23:49:25
5918,CUST_354,PROD_57,3,2026-01-03 00:31:51
5919,CUST_403,PROD_63,2,2026-01-05 06:37:13
5920,CUST_388,PROD_26,3,2026-01-11 09:24:56
5921,CUST_79,PROD_80,4,2026-01-15 19:02:09
5922,CUST_140,PROD_52,3,2026-01-15 18:50:01
5923,CUST_200,PROD_71,4,2026-01-03 19:25:55
5924,CUST_350,PROD_85,4,2025-12-29 16:43:40
5925,CUST_191,PROD_15,2,2026-01-13 17:16:44
5926,CUST_360,PROD_69,3,2026-01-10 03:13:04
5927,CUST_455,PROD_58,1,2026-01-03 11:32:18
5928,CUST_394,PROD_58,4,2026-01-23 15:54:22
5929,CUST_234,PROD_54,5,2026-01-10 13:37:17
5930,CUST_166,PROD_83,3,2026-01-06 06:17:32
5931,CUST_476,PROD_84,4,2026-01-22 11:52:28
5932,CUST_74,PROD_60,2,2026-01-26 03:11:35
5933,CUST_119,PROD_18,3,2026-01-16 07:34:03
5934,CUST_115,PROD_62,3,2026-01-19 23:11:54
5935,CUST_298,PROD_84,1,2025-12-28 20:57:25
5936,CUST_369,PROD_6,3,2026-01-18 16:29:22
5937,CUST_92,PROD_84,4,2026-01-02 11:13:17
5938,CUST_5,PROD_59,3,2026-01-15 07:56:02
5939,CUST_103,PROD_33,1,2026-01-03 20:06:32
5940,CUST_216,PROD_20,5,2025-12-31 11:56:54
5941,CUST_193,PROD_43,4,2026-01-03 10:55:11
5942,CUST_180,PROD_29,2,2026-01-22 19:17:57
5943,CUST_46,PROD_80,1,2026-01-16 21:15:10
5944,CUST_174,PROD_21,1,2026-01-23 09:46:42
5945,CUST_332,PROD_55,4,2026-01-20 01:59:52
5946,CUST_447,PROD_58,3,2025-12-30 12:42:23
5947,CUST_275,PROD_1,5,2025-12-30 23:36:11
5948,CUST_475,PROD_25,3,2026-01-01 15:21:53
5949,CUST_261,PROD_91,3,2026-01-24 09:28:50
5950,CUST_422,PROD_13,2,2026-01-10 10:18:21
5951,CUST_241,PROD_55,4,2026-01-07 08:09:01
5952,CUST_65,PROD_53,2,2026-01-25 06:38:36
5953,CUST_500,PROD_100,5,2026-01-20 01:58:08
5954,CUST_226,PROD_3,4,2026-01-18 21:59:47
5955,CUST_32,PROD_4,3,2026-01-08 01:30:14
5956,CUST_226,PROD_46,1,2026-01-06 14:22:48
5957,CUST_119,PROD_70,4,2026-01-18 16:41:11
5958,CUST_93,PROD_14,2,2026-01-23 18:40:48
5959,CUST_461,PROD_62,4,2026-01-08 10:00:30
5960,CUST_418,PROD_24,4,2026-01-01 12:41:17
5961,CUST_437,PROD_25,3,2026-01-02 21:20:10
5962,CUST_347,PROD_41,2,2026-01-11 20:15:16
5963,CUST_199,PROD_27,2,2026-01-12 20:39:18
5964,CUST_424,PROD_1,5,2025-12-29 16:53:58
5965,CUST_96,PROD_100,5,2026-01-13 09:33:31
5966,CUST_481,PROD_33,5,2026-01-19 10:24:22
5967,CUST_211,PROD_90,1,2026-01-22 08:20:59
5968,CUST_433,PROD_49,3,2026-01-18 01:14:31
5969,CUST_23,PROD_44,5,2026-01-11 13:07:18
5970,CUST_13,PROD_37,2,2026-01-22 07:26:25
5971,CUST_94,PROD_52,5,2026-01-07 21:20:28
5972,CUST_372,PROD_50,5,2026-01-11 08:25:31
5973,CUST_280,PROD_78,2,2026-01-21 08:31:44
5974,CUST_54,PROD_41,2,2026-01-26 11:10:13
5975,CUST_124,PROD_29,4,2026-01-14 06:51:27
5976,CUST_47,PROD_98,4,2026-01-13 04:40:07
5977,CUST_355,PROD_5,3,2026-01-19 00:57:09
5978,CUST_112,PROD_60,1,2026-01-17 00:29:37
5979,CUST_31,PROD_18,2,2026-01-11 21:53:58
5980,CUST_212,PROD_66,2,2026-01-10 22:24:28
5981,CUST_480,PROD_82,3,2026-01-09 07:54:39
5982,CUST_329,PROD_21,2,2026-01-21 18:30:13
5983,CUST_235,PROD_34,5,2026-01-22 12:48:44
5984,CUST_127,PROD_47,3,2026-01-09 18:43:47
5985,CUST_258,PROD_57,3,2026-01-18 16:26:02
5986,CUST_14,PROD_31,4,2026-01-13 13:54:58
5987,CUST_431,PROD_3,4,2026-01-07 06:49:37
5988,CUST_208,PROD_76,2,2026-01-19 15:06:28
5989,CUST_70,PROD_39,2,2025-12-29 17:11:07
5990,CUST_222,PROD_61,5,2026-01-23 16:20:33
5991,CUST_172,PROD_32,2,2025-12-29 15:57:05
5992,CUST_5,PROD_71,2,2026-01-13 03:47:06
5993,CUST_431,PROD_17,5,2025-12-29 09:10:40
5994,CUST_86,PROD_5,2,2026-01-16 07:51:11
5995,CUST_28,PROD_33,4,2026-01-18 14:33:48
5996,CUST_399,PROD_14,1,2026-01-10 14:55:50
5997,CUST_463,PROD_60,5,2026-01-26 05:16:59
5998,CUST_262,PROD_5,2,2026-01-02 04:21:47
5999,CUST_201,PROD_59,5,2026-01-05 14:47:58
6000,CUST_488,PROD_93,1,2026-01-05 11:57:34
6001,CUST_188,PROD_8,1,2026-01-25 02:55:19
6002,CUST_227,PROD_24,4,2026-01-23 17:41:48
6003,CUST_116,PROD_21,4,2026-01-09 06:27:52
6004,CUST_89,PROD_64,1,2026-01-09 20:50:45
6005,CUST_133,PROD_7,4,2026-01-17 09:55:44
6006,CUST_251,PROD_71,3,2026-01-08 23:29:21
6007,CUST_344,PROD_11,1,2026-01-11 22:06:43
6008,CUST_449,PROD_25,4,2026-01-17 04:26:59
6009,CUST_56,PROD_48,3,2026-01-02 13:09:59
6010,CUST_149,PROD_8,2,2026-01-22 01:00:41
6011,CUST_342,PROD_98,1,2026-01-11 13:48:13
6012,CUST_431,PROD_71,4,2026-01-09 16:39:20
6013,CUST_356,PROD_84,1,2026-01-26 08:28:41
6014,CUST_22,PROD_56,5,2026-01-15 01:55:52
6015,CUST_254,PROD_64,4,2026-01-26 21:16:14
6016,CUST_233,PROD_12,1,2026-01-23 07:17:46
6017,CUST_324,PROD_85,5,2026-01-10 11:14:42
6018,CUST_317,PROD_7,3,2026-01-06 19:56:33
6019,CUST_499,PROD_71,2,2026-01-04 01:19:47
6020,CUST_1,PROD_83,4,2026-01-07 00:02:39
6021,CUST_367,PROD_15,5,2026-01-26 10:22:41
6022,CUST_453,PROD_18,3,2026-01-23 23:31:26
6023,CUST_291,PROD_62,3,2026-01-13 00:17:31
6024,CUST_412,PROD_88,5,2026-01-12 15:28:05
6025,CUST_2,PROD_2,2,2026-01-27 05:25:27
6026,CUST_258,PROD_9,5,2026-01-08 16:27:59
6027,CUST_119,PROD_86,2,2026-01-13 12:04:36
6028,CUST_390,PROD_32,4,2026-01-27 08:15:34
6029,CUST_116,PROD_52,3,2026-01-22 23:02:56
6030,CUST_450,PROD_15,3,2025-12-31 07:01:02
6031,CUST_80,PROD_50,5,2026-01-11 04:53:34
6032,CUST_433,PROD_25,3,2026-01-07 04:03:18
6033,CUST_133,PROD_18,5,2026-01-25 07:18:24
6034,CUST_189,PROD_50,3,2026-01-10 11:52:32
6035,CUST_110,PROD_34,3,2026-01-02 23:11:46
6036,CUST_26,PROD_92,2,2026-01-06 19:54:05
6037,CUST_404,PROD_12,1,2026-01-09 12:13:34
6038,CUST_465,PROD_11,2,2026-01-20 22:00:50
6039,CUST_78,PROD_96,2,2026-01-27 10:17:49
6040,CUST_138,PROD_3,1,2026-01-06 15:44:25
6041,CUST_116,PROD_56,1,2025-12-31 06:17:36
6042,CUST_454,PROD_5,4,2026-01-16 02:35:47
6043,CUST_194,PROD_75,3,2026-01-19 19:37:34
6044,CUST_57,PROD_99,3,2026-01-18 14:57:27
6045,CUST_460,PROD_21,4,2026-01-19 22:05:12
6046,CUST_326,PROD_100,5,2025-12-29 13:58:06
6047,CUST_75,PROD_3,3,2026-01-20 02:01:58
6048,CUST_165,PROD_48,4,2026-01-06 16:42:43
6049,CUST_430,PROD_10,2,2026-01-11 14:15:14
6050,CUST_380,PROD_1,4,2025-12-31 05:05:58
6051,CUST_94,PROD_80,4,2026-01-18 03:04:26
6052,CUST_246,PROD_17,5,2026-01-04 06:36:09
6053,CUST_115,PROD_62,4,2026-01-02 01:51:11
6054,CUST_272,PROD_78,5,2026-01-04 17:09:48
6055,CUST_465,PROD_74,5,2026-01-13 00:39:03
6056,CUST_100,PROD_16,2,2026-01-26 02:02:56
6057,CUST_127,PROD_65,4,2026-01-08 18:18:54
6058,CUST_135,PROD_82,4,2026-01-09 22:37:38
6059,CUST_404,PROD_25,3,2026-01-21 08:40:07
6060,CUST_10,PROD_89,1,2026-01-04 01:18:48
6061,CUST_315,PROD_14,2,2026-01-26 05:13:43
6062,CUST_84,PROD_45,2,2026-01-21 09:34:27
6063,CUST_37,PROD_47,4,2026-01-25 12:03:23
6064,CUST_32,PROD_50,3,2026-01-06 01:18:21
6065,CUST_403,PROD_100,4,2026-01-27 07:16:15
6066,CUST_347,PROD_43,4,2026-01-09 04:26:02
6067,CUST_50,PROD_43,4,2026-01-15 23:00:30
6068,CUST_268,PROD_72,3,2025-12-28 19:55:26
6069,CUST_75,PROD_16,5,2026-01-09 09:10:34
6070,CUST_112,PROD_29,4,2026-01-18 19:57:59
6071,CUST_291,PROD_25,2,2026-01-08 04:40:43
6072,CUST_455,PROD_36,1,2026-01-26 16:08:34
6073,CUST_25,PROD_40,1,2025-12-29 20:02:24
6074,CUST_243,PROD_18,5,2026-01-23 00:53:30
6075,CUST_288,PROD_26,3,2026-01-08 02:24:16
6076,CUST_106,PROD_51,2,2025-12-30 07:43:36
6077,CUST_333,PROD_82,5,2026-01-25 12:15:17
6078,CUST_487,PROD_34,4,2025-12-29 04:24:04
6079,CUST_386,PROD_79,2,2026-01-27 10:36:33
6080,CUST_284,PROD_36,4,2026-01-11 00:25:02
6081,CUST_130,PROD_56,4,2026-01-19 08:23:32
6082,CUST_357,PROD_85,1,2026-01-18 23:37:07
6083,CUST_303,PROD_13,2,2026-01-16 19:23:24
6084,CUST_1,PROD_52,1,2026-01-13 20:37:48
6085,CUST_281,PROD_18,1,2026-01-07 22:24:54
6086,CUST_177,PROD_22,4,2026-01-22 16:44:15
6087,CUST_257,PROD_42,2,2026-01-15 05:38:39
6088,CUST_119,PROD_66,1,2026-01-18 04:32:04
6089,CUST_78,PROD_17,3,2026-01-25 03:11:56
6090,CUST_147,PROD_26,1,2026-01-14 22:35:46
6091,CUST_366,PROD_82,4,2026-01-04 05:29:37
6092,CUST_440,PROD_16,1,2026-01-08 06:17:40
6093,CUST_41,PROD_10,1,2026-01-08 23:15:27
6094,CUST_303,PROD_72,3,2025-12-31 10:34:54
6095,CUST_232,PROD_73,2,2026-01-06 14:27:55
6096,CUST_70,PROD_69,4,2026-01-08 13:54:49
6097,CUST_461,PROD_100,4,2026-01-23 17:55:54
6098,CUST_322,PROD_80,5,2026-01-27 11:28:47
6099,CUST_131,PROD_29,1,2026-01-26 13:22:40
6100,CUST_165,PROD_90,5,2026-01-19 17:24:05
6101,CUST_148,PROD_83,4,2026-01-08 15:04:17
6102,CUST_189,PROD_10,5,2026-01-22 16:06:27
6103,CUST_264,PROD_26,2,2025-12-31 04:59:54
6104,CUST_123,PROD_13,3,2026-01-22 12:26:28
6105,CUST_36,PROD_65,4,2026-01-13 13:10:16
6106,CUST_285,PROD_14,2,2026-01-15 23:04:08
6107,CUST_330,PROD_7,4,2026-01-09 20:07:42
6108,CUST_97,PROD_3,1,2026-01-23 10:53:01
6109,CUST_391,PROD_8,2,2026-01-27 16:31:06
6110,CUST_295,PROD_27,5,2026-01-04 11:44:44
6111,CUST_187,PROD_10,5,2026-01-20 07:40:38
6112,CUST_225,PROD_7,5,2026-01-15 13:10:33
6113,CUST_450,PROD_49,4,2026-01-05 16:50:41
6114,CUST_474,PROD_4,2,2026-01-26 21:07:26
6115,CUST_155,PROD_33,4,2026-01-07 20:23:50
6116,CUST_115,PROD_7,5,2026-01-07 09:22:59
6117,CUST_231,PROD_92,2,2026-01-08 00:15:08
6118,CUST_482,PROD_76,1,2026-01-21 11:51:10
6119,CUST_176,PROD_4,1,2026-01-22 11:55:07
6120,CUST_195,PROD_84,4,2026-01-18 07:41:03
6121,CUST_204,PROD_43,3,2026-01-07 22:30:01
6122,CUST_244,PROD_18,1,2026-01-07 03:35:53
6123,CUST_137,PROD_59,4,2026-01-11 09:44:31
6124,CUST_294,PROD_34,2,2026-01-02 13:55:24
6125,CUST_389,PROD_7,2,2026-01-19 02:55:27
6126,CUST_356,PROD_84,4,2025-12-31 18:02:58
6127,CUST_260,PROD_41,1,2026-01-13 21:45:32
6128,CUST_29,PROD_26,5,2025-12-30 18:34:06
6129,CUST_169,PROD_88,5,2025-12-31 09:54:01
6130,CUST_163,PROD_27,5,2026-01-02 00:10:32
6131,CUST_322,PROD_32,5,2026-01-07 12:54:48
6132,CUST_15,PROD_19,5,2026-01-05 21:12:58
6133,CUST_391,PROD_21,1,2025-12-31 08:16:17
6134,CUST_369,PROD_2,4,2026-01-19 17:40:39
6135,CUST_147,PROD_16,5,2026-01-18 00:51:25
6136,CUST_343,PROD_57,1,2026-01-04 05:23:46
6137,CUST_478,PROD_84,5,2026-01-07 23:40:14
6138,CUST_230,PROD_5,1,2026-01-24 04:32:56
6139,CUST_193,PROD_90,3,2026-01-10 19:45:26
6140,CUST_81,PROD_31,3,2026-01-25 11:35:53
6141,CUST_456,PROD_2,3,2026-01-20 03:34:24
6142,CUST_89,PROD_89,2,2026-01-16 13:05:23
6143,CUST_398,PROD_87,3,2026-01-18 00:53:05
6144,CUST_471,PROD_78,1,2026-01-12 03:28:55
6145,CUST_275,PROD_39,3,2025-12-29 12:12:16
6146,CUST_435,PROD_48,2,2026-01-15 09:19:30
6147,CUST_266,PROD_51,1,2025-12-29 10:51:12
6148,CUST_338,PROD_3,2,2025-12-30 05:00:46
6149,CUST_375,PROD_7,2,2026-01-04 03:07:14
6150,CUST_309,PROD_52,5,2026-01-15 17:39:02
6151,CUST_182,PROD_66,5,2025-12-30 06:44:53
6152,CUST_131,PROD_32,1,2026-01-08 17:48:19
6153,CUST_63,PROD_25,1,2026-01-11 14:51:26
6154,CUST_370,PROD_27,1,2026-01-04 23:35:01
6155,CUST_126,PROD_6,4,2026-01-08 05:52:55
6156,CUST_31,PROD_63,1,2026-01-10 06:50:14
6157,CUST_149,PROD_54,4,2026-01-01 18:18:59
6158,CUST_301,PROD_91,5,2026-01-22 17:13:30
6159,CUST_260,PROD_74,3,2026-01-09 01:00:43
6160,CUST_131,PROD_65,2,2026-01-16 01:18:59
6161,CUST_234,PROD_95,3,2026-01-15 06:49:13
6162,CUST_72,PROD_37,4,2026-01-02 02:14:21
6163,CUST_473,PROD_5,5,2025-12-30 14:23:56
6164,CUST_101,PROD_66,5,2026-01-18 04:30:10
6165,CUST_2,PROD_22,5,2026-01-13 20:01:52
6166,CUST_296,PROD_68,4,2026-01-10 23:57:22
6167,CUST_7,PROD_8,4,2026-01-02 21:59:43
6168,CUST_105,PROD_90,4,2026-01-06 06:45:44
6169,CUST_218,PROD_28,3,2026-01-14 16:35:10
6170,CUST_282,PROD_45,1,2026-01-03 16:25:20
6171,CUST_303,PROD_82,5,2025-12-30 02:18:07
6172,CUST_186,PROD_6,5,2026-01-22 11:14:06
6173,CUST_410,PROD_2,5,2026-01-10 05:47:13
6174,CUST_125,PROD_52,2,2026-01-11 10:23:27
6175,CUST_138,PROD_32,1,2026-01-02 16:29:55
6176,CUST_406,PROD_25,2,2026-01-21 06:20:17
6177,CUST_65,PROD_49,3,2026-01-09 02:25:04
6178,CUST_133,PROD_65,2,2026-01-14 08:11:38
6179,CUST_47,PROD_100,3,2026-01-09 19:19:54
6180,CUST_270,PROD_90,1,2026-01-24 11:04:20
6181,CUST_298,PROD_99,2,2026-01-04 05:39:00
6182,CUST_222,PROD_79,2,2026-01-02 18:04:16
6183,CUST_145,PROD_58,5,2026-01-12 16:15:05
6184,CUST_385,PROD_80,5,2026-01-21 06:29:41
6185,CUST_46,PROD_92,3,2026-01-23 18:36:05
6186,CUST_62,PROD_50,1,2026-01-16 07:56:43
6187,CUST_163,PROD_95,1,2026-01-08 12:59:58
6188,CUST_85,PROD_17,1,2026-01-27 00:10:35
6189,CUST_400,PROD_34,3,2026-01-17 08:21:27
6190,CUST_38,PROD_22,5,2026-01-21 04:46:17
6191,CUST_240,PROD_61,5,2026-01-27 15:59:23
6192,CUST_424,PROD_38,5,2026-01-19 03:12:14
6193,CUST_361,PROD_94,2,2026-01-01 05:25:03
6194,CUST_434,PROD_50,1,2026-01-23 03:14:21
6195,CUST_126,PROD_19,2,2026-01-17 18:03:03
6196,CUST_478,PROD_3,1,2026-01-09 20:40:46
6197,CUST_293,PROD_29,4,2026-01-10 20:34:15
6198,CUST_110,PROD_23,1,2026-01-14 04:19:34
6199,CUST_123,PROD_69,2,2026-01-07 08:07:47
6200,CUST_56,PROD_68,2,2026-01-12 17:55:54
6201,CUST_64,PROD_73,2,2026-01-07 07:53:19
6202,CUST_383,PROD_65,2,2026-01-20 16:44:50
6203,CUST_153,PROD_100,5,2026-01-12 17:59:28
6204,CUST_72,PROD_28,5,2026-01-18 06:14:34
6205,CUST_99,PROD_23,3,2026-01-01 13:28:52
6206,CUST_336,PROD_76,4,2026-01-03 11:17:01
6207,CUST_179,PROD_24,2,2025-12-31 18:58:23
6208,CUST_8,PROD_40,1,2026-01-05 12:47:52
6209,CUST_457,PROD_95,2,2025-12-31 22:19:40
6210,CUST_458,PROD_5,3,2026-01-10 11:59:17
6211,CUST_91,PROD_36,2,2026-01-14 05:04:43
6212,CUST_129,PROD_8,2,2025-12-30 19:07:44
6213,CUST_13,PROD_35,4,2026-01-13 22:39:22
6214,CUST_179,PROD_17,2,2026-01-20 11:25:34
6215,CUST_413,PROD_87,2,2026-01-10 19:39:01
6216,CUST_458,PROD_37,3,2026-01-11 06:21:40
6217,CUST_290,PROD_97,5,2026-01-02 04:31:53
6218,CUST_261,PROD_68,4,2026-01-03 13:22:36
6219,CUST_495,PROD_55,3,2026-01-10 05:54:27
6220,CUST_467,PROD_28,2,2026-01-19 10:09:02
6221,CUST_159,PROD_60,3,2026-01-07 03:24:53
6222,CUST_445,PROD_62,1,2025-12-31 10:31:54
6223,CUST_52,PROD_46,3,2026-01-09 10:54:39
6224,CUST_189,PROD_23,5,2026-01-17 12:04:41
6225,CUST_460,PROD_47,4,2026-01-25 22:45:12
6226,CUST_185,PROD_47,5,2025-12-29 22:58:42
6227,CUST_329,PROD_98,3,2025-12-30 13:37:32
6228,CUST_442,PROD_86,3,2026-01-03 04:58:45
6229,CUST_393,PROD_90,1,2026-01-08 22:46:39
6230,CUST_158,PROD_23,3,2026-01-26 15:11:12
6231,CUST_272,PROD_51,1,2026-01-02 22:47:08
6232,CUST_473,PROD_53,1,2026-01-27 13:30:52
6233,CUST_313,PROD_76,1,2026-01-16 18:36:35
6234,CUST_340,PROD_40,4,2026-01-14 02:02:04
6235,CUST_245,PROD_90,2,2026-01-11 15:52:15
6236,CUST_449,PROD_27,5,2026-01-12 07:10:47
6237,CUST_500,PROD_21,2,2025-12-29 12:30:24
6238,CUST_240,PROD_79,2,2025-12-29 07:49:58
6239,CUST_236,PROD_66,3,2026-01-04 15:52:19
6240,CUST_414,PROD_93,5,2026-01-13 03:47:35
6241,CUST_194,PROD_29,2,2026-01-20 00:37:07
6242,CUST_179,PROD_27,1,2026-01-22 05:48:28
6243,CUST_137,PROD_11,3,2025-12-29 13:48:48
6244,CUST_353,PROD_34,5,2025-12-31 00:01:56
6245,CUST_498,PROD_34,4,2026-01-25 14:11:27
6246,CUST_334,PROD_55,3,2026-01-01 10:00:11
6247,CUST_461,PROD_47,5,2026-01-11 20:45:54
6248,CUST_45,PROD_33,1,2026-01-25 19:27:20
6249,CUST_484,PROD_80,1,2026-01-26 23:14:50
6250,CUST_81,PROD_74,4,2026-01-01 23:06:48
6251,CUST_176,PROD_70,1,2026-01-25 23:03:09
6252,CUST_166,PROD_97,1,2026-01-17 20:08:05
6253,CUST_303,PROD_26,5,2026-01-27 13:51:04
6254,CUST_418,PROD_17,3,2026-01-21 02:05:25
6255,CUST_290,PROD_100,3,2026-01-14 05:00:36
6256,CUST_458,PROD_25,4,2026-01-19 11:37:53
6257,CUST_334,PROD_84,3,2026-01-12 14:04:32
6258,CUST_103,PROD_59,4,2026-01-26 22:07:04
6259,CUST_182,PROD_74,3,2026-01-23 08:02:58
6260,CUST_25,PROD_57,5,2026-01-16 18:09:15
6261,CUST_222,PROD_97,2,2026-01-10 19:27:16
6262,CUST_170,PROD_14,5,2025-12-28 18:53:28
6263,CUST_8,PROD_41,5,2026-01-03 13:33:18
6264,CUST_187,PROD_78,1,2026-01-15 09:51:30
6265,CUST_334,PROD_49,1,2025-12-31 23:37:19
6266,CUST_229,PROD_97,4,2026-01-25 12:43:15
6267,CUST_29,PROD_43,5,2026-01-23 17:20:39
6268,CUST_267,PROD_60,1,2026-01-22 10:54:55
6269,CUST_113,PROD_62,5,2026-01-12 17:19:20
6270,CUST_59,PROD_14,2,2026-01-15 22:23:52
6271,CUST_147,PROD_78,4,2026-01-02 03:32:26
6272,CUST_90,PROD_6,3,2026-01-22 01:04:05
6273,CUST_317,PROD_52,5,2026-01-26 10:27:29
6274,CUST_291,PROD_94,4,2026-01-01 05:59:14
6275,CUST_226,PROD_58,1,2026-01-10 19:00:10
6276,CUST_312,PROD_88,3,2026-01-11 01:26:53
6277,CUST_116,PROD_4,5,2026-01-01 01:49:52
6278,CUST_395,PROD_45,5,2026-01-09 16:26:21
6279,CUST_244,PROD_48,5,2026-01-18 11:25:34
6280,CUST_347,PROD_28,5,2026-01-18 23:51:48
6281,CUST_438,PROD_49,4,2026-01-11 05:55:47
6282,CUST_80,PROD_11,5,2026-01-11 20:28:01
6283,CUST_467,PROD_49,5,2026-01-23 04:05:17
6284,CUST_320,PROD_12,4,2026-01-23 13:53:18
6285,CUST_396,PROD_59,4,2026-01-12 13:26:30
6286,CUST_355,PROD_6,3,2026-01-23 16:13:18
6287,CUST_203,PROD_76,1,2026-01-16 22:06:39
6288,CUST_317,PROD_36,5,2026-01-14 19:38:48
6289,CUST_212,PROD_40,1,2026-01-25 23:53:28
6290,CUST_475,PROD_30,4,2026-01-25 20:18:23
6291,CUST_472,PROD_53,2,2026-01-09 17:36:43
6292,CUST_334,PROD_20,2,2026-01-17 21:12:07
6293,CUST_202,PROD_70,1,2026-01-09 02:29:32
6294,CUST_432,PROD_17,4,2025-12-31 17:48:44
6295,CUST_405,PROD_77,4,2026-01-22 23:19:27
6296,CUST_396,PROD_76,3,2026-01-24 06:34:29
6297,CUST_47,PROD_37,2,2026-01-21 05:21:38
6298,CUST_26,PROD_5,4,2026-01-10 10:37:36
6299,CUST_415,PROD_22,5,2026-01-25 04:20:48
6300,CUST_295,PROD_27,5,2026-01-15 08:38:09
6301,CUST_153,PROD_95,2,2026-01-14 21:34:40
6302,CUST_382,PROD_68,1,2026-01-09 03:52:43
6303,CUST_161,PROD_90,5,2026-01-21 05:31:59
6304,CUST_429,PROD_63,3,2026-01-11 00:32:33
6305,CUST_318,PROD_87,5,2026-01-15 09:31:26
6306,CUST_458,PROD_40,5,2026-01-10 18:12:00
6307,CUST_25,PROD_78,3,2026-01-06 13:49:55
6308,CUST_200,PROD_67,5,2026-01-25 16:40:42
6309,CUST_330,PROD_55,5,2025-12-30 04:25:54
6310,CUST_57,PROD_77,4,2026-01-21 17:03:40
6311,CUST_343,PROD_55,1,2026-01-09 00:45:50
6312,CUST_119,PROD_45,3,2026-01-10 02:08:37
6313,CUST_357,PROD_13,4,2026-01-15 07:57:11
6314,CUST_144,PROD_10,5,2025-12-29 09:09:15
6315,CUST_153,PROD_44,3,2026-01-08 04:59:23
6316,CUST_11,PROD_78,1,2026-01-21 11:48:41
6317,CUST_437,PROD_88,4,2026-01-04 13:16:31
6318,CUST_125,PROD_59,1,2026-01-17 03:13:21
6319,CUST_97,PROD_50,3,2026-01-09 02:45:43
6320,CUST_395,PROD_24,3,2025-12-31 01:39:03
6321,CUST_427,PROD_26,4,2026-01-08 10:17:21
6322,CUST_144,PROD_63,2,2026-01-12 05:58:10
6323,CUST_441,PROD_29,1,2026-01-14 00:17:06
6324,CUST_279,PROD_65,2,2026-01-21 20:46:52
6325,CUST_476,PROD_46,5,2026-01-12 21:07:00
6326,CUST_81,PROD_87,1,2026-01-19 05:35:08
6327,CUST_403,PROD_24,4,2026-01-14 15:24:01
6328,CUST_336,PROD_10,4,2026-01-01 00:36:27
6329,CUST_132,PROD_19,5,2026-01-10 07:45:05
6330,CUST_393,PROD_12,5,2026-01-18 14:05:56
6331,CUST_317,PROD_68,1,2026-01-25 13:16:20
6332,CUST_268,PROD_5,2,2026-01-22 11:55:48
6333,CUST_472,PROD_45,3,2026-01-18 16:51:49
6334,CUST_65,PROD_12,2,2026-01-12 20:08:50
6335,CUST_352,PROD_49,3,2026-01-15 10:15:15
6336,CUST_166,PROD_21,3,2026-01-08 07:40:05
6337,CUST_177,PROD_21,2,2026-01-03 05:58:21
6338,CUST_195,PROD_69,1,2026-01-02 07:04:34
6339,CUST_169,PROD_37,5,2026-01-25 21:55:18
6340,CUST_420,PROD_85,1,2026-01-16 08:35:27
6341,CUST_272,PROD_99,4,2026-01-06 06:53:25
6342,CUST_75,PROD_43,5,2025-12-31 14:17:35
6343,CUST_468,PROD_85,5,2025-12-30 17:09:40
6344,CUST_344,PROD_59,2,2026-01-04 20:24:54
6345,CUST_47,PROD_33,2,2026-01-13 12:08:34
6346,CUST_409,PROD_83,4,2026-01-20 19:23:09
6347,CUST_410,PROD_59,1,2026-01-24 06:25:51
6348,CUST_76,PROD_76,1,2026-01-04 14:02:13
6349,CUST_305,PROD_13,2,2025-12-31 02:10:48
6350,CUST_458,PROD_2,5,2026-01-04 19:11:57
6351,CUST_29,PROD_64,1,2025-12-29 17:05:13
6352,CUST_85,PROD_46,2,2026-01-16 16:12:03
6353,CUST_400,PROD_91,4,2026-01-04 21:02:14
6354,CUST_76,PROD_93,1,2026-01-09 12:38:09
6355,CUST_68,PROD_55,5,2026-01-20 01:53:44
6356,CUST_176,PROD_59,3,2026-01-12 19:45:46
6357,CUST_2,PROD_38,5,2026-01-11 21:25:10
6358,CUST_324,PROD_64,1,2026-01-02 23:38:39
6359,CUST_72,PROD_36,4,2026-01-20 18:21:12
6360,CUST_357,PROD_34,5,2026-01-18 11:13:02
6361,CUST_248,PROD_5,1,2026-01-11 03:20:35
6362,CUST_66,PROD_83,1,2026-01-26 16:00:51
6363,CUST_170,PROD_59,5,2026-01-27 07:52:27
6364,CUST_151,PROD_69,1,2026-01-14 17:58:38
6365,CUST_468,PROD_74,4,2025-12-29 11:37:02
6366,CUST_431,PROD_50,3,2025-12-31 15:37:24
6367,CUST_5,PROD_39,2,2026-01-13 09:39:23
6368,CUST_276,PROD_40,5,2026-01-02 23:24:23
6369,CUST_78,PROD_48,1,2026-01-02 18:01:14
6370,CUST_439,PROD_86,1,2026-01-10 19:33:47
6371,CUST_71,PROD_99,5,2026-01-24 10:02:43
6372,CUST_413,PROD_29,1,2026-01-22 01:00:46
6373,CUST_295,PROD_17,1,2025-12-31 16:01:36
6374,CUST_493,PROD_39,3,2026-01-08 00:09:27
6375,CUST_295,PROD_47,4,2026-01-04 05:50:11
6376,CUST_35,PROD_68,1,2026-01-16 16:02:37
6377,CUST_187,PROD_6,3,2026-01-03 01:11:00
6378,CUST_380,PROD_83,3,2026-01-20 13:31:23
6379,CUST_308,PROD_33,2,2026-01-08 15:05:36
6380,CUST_283,PROD_60,2,2026-01-13 11:55:10
6381,CUST_324,PROD_88,1,2026-01-18 07:43:39
6382,CUST_393,PROD_67,3,2026-01-17 01:15:31
6383,CUST_355,PROD_97,2,2026-01-15 16:44:55
6384,CUST_475,PROD_5,3,2026-01-11 21:06:08
6385,CUST_247,PROD_44,5,2026-01-14 09:10:27
6386,CUST_253,PROD_44,5,2025-12-29 07:49:23
6387,CUST_245,PROD_67,4,2026-01-11 19:29:46
6388,CUST_216,PROD_93,2,2026-01-16 08:12:04
6389,CUST_236,PROD_58,5,2026-01-21 23:10:13
6390,CUST_339,PROD_60,4,2025-12-30 15:31:30
6391,CUST_55,PROD_57,1,2026-01-04 18:00:28
6392,CUST_256,PROD_27,5,2026-01-25 10:22:51
6393,CUST_295,PROD_96,1,2026-01-06 08:18:17
6394,CUST_293,PROD_56,3,2026-01-23 13:11:51
6395,CUST_124,PROD_14,5,2026-01-15 20:09:11
6396,CUST_406,PROD_84,4,2025-12-31 06:59:27
6397,CUST_455,PROD_6,2,2026-01-27 04:49:29
6398,CUST_113,PROD_47,4,2026-01-08 09:02:24
6399,CUST_34,PROD_63,1,2026-01-10 06:27:11
6400,CUST_203,PROD_80,4,2026-01-08 18:08:01
6401,CUST_209,PROD_7,3,2026-01-11 10:32:52
6402,CUST_314,PROD_35,1,2026-01-15 15:39:52
6403,CUST_482,PROD_78,5,2026-01-12 18:39:17
6404,CUST_107,PROD_59,2,2026-01-01 03:31:25
6405,CUST_438,PROD_86,4,2026-01-20 05:21:10
6406,CUST_35,PROD_76,3,2026-01-11 11:30:24
6407,CUST_79,PROD_27,1,2026-01-15 16:12:47
6408,CUST_335,PROD_45,1,2026-01-18 11:22:59
6409,CUST_450,PROD_94,1,2026-01-03 05:57:46
6410,CUST_397,PROD_88,1,2026-01-22 16:30:50
6411,CUST_252,PROD_54,2,2026-01-12 19:04:24
6412,CUST_393,PROD_64,2,2026-01-12 20:32:02
6413,CUST_134,PROD_67,3,2026-01-07 23:33:38
6414,CUST_265,PROD_89,3,2026-01-16 16:37:19
6415,CUST_147,PROD_7,5,2026-01-14 11:05:29
6416,CUST_148,PROD_8,4,2026-01-06 19:42:02
6417,CUST_2,PROD_73,5,2025-12-31 11:34:04
6418,CUST_328,PROD_63,1,2026-01-21 21:53:09
6419,CUST_481,PROD_78,5,2026-01-09 01:09:54
6420,CUST_57,PROD_65,3,2026-01-26 12:22:41
6421,CUST_471,PROD_48,5,2026-01-27 14:02:46
6422,CUST_340,PROD_63,5,2026-01-03 10:08:57
6423,CUST_377,PROD_1,5,2026-01-16 21:41:28
6424,CUST_249,PROD_20,3,2026-01-25 23:01:52
6425,CUST_221,PROD_75,5,2026-01-09 09:18:30
6426,CUST_94,PROD_23,3,2026-01-12 16:31:03
6427,CUST_284,PROD_80,2,2026-01-25 15:57:13
6428,CUST_139,PROD_58,3,2026-01-03 11:11:44
6429,CUST_464,PROD_21,2,2026-01-26 15:56:22
6430,CUST_45,PROD_2,3,2026-01-22 02:09:47
6431,CUST_196,PROD_56,4,2026-01-12 18:53:44
6432,CUST_130,PROD_41,2,2026-01-24 22:25:49
6433,CUST_155,PROD_76,5,2026-01-25 03:15:29
6434,CUST_334,PROD_99,2,2026-01-12 21:17:47
6435,CUST_76,PROD_47,3,2026-01-15 23:41:11
6436,CUST_299,PROD_31,5,2026-01-12 12:45:07
6437,CUST_198,PROD_7,1,2026-01-20 03:23:38
6438,CUST_83,PROD_39,4,2025-12-30 13:35:34
6439,CUST_378,PROD_58,3,2026-01-10 15:00:27
6440,CUST_490,PROD_26,2,2026-01-20 11:16:02
6441,CUST_416,PROD_100,5,2026-01-27 11:26:15
6442,CUST_257,PROD_44,2,2025-12-29 22:17:58
6443,CUST_425,PROD_88,4,2026-01-20 14:53:29
6444,CUST_292,PROD_34,3,2026-01-22 23:08:01
6445,CUST_256,PROD_5,1,2025-12-30 12:39:08
6446,CUST_88,PROD_57,4,2026-01-11 17:40:04
6447,CUST_216,PROD_16,2,2025-12-28 20:06:37
6448,CUST_130,PROD_83,1,2026-01-13 11:43:31
6449,CUST_370,PROD_80,5,2026-01-21 17:02:30
6450,CUST_471,PROD_97,3,2026-01-21 11:06:23
6451,CUST_253,PROD_36,1,2025-12-29 22:08:40
6452,CUST_467,PROD_32,5,2026-01-05 22:18:08
6453,CUST_491,PROD_4,2,2026-01-10 04:54:08
6454,CUST_500,PROD_53,5,2026-01-08 01:49:19
6455,CUST_125,PROD_69,5,2026-01-09 14:04:08
6456,CUST_104,PROD_34,2,2026-01-16 15:35:33
6457,CUST_62,PROD_98,4,2026-01-23 06:53:16
6458,CUST_324,PROD_71,5,2026-01-10 23:48:16
6459,CUST_160,PROD_30,3,2026-01-11 15:57:10
6460,CUST_64,PROD_20,2,2026-01-13 06:48:15
6461,CUST_175,PROD_77,3,2026-01-05 18:57:41
6462,CUST_339,PROD_65,1,2026-01-25 07:30:24
6463,CUST_295,PROD_40,4,2026-01-27 10:26:32
6464,CUST_165,PROD_4,2,2026-01-07 06:14:20
6465,CUST_258,PROD_9,5,2026-01-06 08:39:31
6466,CUST_41,PROD_40,1,2026-01-24 19:53:22
6467,CUST_388,PROD_35,2,2026-01-23 08:43:07
6468,CUST_285,PROD_16,1,2026-01-12 05:57:57
6469,CUST_486,PROD_62,1,2025-12-29 17:06:49
6470,CUST_281,PROD_18,1,2026-01-09 16:47:58
6471,CUST_18,PROD_53,3,2026-01-23 03:08:44
6472,CUST_413,PROD_100,4,2025-12-29 09:57:47
6473,CUST_319,PROD_65,1,2026-01-06 09:33:22
6474,CUST_269,PROD_33,4,2026-01-07 23:58:14
6475,CUST_412,PROD_26,2,2026-01-24 04:59:11
6476,CUST_356,PROD_10,3,2026-01-18 12:02:10
6477,CUST_263,PROD_42,3,2026-01-03 05:05:53
6478,CUST_201,PROD_99,2,2026-01-25 05:01:15
6479,CUST_329,PROD_23,5,2026-01-25 04:12:12
6480,CUST_343,PROD_38,5,2026-01-08 18:05:17
6481,CUST_20,PROD_88,4,2026-01-02 00:12:07
6482,CUST_12,PROD_31,2,2026-01-02 15:49:18
6483,CUST_498,PROD_49,2,2026-01-01 20:15:55
6484,CUST_492,PROD_77,4,2025-12-29 18:17:18
6485,CUST_454,PROD_16,3,2025-12-29 02:12:05
6486,CUST_333,PROD_40,4,2026-01-22 05:59:13
6487,CUST_478,PROD_85,3,2026-01-03 03:16:52
6488,CUST_88,PROD_100,2,2026-01-26 10:22:44
6489,CUST_51,PROD_56,4,2026-01-24 08:34:39
6490,CUST_298,PROD_84,2,2026-01-04 10:13:03
6491,CUST_330,PROD_25,3,2026-01-17 07:25:02
6492,CUST_410,PROD_70,3,2026-01-15 01:09:54
6493,CUST_49,PROD_99,5,2026-01-05 10:35:51
6494,CUST_292,PROD_21,2,2026-01-10 14:20:13
6495,CUST_106,PROD_94,5,2026-01-11 16:44:34
6496,CUST_483,PROD_44,3,2026-01-16 09:02:57
6497,CUST_156,PROD_36,4,2026-01-05 12:31:22
6498,CUST_497,PROD_41,5,2026-01-25 06:12:51
6499,CUST_33,PROD_6,1,2026-01-13 16:27:24
6500,CUST_365,PROD_49,1,2025-12-30 06:41:36
6501,CUST_97,PROD_25,3,2026-01-08 22:51:24
6502,CUST_82,PROD_52,5,2026-01-25 08:35:51
6503,CUST_292,PROD_67,3,2026-01-10 23:33:41
6504,CUST_202,PROD_18,3,2026-01-09 07:47:51
6505,CUST_303,PROD_61,4,2026-01-26 06:57:59
6506,CUST_248,PROD_34,5,2026-01-24 18:13:15
6507,CUST_129,PROD_14,4,2026-01-14 12:58:24
6508,CUST_473,PROD_54,2,2026-01-06 21:46:27
6509,CUST_42,PROD_22,3,2026-01-10 08:13:56
6510,CUST_495,PROD_84,1,2026-01-09 16:11:35
6511,CUST_329,PROD_11,5,2026-01-19 03:51:50
6512,CUST_80,PROD_68,3,2026-01-17 15:02:30
6513,CUST_141,PROD_23,1,2026-01-23 18:01:33
6514,CUST_385,PROD_90,5,2026-01-13 23:19:49
6515,CUST_15,PROD_60,3,2026-01-09 18:30:58
6516,CUST_110,PROD_58,2,2026-01-08 23:35:27
6517,CUST_123,PROD_94,2,2026-01-17 06:11:24
6518,CUST_251,PROD_57,3,2026-01-09 19:51:15
6519,CUST_329,PROD_91,1,2026-01-06 21:43:37
6520,CUST_236,PROD_19,1,2026-01-01 10:34:50
6521,CUST_237,PROD_44,4,2026-01-18 14:48:22
6522,CUST_480,PROD_54,4,2026-01-19 21:28:59
6523,CUST_368,PROD_1,1,2026-01-14 21:18:26
6524,CUST_277,PROD_71,4,2026-01-04 01:51:55
6525,CUST_173,PROD_97,4,2025-12-29 16:41:07
6526,CUST_185,PROD_100,1,2026-01-16 15:17:32
6527,CUST_251,PROD_37,5,2026-01-22 14:46:15
6528,CUST_388,PROD_61,3,2026-01-09 22:14:34
6529,CUST_310,PROD_57,2,2026-01-03 10:55:33
6530,CUST_218,PROD_56,4,2025-12-29 16:21:42
6531,CUST_123,PROD_70,1,2026-01-06 19:42:26
6532,CUST_90,PROD_44,3,2026-01-24 07:36:29
6533,CUST_500,PROD_69,5,2026-01-17 21:20:46
6534,CUST_443,PROD_21,5,2026-01-02 06:11:35
6535,CUST_439,PROD_71,5,2026-01-02 07:27:32
6536,CUST_40,PROD_16,3,2026-01-23 05:58:38
6537,CUST_234,PROD_32,1,2026-01-04 05:47:27
6538,CUST_468,PROD_33,1,2026-01-02 23:38:12
6539,CUST_259,PROD_94,1,2026-01-03 15:19:19
6540,CUST_260,PROD_34,5,2026-01-15 08:53:36
6541,CUST_2,PROD_7,2,2026-01-03 00:42:39
6542,CUST_373,PROD_42,4,2025-12-30 14:30:21
6543,CUST_97,PROD_96,4,2026-01-21 08:21:52
6544,CUST_235,PROD_98,2,2026-01-04 01:07:36
6545,CUST_310,PROD_94,2,2026-01-12 23:29:26
6546,CUST_35,PROD_44,1,2026-01-27 16:36:33
6547,CUST_362,PROD_18,1,2026-01-12 19:11:11
6548,CUST_83,PROD_4,3,2025-12-31 00:17:16
6549,CUST_9,PROD_19,2,2026-01-10 07:49:57
6550,CUST_220,PROD_69,1,2026-01-16 21:44:19
6551,CUST_291,PROD_91,1,2026-01-20 13:27:29
6552,CUST_160,PROD_3,4,2026-01-01 20:05:52
6553,CUST_64,PROD_7,1,2026-01-05 13:16:36
6554,CUST_151,PROD_18,4,2026-01-04 11:48:31
6555,CUST_333,PROD_75,3,2026-01-11 15:50:23
6556,CUST_422,PROD_88,3,2026-01-09 16:41:42
6557,CUST_133,PROD_50,1,2026-01-03 01:14:06
6558,CUST_291,PROD_24,3,2025-12-29 10:54:09
6559,CUST_101,PROD_11,3,2026-01-24 18:10:31
6560,CUST_349,PROD_3,1,2026-01-02 01:04:50
6561,CUST_304,PROD_29,5,2026-01-22 02:48:32
6562,CUST_114,PROD_11,3,2026-01-26 05:07:59
6563,CUST_78,PROD_99,4,2026-01-01 02:21:09
6564,CUST_3,PROD_89,4,2026-01-06 20:24:45
6565,CUST_205,PROD_34,3,2026-01-04 16:08:08
6566,CUST_282,PROD_31,2,2026-01-03 07:14:30
6567,CUST_121,PROD_39,4,2026-01-05 05:57:42
6568,CUST_185,PROD_85,5,2026-01-07 09:29:31
6569,CUST_354,PROD_31,5,2026-01-23 07:30:27
6570,CUST_55,PROD_51,5,2026-01-09 03:08:33
6571,CUST_171,PROD_29,5,2026-01-10 01:49:53
6572,CUST_312,PROD_18,2,2025-12-30 01:49:26
6573,CUST_76,PROD_20,4,2026-01-26 19:26:59
6574,CUST_496,PROD_15,4,2025-12-28 18:49:16
6575,CUST_212,PROD_39,2,2025-12-29 22:52:26
6576,CUST_18,PROD_17,2,2026-01-12 07:17:30
6577,CUST_6,PROD_74,2,2026-01-20 11:27:32
6578,CUST_106,PROD_42,5,2026-01-11 01:35:13
6579,CUST_16,PROD_56,2,2026-01-06 09:21:49
6580,CUST_275,PROD_13,5,2026-01-25 07:09:07
6581,CUST_141,PROD_5,1,2026-01-13 17:34:20
6582,CUST_353,PROD_21,2,2026-01-24 04:25:53
6583,CUST_455,PROD_68,2,2026-01-23 15:44:45
6584,CUST_338,PROD_25,2,2026-01-18 11:23:21
6585,CUST_399,PROD_33,4,2026-01-15 02:18:26
6586,CUST_41,PROD_98,5,2025-12-29 09:56:18
6587,CUST_435,PROD_92,2,2026-01-18 08:46:50
6588,CUST_10,PROD_75,5,2026-01-01 07:53:19
6589,CUST_396,PROD_83,2,2026-01-01 16:07:27
6590,CUST_421,PROD_22,2,2026-01-08 06:24:52
6591,CUST_423,PROD_46,2,2026-01-06 10:49:53
6592,CUST_392,PROD_56,5,2026-01-02 08:42:46
6593,CUST_156,PROD_75,5,2026-01-12 06:27:25
6594,CUST_361,PROD_37,2,2026-01-22 19:51:27
6595,CUST_63,PROD_53,3,2026-01-08 04:36:36
6596,CUST_185,PROD_7,5,2026-01-15 02:23:37
6597,CUST_323,PROD_30,1,2026-01-26 15:48:14
6598,CUST_403,PROD_22,4,2026-01-04 19:11:58
6599,CUST_91,PROD_32,5,2026-01-11 16:49:56
6600,CUST_219,PROD_33,1,2025-12-29 01:26:15
6601,CUST_398,PROD_1,1,2026-01-25 02:26:40
6602,CUST_377,PROD_73,1,2026-01-22 22:44:06
6603,CUST_14,PROD_77,3,2026-01-25 23:29:40
6604,CUST_307,PROD_18,3,2026-01-07 22:27:25
6605,CUST_314,PROD_96,4,2026-01-03 04:50:18
6606,CUST_22,PROD_52,5,2025-12-29 20:40:41
6607,CUST_138,PROD_20,3,2026-01-18 19:05:50
6608,CUST_137,PROD_4,3,2026-01-25 00:55:44
6609,CUST_243,PROD_24,5,2026-01-23 20:54:43
6610,CUST_283,PROD_47,1,2026-01-11 02:50:09
6611,CUST_36,PROD_99,3,2026-01-07 07:28:10
6612,CUST_76,PROD_43,2,2026-01-18 02:53:03
6613,CUST_56,PROD_72,2,2026-01-12 05:04:42
6614,CUST_161,PROD_19,5,2026-01-13 02:47:38
6615,CUST_77,PROD_56,2,2026-01-20 22:23:02
6616,CUST_148,PROD_53,5,2026-01-13 18:24:59
6617,CUST_304,PROD_91,3,2026-01-01 11:02:18
6618,CUST_358,PROD_23,2,2025-12-31 10:52:15
6619,CUST_131,PROD_75,4,2025-12-28 22:12:29
6620,CUST_117,PROD_26,3,2026-01-11 23:36:15
6621,CUST_312,PROD_14,3,2026-01-25 09:24:50
6622,CUST_437,PROD_44,1,2026-01-23 05:15:00
6623,CUST_405,PROD_72,3,2026-01-10 16:55:09
6624,CUST_199,PROD_59,3,2026-01-20 11:10:02
6625,CUST_164,PROD_97,3,2026-01-06 20:10:07
6626,CUST_191,PROD_32,5,2026-01-19 21:19:17
6627,CUST_426,PROD_28,5,2026-01-06 04:42:08
6628,CUST_476,PROD_21,3,2026-01-14 13:51:20
6629,CUST_200,PROD_32,3,2026-01-11 10:51:18
6630,CUST_34,PROD_33,1,2026-01-23 01:37:40
6631,CUST_443,PROD_9,5,2026-01-24 13:17:30
6632,CUST_435,PROD_1,4,2026-01-12 08:03:21
6633,CUST_354,PROD_90,5,2026-01-06 08:58:03
6634,CUST_125,PROD_20,3,2026-01-27 08:04:33
6635,CUST_48,PROD_97,2,2026-01-01 15:06:15
6636,CUST_104,PROD_48,1,2026-01-07 07:55:10
6637,CUST_126,PROD_84,3,2026-01-06 01:28:02
6638,CUST_46,PROD_61,3,2026-01-06 20:04:20
6639,CUST_424,PROD_8,3,2026-01-04 18:24:36
6640,CUST_311,PROD_18,4,2026-01-25 12:34:19
6641,CUST_86,PROD_84,5,2026-01-20 18:19:35
6642,CUST_4,PROD_6,4,2026-01-18 22:16:24
6643,CUST_40,PROD_37,3,2026-01-19 06:33:37
6644,CUST_380,PROD_56,4,2026-01-22 01:28:21
6645,CUST_253,PROD_78,4,2026-01-02 10:19:20
6646,CUST_52,PROD_38,5,2026-01-18 19:41:26
6647,CUST_391,PROD_3,4,2026-01-26 09:40:02
6648,CUST_230,PROD_3,1,2026-01-18 14:02:27
6649,CUST_206,PROD_83,5,2025-12-30 04:31:51
6650,CUST_117,PROD_57,1,2026-01-23 12:08:06
6651,CUST_430,PROD_8,3,2025-12-29 08:35:44
6652,CUST_230,PROD_64,3,2026-01-02 00:55:38
6653,CUST_482,PROD_20,2,2026-01-21 08:48:58
6654,CUST_164,PROD_92,3,2026-01-12 20:28:15
6655,CUST_202,PROD_40,2,2026-01-03 08:32:48
6656,CUST_10,PROD_57,2,2026-01-14 19:26:14
6657,CUST_56,PROD_55,5,2026-01-03 22:53:13
6658,CUST_228,PROD_47,4,2026-01-21 12:40:19
6659,CUST_393,PROD_6,3,2026-01-05 09:11:57
6660,CUST_237,PROD_76,2,2026-01-11 15:55:05
6661,CUST_217,PROD_46,4,2026-01-23 01:36:20
6662,CUST_369,PROD_19,1,2026-01-01 19:13:59
6663,CUST_260,PROD_30,5,2025-12-28 22:30:39
6664,CUST_351,PROD_66,1,2026-01-22 07:21:04
6665,CUST_251,PROD_85,1,2026-01-25 20:36:47
6666,CUST_258,PROD_64,1,2026-01-12 00:21:40
6667,CUST_60,PROD_40,1,2026-01-10 01:26:29
6668,CUST_162,PROD_68,2,2026-01-14 13:34:08
6669,CUST_86,PROD_90,4,2026-01-21 13:21:01
6670,CUST_270,PROD_3,5,2026-01-11 10:07:15
6671,CUST_325,PROD_88,4,2026-01-16 21:07:56
6672,CUST_424,PROD_13,5,2026-01-16 02:49:23
6673,CUST_363,PROD_72,2,2026-01-20 18:44:29
6674,CUST_336,PROD_55,5,2026-01-01 17:44:00
6675,CUST_291,PROD_62,5,2026-01-08 20:46:39
6676,CUST_488,PROD_26,1,2026-01-13 15:40:56
6677,CUST_155,PROD_70,1,2026-01-21 08:19:40
6678,CUST_413,PROD_99,1,2026-01-11 16:10:02
6679,CUST_394,PROD_48,4,2026-01-14 13:57:05
6680,CUST_79,PROD_58,5,2026-01-10 18:44:10
6681,CUST_322,PROD_22,2,2026-01-22 12:22:02
6682,CUST_411,PROD_63,1,2026-01-13 04:59:36
6683,CUST_57,PROD_25,1,2026-01-27 08:46:07
6684,CUST_378,PROD_41,1,2026-01-10 12:31:28
6685,CUST_101,PROD_1,3,2026-01-12 21:57:12
6686,CUST_396,PROD_86,4,2026-01-21 17:01:21
6687,CUST_374,PROD_20,3,2026-01-11 20:12:54
6688,CUST_495,PROD_57,5,2026-01-20 01:07:55
6689,CUST_386,PROD_23,3,2025-12-29 02:13:17
6690,CUST_466,PROD_67,4,2025-12-31 07:31:43
6691,CUST_152,PROD_91,5,2025-12-28 20:38:42
6692,CUST_404,PROD_58,4,2026-01-01 07:22:33
6693,CUST_493,PROD_77,2,2026-01-20 09:38:07
6694,CUST_214,PROD_49,5,2026-01-03 22:45:34
6695,CUST_164,PROD_96,2,2026-01-05 03:47:49
6696,CUST_178,PROD_64,5,2026-01-01 08:10:15
6697,CUST_79,PROD_64,1,2026-01-24 02:56:51
6698,CUST_79,PROD_96,4,2026-01-25 11:01:18
6699,CUST_248,PROD_64,5,2026-01-22 21:45:56
6700,CUST_73,PROD_75,5,2026-01-18 23:55:19
6701,CUST_139,PROD_33,4,2026-01-17 13:04:40
6702,CUST_158,PROD_67,4,2026-01-23 17:20:15
6703,CUST_48,PROD_70,2,2026-01-27 13:37:33
6704,CUST_119,PROD_100,2,2026-01-18 13:00:10
6705,CUST_403,PROD_79,1,2026-01-10 23:19:30
6706,CUST_350,PROD_26,2,2026-01-08 10:44:40
6707,CUST_270,PROD_53,4,2026-01-10 17:47:12
6708,CUST_368,PROD_27,2,2026-01-17 10:12:08
6709,CUST_245,PROD_93,2,2026-01-08 14:49:56
6710,CUST_327,PROD_69,2,2025-12-30 16:55:38
6711,CUST_276,PROD_84,5,2026-01-08 08:31:18
6712,CUST_135,PROD_10,1,2026-01-14 17:36:48
6713,CUST_495,PROD_80,4,2026-01-03 07:32:21
6714,CUST_499,PROD_7,2,2026-01-10 09:12:57
6715,CUST_211,PROD_86,4,2026-01-10 00:59:28
6716,CUST_168,PROD_22,4,2026-01-23 22:48:51
6717,CUST_463,PROD_79,2,2026-01-24 13:03:32
6718,CUST_63,PROD_36,1,2025-12-30 10:13:58
6719,CUST_151,PROD_56,5,2026-01-10 18:34:39
6720,CUST_86,PROD_92,2,2026-01-02 02:00:10
6721,CUST_232,PROD_20,5,2026-01-14 04:00:01
6722,CUST_62,PROD_17,3,2026-01-03 15:59:38
6723,CUST_410,PROD_20,5,2026-01-25 18:07:51
6724,CUST_77,PROD_2,4,2026-01-02 23:53:40
6725,CUST_417,PROD_26,2,2026-01-23 12:21:20
6726,CUST_119,PROD_64,1,2026-01-14 07:12:43
6727,CUST_255,PROD_43,3,2026-01-05 23:45:12
6728,CUST_41,PROD_17,5,2026-01-06 07:57:59
6729,CUST_376,PROD_92,2,2026-01-25 18:17:18
6730,CUST_222,PROD_36,4,2026-01-17 11:41:23
6731,CUST_175,PROD_63,4,2026-01-09 09:26:53
6732,CUST_150,PROD_93,5,2026-01-22 07:33:25
6733,CUST_334,PROD_52,4,2026-01-01 12:11:58
6734,CUST_471,PROD_51,2,2026-01-14 00:51:07
6735,CUST_218,PROD_64,2,2026-01-06 19:09:11
6736,CUST_80,PROD_82,4,2025-12-29 22:31:03
6737,CUST_461,PROD_92,5,2026-01-20 15:04:31
6738,CUST_101,PROD_29,2,2026-01-03 09:03:18
6739,CUST_31,PROD_22,5,2026-01-24 13:00:29
6740,CUST_354,PROD_73,2,2026-01-12 23:31:36
6741,CUST_490,PROD_3,3,2026-01-11 17:15:01
6742,CUST_34,PROD_65,5,2026-01-19 00:20:10
6743,CUST_88,PROD_70,5,2026-01-25 10:56:23
6744,CUST_350,PROD_49,1,2026-01-21 12:56:07
6745,CUST_20,PROD_89,1,2026-01-20 00:32:23
6746,CUST_325,PROD_20,4,2025-12-30 20:30:13
6747,CUST_360,PROD_69,5,2026-01-18 07:15:33
6748,CUST_344,PROD_3,1,2026-01-02 02:32:02
6749,CUST_343,PROD_33,4,2026-01-26 19:45:36
6750,CUST_4,PROD_97,5,2026-01-12 16:00:58
6751,CUST_47,PROD_81,1,2025-12-29 20:41:49
6752,CUST_29,PROD_3,1,2026-01-04 15:11:06
6753,CUST_488,PROD_54,2,2026-01-13 06:02:25
6754,CUST_426,PROD_26,1,2026-01-14 20:03:41
6755,CUST_396,PROD_67,4,2026-01-13 21:53:32
6756,CUST_78,PROD_9,5,2026-01-06 15:14:04
6757,CUST_144,PROD_40,4,2026-01-07 17:34:22
6758,CUST_442,PROD_42,1,2026-01-20 04:23:09
6759,CUST_431,PROD_63,4,2026-01-19 11:44:19
6760,CUST_166,PROD_6,2,2026-01-02 05:30:07
6761,CUST_445,PROD_79,1,2025-12-30 13:03:26
6762,CUST_133,PROD_14,5,2026-01-17 14:50:26
6763,CUST_425,PROD_13,3,2026-01-06 17:41:02
6764,CUST_100,PROD_62,1,2026-01-10 07:15:15
6765,CUST_322,PROD_73,4,2026-01-22 19:08:21
6766,CUST_203,PROD_23,3,2026-01-19 11:19:18
6767,CUST_456,PROD_6,4,2025-12-29 20:09:04
6768,CUST_146,PROD_78,5,2026-01-13 12:11:46
6769,CUST_151,PROD_39,5,2026-01-25 19:15:01
6770,CUST_61,PROD_55,4,2026-01-19 16:21:47
6771,CUST_493,PROD_62,4,2026-01-06 10:27:24
6772,CUST_463,PROD_88,4,2026-01-25 16:13:56
6773,CUST_168,PROD_49,2,2026-01-09 06:24:51
6774,CUST_78,PROD_19,5,2026-01-22 19:29:24
6775,CUST_436,PROD_31,2,2026-01-03 09:59:34
6776,CUST_462,PROD_4,3,2025-12-31 14:02:51
6777,CUST_240,PROD_12,2,2025-12-30 18:47:42
6778,CUST_109,PROD_43,1,2026-01-19 19:19:12
6779,CUST_294,PROD_34,4,2025-12-29 16:37:56
6780,CUST_66,PROD_67,3,2026-01-07 18:26:29
6781,CUST_475,PROD_79,4,2026-01-20 19:52:58
6782,CUST_331,PROD_43,1,2026-01-05 07:49:57
6783,CUST_86,PROD_95,4,2026-01-26 09:25:36
6784,CUST_199,PROD_83,2,2026-01-05 07:24:41
6785,CUST_346,PROD_73,1,2026-01-13 23:02:35
6786,CUST_134,PROD_31,4,2026-01-19 21:04:59
6787,CUST_317,PROD_20,2,2026-01-26 00:32:53
6788,CUST_204,PROD_17,2,2026-01-22 13:27:53
6789,CUST_336,PROD_8,4,2026-01-15 17:31:51
6790,CUST_446,PROD_10,1,2026-01-16 05:39:36
6791,CUST_362,PROD_42,2,2026-01-09 21:46:22
6792,CUST_381,PROD_8,2,2026-01-21 19:07:19
6793,CUST_225,PROD_21,5,2026-01-11 20:35:46
6794,CUST_256,PROD_99,3,2026-01-18 11:33:16
6795,CUST_220,PROD_45,1,2026-01-01 06:48:05
6796,CUST_252,PROD_34,5,2026-01-20 06:23:34
6797,CUST_483,PROD_75,2,2026-01-21 18:29:57
6798,CUST_350,PROD_19,4,2025-12-29 20:35:39
6799,CUST_54,PROD_26,3,2025-12-29 09:57:35
6800,CUST_14,PROD_63,3,2026-01-10 02:03:48
6801,CUST_200,PROD_86,4,2026-01-03 10:18:50
6802,CUST_136,PROD_6,5,2026-01-22 08:33:17
6803,CUST_135,PROD_47,5,2026-01-26 01:57:31
6804,CUST_431,PROD_97,3,2025-12-30 01:50:21
6805,CUST_263,PROD_60,2,2026-01-07 09:44:28
6806,CUST_430,PROD_36,3,2026-01-02 18:25:08
6807,CUST_318,PROD_38,4,2026-01-19 13:44:15
6808,CUST_74,PROD_76,5,2026-01-16 03:04:42
6809,CUST_436,PROD_39,3,2026-01-09 00:14:56
6810,CUST_279,PROD_60,3,2026-01-13 14:07:00
6811,CUST_40,PROD_80,2,2026-01-06 17:04:43
6812,CUST_114,PROD_54,1,2026-01-22 16:46:31
6813,CUST_87,PROD_72,5,2026-01-13 23:40:02
6814,CUST_195,PROD_72,2,2026-01-09 20:51:11
6815,CUST_345,PROD_7,5,2026-01-05 08:13:53
6816,CUST_11,PROD_92,3,2026-01-05 13:16:23
6817,CUST_167,PROD_73,1,2026-01-24 14:02:42
6818,CUST_201,PROD_50,3,2026-01-18 05:15:23
6819,CUST_156,PROD_12,3,2026-01-04 08:48:34
6820,CUST_62,PROD_45,4,2026-01-24 12:41:10
6821,CUST_414,PROD_36,1,2026-01-26 08:47:29
6822,CUST_44,PROD_39,5,2026-01-25 19:40:31
6823,CUST_175,PROD_27,3,2026-01-07 06:02:22
6824,CUST_136,PROD_60,2,2026-01-23 10:27:18
6825,CUST_386,PROD_84,5,2026-01-24 13:24:08
6826,CUST_125,PROD_14,2,2026-01-10 10:48:10
6827,CUST_344,PROD_92,3,2026-01-16 17:36:51
6828,CUST_201,PROD_86,4,2026-01-27 07:35:26
6829,CUST_57,PROD_67,2,2026-01-27 17:10:40
6830,CUST_353,PROD_59,5,2026-01-23 19:59:20
6831,CUST_338,PROD_56,2,2026-01-07 08:48:16
6832,CUST_477,PROD_51,1,2026-01-18 00:57:53
6833,CUST_341,PROD_75,3,2026-01-16 15:40:30
6834,CUST_67,PROD_6,1,2026-01-13 07:27:57
6835,CUST_84,PROD_11,3,2026-01-01 21:10:48
6836,CUST_442,PROD_3,2,2026-01-20 01:29:53
6837,CUST_55,PROD_87,5,2026-01-14 07:32:06
6838,CUST_420,PROD_41,2,2026-01-17 20:34:28
6839,CUST_362,PROD_74,1,2026-01-23 11:21:12
6840,CUST_298,PROD_84,5,2026-01-07 17:23:29
6841,CUST_427,PROD_71,3,2025-12-31 11:52:59
6842,CUST_169,PROD_70,4,2026-01-15 21:39:57
6843,CUST_14,PROD_29,2,2026-01-08 21:57:45
6844,CUST_213,PROD_51,4,2026-01-09 00:18:16
6845,CUST_129,PROD_82,3,2025-12-31 00:46:52
6846,CUST_312,PROD_30,4,2026-01-18 10:31:00
6847,CUST_425,PROD_13,5,2025-12-31 06:29:18
6848,CUST_136,PROD_4,4,2026-01-26 23:15:36
6849,CUST_466,PROD_74,1,2026-01-20 17:00:29
6850,CUST_288,PROD_97,5,2026-01-22 11:36:17
6851,CUST_352,PROD_98,3,2026-01-10 08:11:50
6852,CUST_116,PROD_41,3,2026-01-10 23:19:37
6853,CUST_303,PROD_24,3,2026-01-12 10:12:03
6854,CUST_38,PROD_37,5,2026-01-20 22:41:56
6855,CUST_124,PROD_12,4,2025-12-30 05:01:53
6856,CUST_202,PROD_40,4,2026-01-19 19:17:38
6857,CUST_118,PROD_80,3,2025-12-29 07:03:41
6858,CUST_454,PROD_26,3,2026-01-04 12:19:56
6859,CUST_167,PROD_61,2,2025-12-29 07:21:20
6860,CUST_309,PROD_66,3,2026-01-20 10:38:24
6861,CUST_296,PROD_85,5,2026-01-04 08:07:11
6862,CUST_197,PROD_4,3,2026-01-25 01:29:21
6863,CUST_398,PROD_87,5,2026-01-22 19:27:24
6864,CUST_311,PROD_74,3,2025-12-30 19:55:22
6865,CUST_27,PROD_37,2,2026-01-27 11:16:23
6866,CUST_156,PROD_49,2,2025-12-28 19:13:38
6867,CUST_309,PROD_60,2,2026-01-15 14:29:21
6868,CUST_166,PROD_75,4,2025-12-29 00:05:12
6869,CUST_80,PROD_40,4,2026-01-16 02:11:37
6870,CUST_310,PROD_68,1,2026-01-17 19:37:27
6871,CUST_474,PROD_79,4,2026-01-19 13:09:48
6872,CUST_23,PROD_62,3,2026-01-20 09:13:45
6873,CUST_209,PROD_52,3,2026-01-14 15:10:02
6874,CUST_44,PROD_89,1,2026-01-10 11:18:08
6875,CUST_227,PROD_64,1,2026-01-19 07:42:42
6876,CUST_295,PROD_64,4,2026-01-20 18:10:57
6877,CUST_485,PROD_68,3,2026-01-06 14:11:00
6878,CUST_407,PROD_70,3,2026-01-14 16:54:21
6879,CUST_311,PROD_47,1,2026-01-11 02:43:04
6880,CUST_287,PROD_93,1,2026-01-03 00:41:51
6881,CUST_227,PROD_10,5,2026-01-16 13:35:53
6882,CUST_269,PROD_37,5,2026-01-09 11:49:03
6883,CUST_166,PROD_7,4,2026-01-15 06:17:12
6884,CUST_229,PROD_66,3,2025-12-31 09:37:39
6885,CUST_192,PROD_55,1,2026-01-11 14:13:20
6886,CUST_75,PROD_84,5,2026-01-10 07:59:06
6887,CUST_218,PROD_89,4,2026-01-11 10:51:12
6888,CUST_364,PROD_80,5,2026-01-22 18:20:10
6889,CUST_16,PROD_35,3,2026-01-10 13:53:21
6890,CUST_179,PROD_16,5,2026-01-09 17:27:23
6891,CUST_1,PROD_93,4,2026-01-11 16:44:17
6892,CUST_87,PROD_92,2,2026-01-27 00:26:35
6893,CUST_237,PROD_81,4,2026-01-15 04:12:22
6894,CUST_377,PROD_89,2,2026-01-07 17:31:06
6895,CUST_160,PROD_23,4,2026-01-18 19:08:33
6896,CUST_465,PROD_41,2,2025-12-31 13:33:18
6897,CUST_317,PROD_94,2,2026-01-15 20:20:43
6898,CUST_438,PROD_78,5,2026-01-22 19:31:51
6899,CUST_423,PROD_41,4,2026-01-03 08:36:08
6900,CUST_192,PROD_4,5,2026-01-08 07:08:02
6901,CUST_321,PROD_76,5,2026-01-25 17:54:58
6902,CUST_413,PROD_34,4,2026-01-15 00:30:32
6903,CUST_486,PROD_51,5,2026-01-24 15:27:59
6904,CUST_109,PROD_16,1,2026-01-11 19:42:30
6905,CUST_66,PROD_58,2,2026-01-23 20:30:32
6906,CUST_479,PROD_35,5,2026-01-20 02:22:59
6907,CUST_101,PROD_42,1,2026-01-21 16:50:13
6908,CUST_36,PROD_47,1,2026-01-13 09:43:57
6909,CUST_38,PROD_64,5,2026-01-10 04:02:58
6910,CUST_439,PROD_56,1,2025-12-31 19:56:33
6911,CUST_417,PROD_27,2,2025-12-31 10:44:45
6912,CUST_401,PROD_7,2,2026-01-15 00:38:34
6913,CUST_152,PROD_3,1,2025-12-29 02:12:23
6914,CUST_206,PROD_57,2,2026-01-19 20:01:46
6915,CUST_49,PROD_35,4,2026-01-11 08:03:41
6916,CUST_380,PROD_59,1,2026-01-18 22:36:13
6917,CUST_379,PROD_78,5,2026-01-05 10:44:07
6918,CUST_83,PROD_78,3,2026-01-08 19:01:42
6919,CUST_407,PROD_6,2,2026-01-17 00:24:52
6920,CUST_428,PROD_86,4,2025-12-31 06:20:07
6921,CUST_497,PROD_9,1,2026-01-03 17:51:16
6922,CUST_181,PROD_55,5,2026-01-23 15:12:36
6923,CUST_453,PROD_54,4,2026-01-17 14:41:44
6924,CUST_453,PROD_61,2,2026-01-06 00:54:42
6925,CUST_192,PROD_78,1,2026-01-26 22:12:29
6926,CUST_264,PROD_36,4,2026-01-05 02:22:18
6927,CUST_224,PROD_87,4,2026-01-17 00:44:54
6928,CUST_183,PROD_82,5,2026-01-07 00:38:59
6929,CUST_459,PROD_96,1,2026-01-16 09:02:08
6930,CUST_53,PROD_2,2,2026-01-09 21:34:50
6931,CUST_243,PROD_66,5,2026-01-17 23:37:41
6932,CUST_10,PROD_16,3,2026-01-15 18:36:11
6933,CUST_6,PROD_96,3,2026-01-22 19:24:43
6934,CUST_298,PROD_5,4,2026-01-01 22:21:44
6935,CUST_330,PROD_53,3,2026-01-25 10:08:35
6936,CUST_17,PROD_11,5,2026-01-07 20:39:01
6937,CUST_364,PROD_41,3,2026-01-27 13:50:55
6938,CUST_494,PROD_19,2,2026-01-15 11:01:48
6939,CUST_187,PROD_88,3,2025-12-29 16:03:06
6940,CUST_19,PROD_60,1,2026-01-14 03:40:17
6941,CUST_406,PROD_12,2,2026-01-08 18:14:08
6942,CUST_105,PROD_40,1,2026-01-01 00:10:43
6943,CUST_360,PROD_4,4,2026-01-17 06:26:30
6944,CUST_481,PROD_79,1,2026-01-23 03:11:24
6945,CUST_173,PROD_57,4,2026-01-22 08:36:30
6946,CUST_69,PROD_72,3,2026-01-23 13:46:22
6947,CUST_313,PROD_34,4,2026-01-17 09:21:38
6948,CUST_173,PROD_34,4,2026-01-24 14:31:13
6949,CUST_455,PROD_30,1,2026-01-26 04:35:53
6950,CUST_18,PROD_75,2,2026-01-14 11:02:11
6951,CUST_284,PROD_89,3,2026-01-02 08:31:31
6952,CUST_283,PROD_85,5,2026-01-06 02:29:42
6953,CUST_68,PROD_88,4,2026-01-11 14:43:01
6954,CUST_390,PROD_75,3,2026-01-23 02:34:03
6955,CUST_312,PROD_83,1,2026-01-03 14:36:08
6956,CUST_220,PROD_75,2,2026-01-11 05:35:45
6957,CUST_464,PROD_93,1,2026-01-15 06:34:21
6958,CUST_325,PROD_99,4,2026-01-16 03:41:05
6959,CUST_371,PROD_39,3,2026-01-10 00:25:33
6960,CUST_79,PROD_60,5,2026-01-14 17:15:45
6961,CUST_465,PROD_47,4,2025-12-29 11:52:42
6962,CUST_227,PROD_6,3,2026-01-20 11:20:35
6963,CUST_19,PROD_31,5,2026-01-01 21:39:18
6964,CUST_6,PROD_46,4,2026-01-25 15:02:02
6965,CUST_457,PROD_41,5,2026-01-07 08:11:29
6966,CUST_236,PROD_88,5,2026-01-26 06:35:21
6967,CUST_291,PROD_88,4,2026-01-15 02:51:27
6968,CUST_9,PROD_55,2,2026-01-15 09:14:14
6969,CUST_17,PROD_7,5,2026-01-03 21:48:52
6970,CUST_228,PROD_81,1,2026-01-23 20:12:56
6971,CUST_390,PROD_21,3,2026-01-01 10:09:36
6972,CUST_259,PROD_60,5,2026-01-06 08:33:23
6973,CUST_399,PROD_17,2,2026-01-06 14:26:42
6974,CUST_131,PROD_18,4,2025-12-29 05:35:29
6975,CUST_438,PROD_21,5,2026-01-05 10:10:16
6976,CUST_268,PROD_1,4,2026-01-13 22:31:15
6977,CUST_175,PROD_63,1,2026-01-19 10:07:48
6978,CUST_398,PROD_21,3,2026-01-16 23:19:27
6979,CUST_119,PROD_93,1,2026-01-07 03:24:10
6980,CUST_486,PROD_7,1,2025-12-30 07:22:03
6981,CUST_483,PROD_42,2,2026-01-11 15:41:21
6982,CUST_454,PROD_83,3,2026-01-12 22:32:03
6983,CUST_159,PROD_53,2,2026-01-03 13:35:29
6984,CUST_61,PROD_74,3,2026-01-27 02:58:18
6985,CUST_49,PROD_15,2,2025-12-31 04:16:58
6986,CUST_423,PROD_45,3,2026-01-18 15:28:08
6987,CUST_122,PROD_67,4,2026-01-13 10:01:26
6988,CUST_342,PROD_84,3,2026-01-23 02:01:59
6989,CUST_228,PROD_90,2,2026-01-17 06:28:41
6990,CUST_236,PROD_23,4,2026-01-08 00:24:59
6991,CUST_463,PROD_84,1,2026-01-23 15:27:58
6992,CUST_286,PROD_16,5,2025-12-29 07:21:36
6993,CUST_450,PROD_5,5,2025-12-28 19:56:07
6994,CUST_231,PROD_91,3,2026-01-17 09:07:07
6995,CUST_71,PROD_4,4,2026-01-22 21:27:03
6996,CUST_126,PROD_99,2,2026-01-20 03:39:07
6997,CUST_82,PROD_21,5,2026-01-18 07:33:29
6998,CUST_45,PROD_21,5,2026-01-20 04:08:35
6999,CUST_226,PROD_31,4,2026-01-12 04:39:01
7000,CUST_147,PROD_78,4,2026-01-01 14:24:11
7001,CUST_440,PROD_19,2,2026-01-18 12:17:10
7002,CUST_496,PROD_67,3,2026-01-04 15:41:17
7003,CUST_161,PROD_43,3,2026-01-24 03:18:36
7004,CUST_245,PROD_68,4,2026-01-15 19:15:40
7005,CUST_306,PROD_30,2,2026-01-09 18:58:48
7006,CUST_160,PROD_97,4,2026-01-23 17:13:33
7007,CUST_233,PROD_41,4,2025-12-30 03:50:00
7008,CUST_224,PROD_21,3,2026-01-09 07:24:21
7009,CUST_445,PROD_23,2,2026-01-25 01:00:44
7010,CUST_152,PROD_79,1,2026-01-19 02:30:10
7011,CUST_6,PROD_68,2,2026-01-09 08:40:40
7012,CUST_27,PROD_95,2,2026-01-01 21:12:22
7013,CUST_41,PROD_8,5,2026-01-10 08:14:13
7014,CUST_37,PROD_78,5,2026-01-14 02:17:35
7015,CUST_366,PROD_69,4,2025-12-30 07:43:24
7016,CUST_211,PROD_29,3,2026-01-08 09:26:28
7017,CUST_306,PROD_64,5,2026-01-05 06:53:30
7018,CUST_292,PROD_53,3,2026-01-03 23:25:42
7019,CUST_384,PROD_91,4,2026-01-26 15:08:19
7020,CUST_210,PROD_1,4,2026-01-22 05:01:04
7021,CUST_423,PROD_33,3,2026-01-20 14:55:31
7022,CUST_241,PROD_74,5,2026-01-25 17:30:54
7023,CUST_499,PROD_14,4,2026-01-22 16:57:27
7024,CUST_303,PROD_64,5,2026-01-03 04:35:13
7025,CUST_27,PROD_52,4,2026-01-21 07:42:08
7026,CUST_344,PROD_72,2,2026-01-14 23:55:44
7027,CUST_176,PROD_100,5,2026-01-04 12:06:53
7028,CUST_126,PROD_99,1,2026-01-26 20:45:37
7029,CUST_251,PROD_81,1,2026-01-05 01:18:09
7030,CUST_489,PROD_14,1,2026-01-01 06:32:44
7031,CUST_434,PROD_25,4,2026-01-18 05:45:06
7032,CUST_493,PROD_98,5,2026-01-25 02:19:16
7033,CUST_239,PROD_81,4,2026-01-05 11:38:25
7034,CUST_395,PROD_40,5,2026-01-13 13:21:03
7035,CUST_320,PROD_55,3,2026-01-23 01:30:09
7036,CUST_486,PROD_21,5,2026-01-23 03:00:53
7037,CUST_464,PROD_43,5,2025-12-30 14:55:57
7038,CUST_201,PROD_75,1,2025-12-29 04:21:07
7039,CUST_36,PROD_82,1,2026-01-22 15:09:16
7040,CUST_348,PROD_97,3,2026-01-23 15:31:47
7041,CUST_243,PROD_39,5,2026-01-18 00:30:06
7042,CUST_371,PROD_51,5,2026-01-15 19:18:59
7043,CUST_70,PROD_70,4,2026-01-08 13:57:08
7044,CUST_464,PROD_77,5,2026-01-16 13:40:21
7045,CUST_321,PROD_84,4,2026-01-14 13:44:44
7046,CUST_420,PROD_31,1,2026-01-15 00:37:59
7047,CUST_436,PROD_66,5,2026-01-25 06:54:38
7048,CUST_25,PROD_40,5,2026-01-23 14:58:07
7049,CUST_115,PROD_3,1,2026-01-24 23:52:57
7050,CUST_65,PROD_76,2,2026-01-04 00:43:01
7051,CUST_269,PROD_25,3,2026-01-15 03:31:03
7052,CUST_152,PROD_59,3,2026-01-06 20:09:17
7053,CUST_201,PROD_44,2,2026-01-17 18:55:17
7054,CUST_439,PROD_43,5,2025-12-29 08:38:40
7055,CUST_278,PROD_57,2,2026-01-18 19:42:00
7056,CUST_481,PROD_97,1,2026-01-01 21:59:30
7057,CUST_424,PROD_86,5,2025-12-31 21:07:33
7058,CUST_31,PROD_52,3,2026-01-20 14:50:40
7059,CUST_274,PROD_40,1,2026-01-25 11:32:40
7060,CUST_421,PROD_37,2,2026-01-15 19:30:25
7061,CUST_299,PROD_83,2,2026-01-24 06:21:43
7062,CUST_484,PROD_22,1,2026-01-24 16:19:08
7063,CUST_21,PROD_64,1,2026-01-08 06:39:41
7064,CUST_363,PROD_7,2,2025-12-30 12:43:55
7065,CUST_82,PROD_100,2,2026-01-13 16:43:31
7066,CUST_345,PROD_24,4,2026-01-25 23:13:04
7067,CUST_309,PROD_74,2,2026-01-11 15:18:48
7068,CUST_399,PROD_18,3,2026-01-11 19:35:56
7069,CUST_33,PROD_7,3,2026-01-06 13:25:13
7070,CUST_41,PROD_92,1,2026-01-01 21:40:17
7071,CUST_252,PROD_21,1,2026-01-18 03:25:54
7072,CUST_57,PROD_40,4,2025-12-31 03:54:55
7073,CUST_20,PROD_64,4,2026-01-17 18:48:15
7074,CUST_335,PROD_17,5,2026-01-11 08:19:17
7075,CUST_94,PROD_27,3,2026-01-16 10:09:03
7076,CUST_262,PROD_72,5,2025-12-30 18:22:37
7077,CUST_83,PROD_35,2,2026-01-27 15:55:38
7078,CUST_473,PROD_55,4,2026-01-24 01:09:30
7079,CUST_287,PROD_60,1,2025-12-31 22:45:04
7080,CUST_10,PROD_63,2,2026-01-15 19:29:43
7081,CUST_3,PROD_71,5,2026-01-17 00:04:35
7082,CUST_101,PROD_34,1,2026-01-01 06:17:25
7083,CUST_277,PROD_16,1,2026-01-01 15:04:16
7084,CUST_2,PROD_86,4,2025-12-31 03:31:24
7085,CUST_118,PROD_16,3,2026-01-12 03:34:11
7086,CUST_293,PROD_16,5,2026-01-12 13:50:57
7087,CUST_307,PROD_78,5,2025-12-31 10:59:19
7088,CUST_92,PROD_17,1,2026-01-15 02:12:49
7089,CUST_329,PROD_45,2,2025-12-30 22:14:52
7090,CUST_118,PROD_27,3,2026-01-19 22:58:34
7091,CUST_404,PROD_21,1,2026-01-04 15:26:54
7092,CUST_478,PROD_77,1,2026-01-19 18:42:24
7093,CUST_54,PROD_92,5,2026-01-10 23:58:58
7094,CUST_173,PROD_35,4,2025-12-30 14:38:57
7095,CUST_488,PROD_43,2,2026-01-01 21:46:10
7096,CUST_40,PROD_7,2,2026-01-11 04:55:31
7097,CUST_98,PROD_15,1,2026-01-07 00:40:35
7098,CUST_445,PROD_86,1,2026-01-12 07:16:20
7099,CUST_27,PROD_5,1,2026-01-10 20:34:49
7100,CUST_205,PROD_3,4,2025-12-31 01:07:41
7101,CUST_228,PROD_12,5,2026-01-12 10:44:41
7102,CUST_403,PROD_96,4,2026-01-16 19:50:46
7103,CUST_220,PROD_99,2,2026-01-09 06:04:54
7104,CUST_196,PROD_18,3,2026-01-13 05:49:14
7105,CUST_236,PROD_3,5,2025-12-28 19:08:34
7106,CUST_95,PROD_81,3,2026-01-20 10:39:14
7107,CUST_456,PROD_30,5,2025-12-31 21:59:09
7108,CUST_352,PROD_78,2,2026-01-04 20:24:36
7109,CUST_120,PROD_69,4,2026-01-02 11:41:53
7110,CUST_451,PROD_96,1,2026-01-20 18:15:55
7111,CUST_326,PROD_16,5,2026-01-21 08:22:25
7112,CUST_71,PROD_8,1,2026-01-02 15:19:00
7113,CUST_419,PROD_100,1,2026-01-17 12:08:38
7114,CUST_382,PROD_6,5,2026-01-21 15:50:59
7115,CUST_286,PROD_5,1,2026-01-02 02:32:50
7116,CUST_267,PROD_99,2,2026-01-20 20:31:15
7117,CUST_423,PROD_8,5,2026-01-23 14:18:31
7118,CUST_424,PROD_31,4,2026-01-02 18:25:00
7119,CUST_234,PROD_71,5,2026-01-24 06:29:29
7120,CUST_124,PROD_30,2,2026-01-18 07:31:17
7121,CUST_34,PROD_73,4,2026-01-06 12:57:29
7122,CUST_300,PROD_68,3,2026-01-17 22:47:57
7123,CUST_152,PROD_75,1,2026-01-11 17:38:23
7124,CUST_269,PROD_52,2,2026-01-18 21:24:18
7125,CUST_492,PROD_31,3,2026-01-08 20:13:31
7126,CUST_220,PROD_11,1,2026-01-19 12:21:28
7127,CUST_358,PROD_20,2,2026-01-27 17:44:25
7128,CUST_182,PROD_84,3,2026-01-13 09:13:18
7129,CUST_163,PROD_59,2,2026-01-05 15:30:26
7130,CUST_250,PROD_58,2,2026-01-13 09:35:21
7131,CUST_195,PROD_85,5,2025-12-29 05:30:09
7132,CUST_151,PROD_34,4,2026-01-22 02:39:02
7133,CUST_471,PROD_33,5,2026-01-17 04:42:31
7134,CUST_87,PROD_3,3,2026-01-04 22:20:26
7135,CUST_455,PROD_3,4,2026-01-15 21:30:06
7136,CUST_413,PROD_21,5,2026-01-26 15:28:53
7137,CUST_237,PROD_28,4,2025-12-31 08:53:26
7138,CUST_38,PROD_49,4,2026-01-18 22:12:24
7139,CUST_7,PROD_94,1,2026-01-24 11:51:59
7140,CUST_247,PROD_52,5,2026-01-09 13:06:34
7141,CUST_372,PROD_97,3,2025-12-30 15:44:51
7142,CUST_392,PROD_25,4,2025-12-31 06:51:33
7143,CUST_380,PROD_78,3,2026-01-07 18:39:11
7144,CUST_197,PROD_93,5,2025-12-31 03:28:47
7145,CUST_282,PROD_48,2,2025-12-30 19:05:21
7146,CUST_96,PROD_27,5,2026-01-23 22:21:43
7147,CUST_86,PROD_14,3,2026-01-23 22:46:18
7148,CUST_26,PROD_56,2,2025-12-29 03:24:30
7149,CUST_462,PROD_20,5,2026-01-06 15:58:56
7150,CUST_305,PROD_55,4,2026-01-08 04:29:16
7151,CUST_109,PROD_10,2,2026-01-07 15:22:18
7152,CUST_187,PROD_34,1,2026-01-20 20:39:53
7153,CUST_424,PROD_64,1,2026-01-10 02:00:50
7154,CUST_42,PROD_41,4,2026-01-18 07:41:41
7155,CUST_73,PROD_55,2,2026-01-15 07:28:35
7156,CUST_45,PROD_48,3,2026-01-21 23:04:31
7157,CUST_333,PROD_94,3,2026-01-02 21:32:22
7158,CUST_115,PROD_86,4,2025-12-31 16:18:58
7159,CUST_311,PROD_79,2,2026-01-05 00:14:50
7160,CUST_48,PROD_25,3,2025-12-31 05:03:54
7161,CUST_457,PROD_79,5,2026-01-22 09:37:16
7162,CUST_260,PROD_13,3,2026-01-08 05:19:33
7163,CUST_457,PROD_24,5,2026-01-25 10:39:32
7164,CUST_212,PROD_26,5,2026-01-15 14:10:23
7165,CUST_233,PROD_36,5,2026-01-20 11:52:00
7166,CUST_394,PROD_96,1,2026-01-26 09:12:19
7167,CUST_403,PROD_58,5,2026-01-01 09:43:05
7168,CUST_371,PROD_61,3,2026-01-13 17:47:29
7169,CUST_446,PROD_50,4,2026-01-18 07:13:48
7170,CUST_270,PROD_37,3,2026-01-07 21:53:14
7171,CUST_157,PROD_86,4,2026-01-01 12:42:49
7172,CUST_155,PROD_89,5,2026-01-03 01:49:01
7173,CUST_59,PROD_47,5,2026-01-08 08:20:19
7174,CUST_60,PROD_24,1,2026-01-19 17:55:59
7175,CUST_403,PROD_56,4,2026-01-12 04:43:31
7176,CUST_347,PROD_60,5,2026-01-02 02:41:52
7177,CUST_436,PROD_88,2,2025-12-28 21:27:17
7178,CUST_7,PROD_44,4,2026-01-22 07:36:20
7179,CUST_220,PROD_86,4,2026-01-25 10:16:00
7180,CUST_2,PROD_49,5,2026-01-02 04:31:52
7181,CUST_295,PROD_79,1,2026-01-13 12:15:53
7182,CUST_179,PROD_50,1,2026-01-25 06:22:07
7183,CUST_106,PROD_46,5,2026-01-06 11:19:59
7184,CUST_468,PROD_7,3,2026-01-25 15:38:45
7185,CUST_334,PROD_37,2,2026-01-03 22:43:23
7186,CUST_19,PROD_19,2,2026-01-21 01:18:36
7187,CUST_169,PROD_76,1,2026-01-26 19:32:35
7188,CUST_116,PROD_20,2,2026-01-02 06:45:40
7189,CUST_11,PROD_34,1,2026-01-26 00:17:28
7190,CUST_357,PROD_76,5,2026-01-25 11:31:03
7191,CUST_264,PROD_7,3,2026-01-18 21:41:46
7192,CUST_149,PROD_6,3,2026-01-12 15:52:53
7193,CUST_161,PROD_18,4,2026-01-12 08:12:04
7194,CUST_132,PROD_88,4,2026-01-18 08:44:21
7195,CUST_394,PROD_86,1,2026-01-12 16:48:04
7196,CUST_335,PROD_66,2,2026-01-07 03:45:28
7197,CUST_454,PROD_21,1,2026-01-03 16:39:18
7198,CUST_182,PROD_7,4,2026-01-16 20:49:11
7199,CUST_80,PROD_74,5,2026-01-26 03:37:55
7200,CUST_292,PROD_18,1,2026-01-09 21:23:11
7201,CUST_380,PROD_22,4,2026-01-18 07:47:49
7202,CUST_495,PROD_72,5,2026-01-07 04:41:50
7203,CUST_475,PROD_20,2,2026-01-14 10:01:31
7204,CUST_139,PROD_80,3,2026-01-20 00:38:52
7205,CUST_298,PROD_78,3,2025-12-31 14:22:29
7206,CUST_369,PROD_92,5,2026-01-01 21:49:38
7207,CUST_406,PROD_99,5,2026-01-23 03:45:41
7208,CUST_47,PROD_24,2,2026-01-17 01:26:19
7209,CUST_147,PROD_52,3,2026-01-26 21:56:28
7210,CUST_485,PROD_69,4,2026-01-18 04:36:15
7211,CUST_77,PROD_27,5,2026-01-12 16:58:39
7212,CUST_68,PROD_87,2,2026-01-04 11:49:09
7213,CUST_151,PROD_36,5,2026-01-11 16:26:15
7214,CUST_319,PROD_42,5,2025-12-29 04:55:26
7215,CUST_432,PROD_72,2,2026-01-06 21:36:32
7216,CUST_317,PROD_99,5,2026-01-17 15:30:47
7217,CUST_291,PROD_26,4,2026-01-16 13:37:37
7218,CUST_203,PROD_80,3,2025-12-31 20:00:53
7219,CUST_185,PROD_2,3,2026-01-13 03:39:42
7220,CUST_382,PROD_47,5,2026-01-19 08:22:55
7221,CUST_181,PROD_63,2,2026-01-15 08:03:12
7222,CUST_133,PROD_36,3,2026-01-20 16:27:45
7223,CUST_431,PROD_45,2,2026-01-21 03:01:06
7224,CUST_217,PROD_2,4,2026-01-16 12:55:30
7225,CUST_82,PROD_12,1,2026-01-23 04:29:44
7226,CUST_51,PROD_46,3,2026-01-08 18:47:46
7227,CUST_68,PROD_7,5,2025-12-31 00:03:56
7228,CUST_225,PROD_28,5,2026-01-23 19:24:09
7229,CUST_448,PROD_68,4,2026-01-27 07:32:35
7230,CUST_301,PROD_93,5,2026-01-01 19:35:13
7231,CUST_94,PROD_11,4,2026-01-06 15:42:12
7232,CUST_431,PROD_41,1,2026-01-07 05:27:07
7233,CUST_335,PROD_66,4,2026-01-24 13:46:09
7234,CUST_298,PROD_83,5,2025-12-30 19:47:59
7235,CUST_115,PROD_6,5,2026-01-14 09:55:53
7236,CUST_72,PROD_38,3,2026-01-27 07:48:32
7237,CUST_319,PROD_47,3,2026-01-15 06:00:46
7238,CUST_225,PROD_2,1,2026-01-24 04:57:20
7239,CUST_443,PROD_84,5,2025-12-31 14:17:50
7240,CUST_440,PROD_54,2,2026-01-14 17:02:16
7241,CUST_287,PROD_6,1,2026-01-07 21:49:16
7242,CUST_317,PROD_74,4,2026-01-07 09:55:50
7243,CUST_388,PROD_64,3,2026-01-26 04:02:52
7244,CUST_111,PROD_86,3,2026-01-23 12:18:17
7245,CUST_419,PROD_78,2,2026-01-06 20:38:53
7246,CUST_46,PROD_12,2,2026-01-01 07:14:43
7247,CUST_3,PROD_4,4,2026-01-07 07:23:39
7248,CUST_174,PROD_90,1,2026-01-08 12:53:31
7249,CUST_142,PROD_92,5,2026-01-15 23:08:16
7250,CUST_348,PROD_5,5,2026-01-09 02:41:54
7251,CUST_166,PROD_34,3,2026-01-13 20:59:46
7252,CUST_469,PROD_52,4,2026-01-03 16:50:19
7253,CUST_189,PROD_15,5,2026-01-06 07:50:27
7254,CUST_113,PROD_63,3,2026-01-15 03:56:07
7255,CUST_340,PROD_82,5,2026-01-13 19:46:59
7256,CUST_175,PROD_32,1,2026-01-17 20:52:51
7257,CUST_191,PROD_90,1,2026-01-11 20:13:55
7258,CUST_230,PROD_58,5,2026-01-13 06:01:29
7259,CUST_134,PROD_80,4,2026-01-25 04:15:14
7260,CUST_119,PROD_92,5,2026-01-07 14:23:24
7261,CUST_228,PROD_42,2,2026-01-09 02:30:27
7262,CUST_427,PROD_93,1,2026-01-18 01:06:46
7263,CUST_464,PROD_43,3,2026-01-04 22:08:19
7264,CUST_107,PROD_84,3,2026-01-10 05:35:05
7265,CUST_236,PROD_31,1,2026-01-24 18:13:12
7266,CUST_391,PROD_62,3,2026-01-27 15:31:14
7267,CUST_456,PROD_17,4,2026-01-05 21:31:11
7268,CUST_348,PROD_83,1,2026-01-01 14:38:04
7269,CUST_192,PROD_41,5,2026-01-19 02:33:25
7270,CUST_152,PROD_57,1,2026-01-15 20:17:28
7271,CUST_500,PROD_83,5,2025-12-29 15:33:24
7272,CUST_89,PROD_13,1,2026-01-14 22:00:03
7273,CUST_266,PROD_56,3,2026-01-14 13:08:55
7274,CUST_179,PROD_57,4,2026-01-26 16:49:43
7275,CUST_254,PROD_61,5,2026-01-01 02:18:06
7276,CUST_376,PROD_62,4,2026-01-08 21:36:25
7277,CUST_206,PROD_18,1,2026-01-21 07:39:46
7278,CUST_443,PROD_97,5,2026-01-01 00:00:46
7279,CUST_420,PROD_59,3,2025-12-28 20:48:41
7280,CUST_18,PROD_65,2,2026-01-22 06:07:02
7281,CUST_64,PROD_89,2,2026-01-07 23:28:02
7282,CUST_325,PROD_88,5,2026-01-08 01:42:31
7283,CUST_289,PROD_24,1,2026-01-02 22:59:24
7284,CUST_396,PROD_26,2,2026-01-10 13:25:56
7285,CUST_108,PROD_20,3,2026-01-16 01:20:36
7286,CUST_4,PROD_64,3,2026-01-03 20:42:28
7287,CUST_448,PROD_2,3,2026-01-13 13:57:20
7288,CUST_25,PROD_12,4,2026-01-17 21:23:45
7289,CUST_475,PROD_74,1,2026-01-17 00:23:27
7290,CUST_454,PROD_16,3,2026-01-02 18:58:51
7291,CUST_166,PROD_58,2,2026-01-11 00:38:34
7292,CUST_72,PROD_25,1,2026-01-02 04:42:06
7293,CUST_313,PROD_90,5,2026-01-17 15:06:13
7294,CUST_86,PROD_77,1,2025-12-31 17:54:42
7295,CUST_386,PROD_16,4,2026-01-06 17:14:30
7296,CUST_314,PROD_69,4,2025-12-30 02:43:09
7297,CUST_98,PROD_45,3,2026-01-09 09:51:15
7298,CUST_163,PROD_5,1,2026-01-16 18:13:36
7299,CUST_485,PROD_54,1,2026-01-25 07:43:58
7300,CUST_337,PROD_37,3,2026-01-22 04:00:33
7301,CUST_302,PROD_26,4,2026-01-19 00:31:45
7302,CUST_370,PROD_98,2,2026-01-09 05:07:24
7303,CUST_390,PROD_66,2,2026-01-21 19:57:21
7304,CUST_21,PROD_12,1,2026-01-18 02:35:12
7305,CUST_167,PROD_91,4,2026-01-24 14:05:35
7306,CUST_221,PROD_7,1,2026-01-04 09:29:12
7307,CUST_126,PROD_66,5,2026-01-27 00:31:50
7308,CUST_7,PROD_49,2,2025-12-29 15:38:43
7309,CUST_55,PROD_34,4,2026-01-04 08:00:28
7310,CUST_253,PROD_38,5,2026-01-14 20:40:29
7311,CUST_82,PROD_12,2,2026-01-14 20:24:28
7312,CUST_74,PROD_5,1,2026-01-25 15:24:20
7313,CUST_493,PROD_8,2,2026-01-04 08:57:23
7314,CUST_96,PROD_23,4,2026-01-08 14:01:48
7315,CUST_486,PROD_100,5,2026-01-14 01:58:05
7316,CUST_326,PROD_10,4,2026-01-26 10:54:31
7317,CUST_375,PROD_75,1,2026-01-01 17:52:33
7318,CUST_266,PROD_11,3,2026-01-02 05:07:41
7319,CUST_230,PROD_98,1,2026-01-06 00:43:00
7320,CUST_74,PROD_77,2,2025-12-31 03:48:22
7321,CUST_223,PROD_28,1,2026-01-21 08:34:19
7322,CUST_438,PROD_72,2,2026-01-17 17:41:07
7323,CUST_482,PROD_38,4,2026-01-05 10:02:46
7324,CUST_108,PROD_91,5,2026-01-09 09:13:55
7325,CUST_322,PROD_36,1,2026-01-04 12:12:40
7326,CUST_233,PROD_69,3,2025-12-29 02:01:22
7327,CUST_83,PROD_49,2,2026-01-06 06:13:25
7328,CUST_176,PROD_6,4,2026-01-09 10:22:16
7329,CUST_63,PROD_48,2,2026-01-17 14:49:03
7330,CUST_476,PROD_92,5,2026-01-10 05:36:38
7331,CUST_409,PROD_3,3,2026-01-06 15:56:16
7332,CUST_335,PROD_75,5,2026-01-21 14:55:06
7333,CUST_435,PROD_94,2,2026-01-26 00:14:23
7334,CUST_174,PROD_4,2,2025-12-31 23:04:29
7335,CUST_42,PROD_99,1,2026-01-23 20:53:17
7336,CUST_321,PROD_76,1,2025-12-29 13:13:12
7337,CUST_457,PROD_27,3,2026-01-18 15:12:59
7338,CUST_443,PROD_79,4,2026-01-07 09:31:17
7339,CUST_264,PROD_62,5,2026-01-13 04:10:02
7340,CUST_374,PROD_88,4,2025-12-31 19:20:59
7341,CUST_189,PROD_100,4,2026-01-26 20:22:37
7342,CUST_28,PROD_41,5,2026-01-19 20:57:58
7343,CUST_363,PROD_22,1,2026-01-17 04:24:31
7344,CUST_322,PROD_57,2,2026-01-10 01:54:07
7345,CUST_458,PROD_82,4,2026-01-17 06:10:21
7346,CUST_373,PROD_24,4,2026-01-10 23:57:26
7347,CUST_206,PROD_11,1,2026-01-20 01:37:56
7348,CUST_456,PROD_84,5,2026-01-01 01:13:02
7349,CUST_202,PROD_70,2,2026-01-11 06:59:26
7350,CUST_392,PROD_60,1,2026-01-13 16:03:14
7351,CUST_324,PROD_75,3,2026-01-23 11:52:43
7352,CUST_192,PROD_6,3,2025-12-31 21:53:26
7353,CUST_91,PROD_88,3,2026-01-07 04:03:10
7354,CUST_412,PROD_95,2,2026-01-03 12:16:04
7355,CUST_148,PROD_29,2,2026-01-27 11:22:53
7356,CUST_126,PROD_1,1,2026-01-20 04:22:04
7357,CUST_255,PROD_93,1,2026-01-09 17:52:29
7358,CUST_403,PROD_48,2,2026-01-09 05:21:25
7359,CUST_384,PROD_67,3,2026-01-25 12:30:05
7360,CUST_1,PROD_7,4,2026-01-05 04:46:09
7361,CUST_340,PROD_12,2,2026-01-25 10:45:24
7362,CUST_488,PROD_44,1,2026-01-12 00:27:28
7363,CUST_274,PROD_78,3,2026-01-19 00:46:30
7364,CUST_331,PROD_47,2,2026-01-06 11:29:03
7365,CUST_384,PROD_39,2,2026-01-13 12:22:39
7366,CUST_400,PROD_31,4,2026-01-06 04:04:08
7367,CUST_169,PROD_45,2,2026-01-10 12:14:22
7368,CUST_77,PROD_45,4,2025-12-29 06:56:35
7369,CUST_199,PROD_62,1,2026-01-04 20:56:25
7370,CUST_55,PROD_30,4,2026-01-04 14:43:35
7371,CUST_84,PROD_8,1,2026-01-07 08:22:23
7372,CUST_340,PROD_15,3,2026-01-11 07:06:01
7373,CUST_77,PROD_18,4,2026-01-02 09:10:25
7374,CUST_432,PROD_44,4,2026-01-03 17:12:17
7375,CUST_202,PROD_62,5,2026-01-23 06:51:25
7376,CUST_453,PROD_76,3,2026-01-04 14:52:28
7377,CUST_83,PROD_82,5,2026-01-07 06:47:05
7378,CUST_169,PROD_16,3,2026-01-17 11:00:45
7379,CUST_432,PROD_30,5,2026-01-10 16:17:52
7380,CUST_435,PROD_34,3,2026-01-03 23:50:41
7381,CUST_405,PROD_41,5,2026-01-11 10:57:12
7382,CUST_500,PROD_28,4,2026-01-21 02:29:55
7383,CUST_414,PROD_54,5,2026-01-15 22:45:48
7384,CUST_158,PROD_2,1,2026-01-04 16:41:24
7385,CUST_344,PROD_93,1,2026-01-06 21:50:55
7386,CUST_155,PROD_60,3,2025-12-30 20:39:01
7387,CUST_245,PROD_55,4,2026-01-06 02:51:03
7388,CUST_391,PROD_65,1,2026-01-14 18:10:40
7389,CUST_212,PROD_71,2,2026-01-24 00:07:56
7390,CUST_455,PROD_23,2,2026-01-08 11:21:01
7391,CUST_32,PROD_25,3,2026-01-26 13:07:01
7392,CUST_340,PROD_54,2,2026-01-12 19:56:49
7393,CUST_324,PROD_48,1,2025-12-29 07:06:18
7394,CUST_245,PROD_31,4,2025-12-29 18:41:09
7395,CUST_99,PROD_60,2,2026-01-16 02:04:19
7396,CUST_490,PROD_71,2,2026-01-12 02:19:43
7397,CUST_196,PROD_40,4,2026-01-25 14:30:29
7398,CUST_130,PROD_14,4,2026-01-18 04:34:47
7399,CUST_386,PROD_57,5,2026-01-02 09:08:28
7400,CUST_289,PROD_46,4,2026-01-16 08:51:15
7401,CUST_50,PROD_39,2,2026-01-20 22:39:49
7402,CUST_442,PROD_47,4,2026-01-11 00:20:07
7403,CUST_407,PROD_64,5,2026-01-13 09:59:18
7404,CUST_82,PROD_17,4,2026-01-25 10:25:02
7405,CUST_309,PROD_80,5,2026-01-25 16:02:47
7406,CUST_238,PROD_73,5,2026-01-17 09:40:20
7407,CUST_345,PROD_58,1,2026-01-08 10:45:27
7408,CUST_286,PROD_71,1,2026-01-11 04:35:19
7409,CUST_168,PROD_16,3,2026-01-08 00:40:10
7410,CUST_155,PROD_89,1,2026-01-02 02:36:33
7411,CUST_236,PROD_82,2,2026-01-20 13:36:45
7412,CUST_426,PROD_81,2,2026-01-20 19:55:36
7413,CUST_262,PROD_92,3,2025-12-30 14:49:14
7414,CUST_284,PROD_59,5,2026-01-14 11:49:25
7415,CUST_380,PROD_92,2,2026-01-03 07:34:02
7416,CUST_368,PROD_59,4,2026-01-12 23:15:25
7417,CUST_118,PROD_97,2,2026-01-16 20:58:37
7418,CUST_319,PROD_47,4,2026-01-18 11:36:32
7419,CUST_63,PROD_41,4,2026-01-04 03:44:31
7420,CUST_450,PROD_26,1,2026-01-11 09:44:29
7421,CUST_339,PROD_4,5,2026-01-24 10:33:24
7422,CUST_398,PROD_47,4,2026-01-12 17:42:22
7423,CUST_164,PROD_52,3,2025-12-30 09:27:41
7424,CUST_457,PROD_19,1,2026-01-10 00:40:14
7425,CUST_361,PROD_8,5,2026-01-23 06:08:10
7426,CUST_448,PROD_57,2,2026-01-20 02:12:28
7427,CUST_14,PROD_11,3,2026-01-03 03:16:46
7428,CUST_385,PROD_1,3,2026-01-26 07:36:26
7429,CUST_267,PROD_100,2,2026-01-13 00:53:42
7430,CUST_139,PROD_23,5,2026-01-25 10:43:08
7431,CUST_288,PROD_30,3,2026-01-07 04:17:13
7432,CUST_60,PROD_6,5,2026-01-21 22:43:28
7433,CUST_362,PROD_69,1,2026-01-19 00:59:45
7434,CUST_369,PROD_94,2,2026-01-06 13:37:11
7435,CUST_406,PROD_98,2,2026-01-18 13:33:07
7436,CUST_99,PROD_62,1,2026-01-08 12:03:40
7437,CUST_90,PROD_10,3,2026-01-13 18:16:06
7438,CUST_157,PROD_86,4,2025-12-31 01:22:30
7439,CUST_366,PROD_65,4,2026-01-03 17:48:58
7440,CUST_74,PROD_21,4,2026-01-17 02:58:09
7441,CUST_329,PROD_93,4,2026-01-13 17:40:22
7442,CUST_172,PROD_8,2,2026-01-21 10:47:15
7443,CUST_328,PROD_23,3,2026-01-08 02:46:08
7444,CUST_224,PROD_12,1,2026-01-24 21:28:13
7445,CUST_442,PROD_20,5,2026-01-22 05:14:22
7446,CUST_386,PROD_20,2,2026-01-23 15:36:28
7447,CUST_98,PROD_33,5,2026-01-04 18:06:49
7448,CUST_130,PROD_4,3,2026-01-18 09:34:49
7449,CUST_131,PROD_43,4,2026-01-22 23:21:18
7450,CUST_388,PROD_20,3,2025-12-31 04:17:46
7451,CUST_160,PROD_26,2,2026-01-18 11:43:33
7452,CUST_59,PROD_1,1,2026-01-22 04:25:20
7453,CUST_94,PROD_35,1,2026-01-16 20:14:16
7454,CUST_178,PROD_73,3,2026-01-02 03:50:29
7455,CUST_111,PROD_17,2,2026-01-18 13:11:36
7456,CUST_386,PROD_27,3,2026-01-02 11:47:58
7457,CUST_7,PROD_69,3,2025-12-30 01:57:13
7458,CUST_371,PROD_15,5,2025-12-30 10:16:52
7459,CUST_201,PROD_81,4,2026-01-26 21:57:38
7460,CUST_463,PROD_30,3,2026-01-27 14:11:21
7461,CUST_79,PROD_94,5,2026-01-14 20:27:24
7462,CUST_302,PROD_33,2,2026-01-25 08:48:27
7463,CUST_13,PROD_22,5,2026-01-13 05:52:29
7464,CUST_43,PROD_50,5,2026-01-22 10:50:13
7465,CUST_118,PROD_95,4,2026-01-20 09:49:12
7466,CUST_120,PROD_37,2,2026-01-12 10:28:22
7467,CUST_395,PROD_26,2,2026-01-14 13:37:11
7468,CUST_426,PROD_80,1,2026-01-02 07:27:20
7469,CUST_54,PROD_41,3,2026-01-18 12:17:37
7470,CUST_43,PROD_83,1,2026-01-19 15:14:08
7471,CUST_467,PROD_55,1,2026-01-05 09:40:44
7472,CUST_160,PROD_21,4,2026-01-18 18:09:39
7473,CUST_434,PROD_19,3,2026-01-01 00:39:43
7474,CUST_414,PROD_4,2,2026-01-09 16:26:57
7475,CUST_243,PROD_61,2,2026-01-21 07:58:06
7476,CUST_336,PROD_27,5,2026-01-12 04:25:07
7477,CUST_272,PROD_54,2,2026-01-12 22:45:18
7478,CUST_227,PROD_26,2,2025-12-29 21:24:45
7479,CUST_94,PROD_14,5,2026-01-24 17:33:57
7480,CUST_469,PROD_65,3,2026-01-13 23:02:35
7481,CUST_417,PROD_68,4,2026-01-14 04:34:59
7482,CUST_100,PROD_56,3,2026-01-14 00:28:39
7483,CUST_127,PROD_21,3,2026-01-05 17:12:40
7484,CUST_498,PROD_91,5,2026-01-08 21:35:51
7485,CUST_85,PROD_72,4,2026-01-04 19:12:45
7486,CUST_244,PROD_37,4,2026-01-13 17:13:51
7487,CUST_409,PROD_65,1,2026-01-19 17:56:02
7488,CUST_15,PROD_47,5,2026-01-10 22:11:08
7489,CUST_246,PROD_82,5,2026-01-11 19:54:12
7490,CUST_440,PROD_4,2,2026-01-26 18:57:34
7491,CUST_214,PROD_65,1,2026-01-06 06:14:41
7492,CUST_451,PROD_92,3,2025-12-29 05:32:52
7493,CUST_467,PROD_12,5,2026-01-01 18:21:16
7494,CUST_292,PROD_83,4,2026-01-05 07:22:39
7495,CUST_127,PROD_55,4,2026-01-02 14:22:08
7496,CUST_227,PROD_21,4,2026-01-02 11:44:52
7497,CUST_220,PROD_67,5,2026-01-24 02:18:33
7498,CUST_195,PROD_66,3,2026-01-16 21:51:04
7499,CUST_461,PROD_64,1,2026-01-02 15:38:15
7500,CUST_60,PROD_2,3,2026-01-07 20:10:21
7501,CUST_44,PROD_41,2,2026-01-06 19:29:28
7502,CUST_479,PROD_60,4,2026-01-27 07:56:11
7503,CUST_133,PROD_66,2,2026-01-24 16:55:48
7504,CUST_48,PROD_42,2,2026-01-19 13:58:29
7505,CUST_431,PROD_99,2,2026-01-02 22:24:13
7506,CUST_281,PROD_41,5,2026-01-08 13:10:41
7507,CUST_283,PROD_49,2,2026-01-14 09:41:54
7508,CUST_232,PROD_19,3,2026-01-27 09:25:24
7509,CUST_162,PROD_89,5,2026-01-23 04:07:50
7510,CUST_255,PROD_90,2,2026-01-19 12:29:13
7511,CUST_460,PROD_91,5,2026-01-19 03:41:14
7512,CUST_194,PROD_69,2,2026-01-11 14:07:25
7513,CUST_41,PROD_14,4,2026-01-26 02:01:05
7514,CUST_284,PROD_45,2,2026-01-19 23:33:09
7515,CUST_208,PROD_33,5,2026-01-15 07:59:49
7516,CUST_432,PROD_83,1,2026-01-07 22:02:24
7517,CUST_432,PROD_15,2,2026-01-04 23:18:29
7518,CUST_294,PROD_55,2,2026-01-27 13:54:34
7519,CUST_196,PROD_46,2,2026-01-02 20:30:18
7520,CUST_156,PROD_8,3,2026-01-08 18:29:38
7521,CUST_473,PROD_63,4,2026-01-17 19:55:06
7522,CUST_43,PROD_54,3,2025-12-29 03:20:02
7523,CUST_210,PROD_88,2,2026-01-17 01:50:42
7524,CUST_116,PROD_53,5,2025-12-30 09:25:33
7525,CUST_353,PROD_5,2,2026-01-23 21:26:29
7526,CUST_248,PROD_26,1,2026-01-06 03:42:50
7527,CUST_454,PROD_82,1,2026-01-27 04:19:50
7528,CUST_128,PROD_84,4,2026-01-02 11:17:09
7529,CUST_219,PROD_73,3,2026-01-20 11:37:02
7530,CUST_466,PROD_10,4,2025-12-31 17:11:26
7531,CUST_324,PROD_1,2,2026-01-25 05:15:41
7532,CUST_105,PROD_66,5,2026-01-04 04:19:28
7533,CUST_376,PROD_47,1,2026-01-16 17:02:46
7534,CUST_480,PROD_34,4,2026-01-27 11:01:17
7535,CUST_423,PROD_79,5,2026-01-14 01:46:07
7536,CUST_421,PROD_76,2,2026-01-08 04:26:44
7537,CUST_363,PROD_48,3,2026-01-14 08:10:11
7538,CUST_219,PROD_16,2,2026-01-17 05:12:58
7539,CUST_180,PROD_71,5,2026-01-22 17:04:10
7540,CUST_315,PROD_85,3,2026-01-24 02:53:02
7541,CUST_374,PROD_90,4,2026-01-01 09:13:08
7542,CUST_284,PROD_26,2,2026-01-26 10:41:48
7543,CUST_344,PROD_5,2,2026-01-19 21:29:08
7544,CUST_178,PROD_25,1,2026-01-02 13:39:23
7545,CUST_268,PROD_25,4,2026-01-18 04:33:07
7546,CUST_202,PROD_63,5,2026-01-23 17:36:12
7547,CUST_495,PROD_88,3,2026-01-16 14:21:55
7548,CUST_352,PROD_67,2,2026-01-01 12:34:08
7549,CUST_3,PROD_86,3,2026-01-13 03:07:35
7550,CUST_320,PROD_59,5,2026-01-18 08:10:29
7551,CUST_120,PROD_2,5,2026-01-08 21:45:10
7552,CUST_196,PROD_84,1,2026-01-06 10:28:46
7553,CUST_457,PROD_49,1,2026-01-27 09:33:55
7554,CUST_308,PROD_80,2,2026-01-21 04:13:01
7555,CUST_276,PROD_13,5,2026-01-11 00:56:11
7556,CUST_143,PROD_74,3,2026-01-23 19:17:20
7557,CUST_263,PROD_88,4,2026-01-27 14:58:54
7558,CUST_94,PROD_6,2,2026-01-05 02:13:18
7559,CUST_318,PROD_49,4,2025-12-31 23:54:18
7560,CUST_364,PROD_57,1,2026-01-02 09:10:51
7561,CUST_482,PROD_66,2,2026-01-01 02:09:01
7562,CUST_92,PROD_48,1,2025-12-30 10:08:53
7563,CUST_356,PROD_10,2,2026-01-16 03:12:28
7564,CUST_107,PROD_18,3,2026-01-08 08:45:02
7565,CUST_108,PROD_70,3,2026-01-21 05:35:38
7566,CUST_436,PROD_2,4,2026-01-03 04:32:15
7567,CUST_23,PROD_58,5,2026-01-17 23:39:41
7568,CUST_392,PROD_27,3,2026-01-18 06:52:23
7569,CUST_239,PROD_71,4,2026-01-08 07:41:45
7570,CUST_294,PROD_61,1,2026-01-23 06:12:59
7571,CUST_155,PROD_32,5,2025-12-31 03:42:16
7572,CUST_159,PROD_76,4,2026-01-19 22:08:09
7573,CUST_11,PROD_79,1,2026-01-04 18:49:11
7574,CUST_281,PROD_91,3,2026-01-27 04:32:58
7575,CUST_132,PROD_43,1,2026-01-10 14:41:39
7576,CUST_130,PROD_86,2,2026-01-03 02:23:05
7577,CUST_418,PROD_90,1,2026-01-10 16:20:41
7578,CUST_296,PROD_22,4,2026-01-25 13:20:15
7579,CUST_334,PROD_53,1,2026-01-02 12:14:39
7580,CUST_41,PROD_39,3,2025-12-31 08:45:39
7581,CUST_279,PROD_7,3,2026-01-15 06:30:11
7582,CUST_421,PROD_17,4,2025-12-31 23:53:41
7583,CUST_3,PROD_73,5,2026-01-16 12:17:19
7584,CUST_42,PROD_64,5,2026-01-22 07:20:36
7585,CUST_319,PROD_73,3,2026-01-19 04:29:20
7586,CUST_21,PROD_29,1,2026-01-26 23:39:14
7587,CUST_347,PROD_23,5,2026-01-09 23:11:17
7588,CUST_138,PROD_12,3,2026-01-18 05:25:53
7589,CUST_283,PROD_15,3,2026-01-09 15:54:04
7590,CUST_170,PROD_57,3,2026-01-23 13:07:19
7591,CUST_353,PROD_20,4,2026-01-03 22:53:18
7592,CUST_383,PROD_95,5,2026-01-08 23:59:23
7593,CUST_47,PROD_13,3,2025-12-30 16:52:05
7594,CUST_178,PROD_64,3,2026-01-08 21:44:29
7595,CUST_136,PROD_94,1,2026-01-08 14:22:10
7596,CUST_422,PROD_80,1,2026-01-11 06:14:14
7597,CUST_326,PROD_9,4,2026-01-22 20:52:31
7598,CUST_447,PROD_93,5,2026-01-19 03:06:16
7599,CUST_214,PROD_20,5,2025-12-30 16:43:19
7600,CUST_61,PROD_69,1,2026-01-06 10:30:56
7601,CUST_119,PROD_56,3,2026-01-02 02:28:18
7602,CUST_187,PROD_80,5,2026-01-19 04:09:55
7603,CUST_484,PROD_83,5,2025-12-30 05:41:19
7604,CUST_35,PROD_10,3,2026-01-12 23:27:17
7605,CUST_404,PROD_7,5,2026-01-03 00:29:21
7606,CUST_484,PROD_26,3,2026-01-05 05:57:32
7607,CUST_162,PROD_35,3,2026-01-24 21:46:58
7608,CUST_325,PROD_63,4,2025-12-31 06:25:01
7609,CUST_274,PROD_24,3,2026-01-06 21:27:09
7610,CUST_221,PROD_93,5,2026-01-09 08:34:40
7611,CUST_422,PROD_66,3,2026-01-20 10:38:12
7612,CUST_31,PROD_53,5,2026-01-25 00:50:02
7613,CUST_419,PROD_20,2,2026-01-17 13:14:59
7614,CUST_312,PROD_8,2,2026-01-10 02:34:26
7615,CUST_12,PROD_95,3,2026-01-23 02:16:19
7616,CUST_282,PROD_47,3,2026-01-06 10:54:54
7617,CUST_308,PROD_17,3,2026-01-04 19:09:08
7618,CUST_164,PROD_44,4,2025-12-30 10:03:16
7619,CUST_309,PROD_24,2,2025-12-31 15:17:50
7620,CUST_386,PROD_15,4,2026-01-14 03:59:58
7621,CUST_436,PROD_43,2,2025-12-31 22:16:07
7622,CUST_324,PROD_32,4,2026-01-02 01:18:45
7623,CUST_98,PROD_20,1,2026-01-12 07:13:15
7624,CUST_452,PROD_51,3,2026-01-16 14:38:59
7625,CUST_200,PROD_79,5,2026-01-03 22:30:25
7626,CUST_417,PROD_84,5,2026-01-21 10:46:15
7627,CUST_24,PROD_57,1,2026-01-10 14:00:52
7628,CUST_248,PROD_59,2,2026-01-16 23:39:55
7629,CUST_477,PROD_50,1,2026-01-04 11:29:14
7630,CUST_403,PROD_72,3,2026-01-14 15:07:14
7631,CUST_499,PROD_27,2,2026-01-08 23:19:17
7632,CUST_321,PROD_9,4,2025-12-29 02:33:42
7633,CUST_221,PROD_9,4,2026-01-24 04:07:31
7634,CUST_475,PROD_31,5,2026-01-13 04:09:48
7635,CUST_80,PROD_18,2,2026-01-17 22:40:36
7636,CUST_231,PROD_53,1,2025-12-29 14:15:17
7637,CUST_97,PROD_10,5,2026-01-13 04:12:21
7638,CUST_305,PROD_20,4,2026-01-27 03:30:49
7639,CUST_310,PROD_87,1,2026-01-07 05:10:25
7640,CUST_212,PROD_98,2,2026-01-27 12:15:13
7641,CUST_22,PROD_83,4,2026-01-27 14:27:43
7642,CUST_213,PROD_48,1,2026-01-24 02:57:34
7643,CUST_473,PROD_10,1,2026-01-09 10:23:55
7644,CUST_303,PROD_52,5,2026-01-10 17:50:31
7645,CUST_367,PROD_9,3,2026-01-06 10:24:05
7646,CUST_414,PROD_86,5,2025-12-31 04:51:30
7647,CUST_283,PROD_55,1,2026-01-17 20:50:51
7648,CUST_326,PROD_56,5,2026-01-04 04:08:16
7649,CUST_144,PROD_79,1,2025-12-30 17:04:23
7650,CUST_125,PROD_5,2,2026-01-05 03:58:06
7651,CUST_456,PROD_76,3,2026-01-17 03:18:10
7652,CUST_219,PROD_74,5,2026-01-13 01:09:17
7653,CUST_319,PROD_54,4,2026-01-03 04:38:26
7654,CUST_286,PROD_83,1,2026-01-14 21:00:52
7655,CUST_78,PROD_49,4,2026-01-01 11:12:56
7656,CUST_13,PROD_34,4,2026-01-04 06:27:32
7657,CUST_300,PROD_21,5,2026-01-01 12:05:13
7658,CUST_483,PROD_32,5,2026-01-03 08:30:33
7659,CUST_21,PROD_25,4,2026-01-04 22:06:43
7660,CUST_335,PROD_23,3,2025-12-31 08:22:07
7661,CUST_444,PROD_96,4,2025-12-30 00:38:16
7662,CUST_278,PROD_20,1,2026-01-23 11:23:15
7663,CUST_156,PROD_95,2,2026-01-16 01:40:02
7664,CUST_87,PROD_83,3,2025-12-29 15:08:31
7665,CUST_46,PROD_19,3,2026-01-19 05:07:12
7666,CUST_10,PROD_40,4,2026-01-08 20:13:12
7667,CUST_30,PROD_63,4,2026-01-02 10:33:32
7668,CUST_308,PROD_11,4,2026-01-04 07:03:57
7669,CUST_361,PROD_64,2,2026-01-26 20:13:13
7670,CUST_122,PROD_32,5,2026-01-04 19:04:01
7671,CUST_21,PROD_38,4,2026-01-16 01:01:41
7672,CUST_194,PROD_89,5,2026-01-23 23:30:38
7673,CUST_181,PROD_38,1,2026-01-17 22:25:49
7674,CUST_193,PROD_56,2,2025-12-29 03:17:09
7675,CUST_341,PROD_13,2,2026-01-08 15:32:57
7676,CUST_416,PROD_12,2,2026-01-24 07:37:59
7677,CUST_9,PROD_45,3,2026-01-20 19:33:47
7678,CUST_24,PROD_23,2,2026-01-07 20:59:30
7679,CUST_453,PROD_41,1,2026-01-03 14:30:12
7680,CUST_418,PROD_39,4,2026-01-22 19:12:31
7681,CUST_283,PROD_69,5,2026-01-05 22:49:26
7682,CUST_389,PROD_45,5,2026-01-07 23:08:14
7683,CUST_114,PROD_91,1,2026-01-06 22:07:19
7684,CUST_415,PROD_65,5,2026-01-22 23:32:32
7685,CUST_65,PROD_78,5,2026-01-24 14:44:55
7686,CUST_263,PROD_31,1,2026-01-12 03:14:03
7687,CUST_463,PROD_25,2,2026-01-14 07:46:38
7688,CUST_84,PROD_44,1,2026-01-17 02:13:53
7689,CUST_85,PROD_87,5,2026-01-26 20:58:34
7690,CUST_195,PROD_24,1,2025-12-29 09:02:33
7691,CUST_437,PROD_60,1,2026-01-17 21:56:35
7692,CUST_46,PROD_53,4,2026-01-12 22:23:48
7693,CUST_40,PROD_100,5,2026-01-06 16:35:22
7694,CUST_111,PROD_72,2,2026-01-22 19:13:18
7695,CUST_229,PROD_100,1,2026-01-21 23:41:32
7696,CUST_452,PROD_79,3,2026-01-04 17:36:30
7697,CUST_243,PROD_58,2,2026-01-19 20:07:37
7698,CUST_42,PROD_18,2,2026-01-08 01:14:42
7699,CUST_398,PROD_55,5,2026-01-14 06:05:12
7700,CUST_460,PROD_72,4,2026-01-01 22:28:42
7701,CUST_117,PROD_75,1,2026-01-19 17:36:01
7702,CUST_80,PROD_62,2,2026-01-09 11:07:44
7703,CUST_324,PROD_95,5,2026-01-17 18:53:33
7704,CUST_182,PROD_82,2,2026-01-20 04:56:09
7705,CUST_387,PROD_89,4,2026-01-07 05:46:59
7706,CUST_212,PROD_2,4,2025-12-30 19:12:09
7707,CUST_325,PROD_48,5,2026-01-14 06:52:22
7708,CUST_69,PROD_59,4,2025-12-28 19:48:13
7709,CUST_192,PROD_9,1,2025-12-31 05:38:32
7710,CUST_395,PROD_40,3,2025-12-31 06:21:49
7711,CUST_294,PROD_92,3,2026-01-02 06:49:41
7712,CUST_291,PROD_5,5,2025-12-30 20:45:10
7713,CUST_20,PROD_16,5,2026-01-01 08:31:14
7714,CUST_124,PROD_13,1,2026-01-02 17:20:39
7715,CUST_144,PROD_37,4,2026-01-04 01:24:38
7716,CUST_476,PROD_89,5,2026-01-19 16:20:27
7717,CUST_177,PROD_99,5,2026-01-24 22:44:51
7718,CUST_399,PROD_73,3,2026-01-07 16:23:29
7719,CUST_197,PROD_9,4,2026-01-06 01:23:37
7720,CUST_108,PROD_63,2,2026-01-02 03:27:07
7721,CUST_457,PROD_87,5,2026-01-18 03:02:19
7722,CUST_163,PROD_26,2,2026-01-06 06:38:19
7723,CUST_432,PROD_68,1,2025-12-30 16:06:02
7724,CUST_415,PROD_7,1,2025-12-30 08:55:15
7725,CUST_244,PROD_5,1,2026-01-19 12:46:29
7726,CUST_444,PROD_36,2,2026-01-07 01:06:57
7727,CUST_36,PROD_87,3,2026-01-18 23:41:04
7728,CUST_491,PROD_42,3,2026-01-06 02:05:57
7729,CUST_401,PROD_27,1,2026-01-18 22:16:46
7730,CUST_108,PROD_87,3,2025-12-30 12:22:42
7731,CUST_135,PROD_75,1,2026-01-23 00:22:44
7732,CUST_241,PROD_85,2,2026-01-12 09:17:04
7733,CUST_232,PROD_43,2,2026-01-04 22:15:55
7734,CUST_147,PROD_18,3,2026-01-19 12:44:22
7735,CUST_148,PROD_12,3,2026-01-22 02:16:15
7736,CUST_175,PROD_39,2,2026-01-04 22:56:25
7737,CUST_137,PROD_77,3,2026-01-16 05:23:42
7738,CUST_165,PROD_16,5,2026-01-14 07:18:27
7739,CUST_107,PROD_39,5,2026-01-05 09:50:55
7740,CUST_427,PROD_37,2,2026-01-09 10:26:04
7741,CUST_117,PROD_58,3,2026-01-11 06:20:03
7742,CUST_385,PROD_38,3,2025-12-31 22:53:55
7743,CUST_61,PROD_36,1,2026-01-26 09:34:15
7744,CUST_471,PROD_72,1,2026-01-07 04:21:54
7745,CUST_11,PROD_89,2,2026-01-26 16:02:15
7746,CUST_386,PROD_29,2,2026-01-11 13:11:38
7747,CUST_200,PROD_18,3,2025-12-30 07:17:15
7748,CUST_489,PROD_57,5,2026-01-25 13:32:32
7749,CUST_461,PROD_15,1,2026-01-10 17:17:23
7750,CUST_389,PROD_71,2,2026-01-02 11:22:53
7751,CUST_11,PROD_79,4,2026-01-26 11:06:08
7752,CUST_25,PROD_66,2,2026-01-04 02:30:52
7753,CUST_153,PROD_62,2,2026-01-22 01:08:04
7754,CUST_284,PROD_85,2,2026-01-19 06:08:17
7755,CUST_498,PROD_93,2,2026-01-07 17:58:39
7756,CUST_70,PROD_21,3,2026-01-11 16:52:50
7757,CUST_54,PROD_54,1,2026-01-18 06:43:07
7758,CUST_431,PROD_89,4,2026-01-22 05:25:41
7759,CUST_394,PROD_76,5,2026-01-20 15:03:30
7760,CUST_321,PROD_41,3,2026-01-11 11:17:25
7761,CUST_271,PROD_81,1,2026-01-05 07:31:32
7762,CUST_371,PROD_42,2,2026-01-03 21:49:30
7763,CUST_179,PROD_75,4,2026-01-23 00:02:38
7764,CUST_279,PROD_53,1,2026-01-15 21:26:20
7765,CUST_484,PROD_63,3,2025-12-31 13:52:41
7766,CUST_239,PROD_30,2,2026-01-23 21:11:39
7767,CUST_310,PROD_52,3,2026-01-11 10:41:52
7768,CUST_135,PROD_27,4,2026-01-04 06:31:11
7769,CUST_337,PROD_69,4,2026-01-05 08:57:26
7770,CUST_31,PROD_24,3,2026-01-08 06:18:49
7771,CUST_79,PROD_93,1,2026-01-22 11:10:58
7772,CUST_476,PROD_25,2,2026-01-25 23:07:41
7773,CUST_198,PROD_35,1,2025-12-30 22:53:54
7774,CUST_401,PROD_42,1,2026-01-23 22:51:21
7775,CUST_474,PROD_60,2,2026-01-03 16:28:20
7776,CUST_225,PROD_52,3,2026-01-03 03:29:23
7777,CUST_255,PROD_78,2,2026-01-19 15:26:17
7778,CUST_52,PROD_62,4,2026-01-12 02:47:23
7779,CUST_410,PROD_48,3,2026-01-24 22:47:11
7780,CUST_300,PROD_45,2,2026-01-09 15:31:27
7781,CUST_116,PROD_18,1,2026-01-21 01:47:49
7782,CUST_9,PROD_5,1,2026-01-07 13:15:24
7783,CUST_24,PROD_64,1,2026-01-05 17:20:25
7784,CUST_320,PROD_8,5,2026-01-16 18:33:16
7785,CUST_317,PROD_3,1,2026-01-20 12:02:56
7786,CUST_451,PROD_46,4,2026-01-23 22:34:59
7787,CUST_123,PROD_44,4,2026-01-02 07:40:55
7788,CUST_480,PROD_66,1,2025-12-29 22:36:36
7789,CUST_189,PROD_82,2,2026-01-16 20:48:35
7790,CUST_233,PROD_22,2,2026-01-15 22:15:26
7791,CUST_318,PROD_5,3,2025-12-30 08:45:10
7792,CUST_112,PROD_55,3,2026-01-09 07:55:27
7793,CUST_128,PROD_38,2,2026-01-22 13:18:00
7794,CUST_444,PROD_73,5,2026-01-18 12:49:40
7795,CUST_399,PROD_77,2,2026-01-19 13:58:25
7796,CUST_249,PROD_21,2,2026-01-21 11:53:14
7797,CUST_113,PROD_24,1,2026-01-04 14:29:21
7798,CUST_140,PROD_99,4,2025-12-31 14:23:31
7799,CUST_31,PROD_28,2,2026-01-18 06:48:15
7800,CUST_456,PROD_59,5,2026-01-05 00:27:36
7801,CUST_129,PROD_64,4,2026-01-16 10:38:00
7802,CUST_78,PROD_80,2,2026-01-06 08:21:38
7803,CUST_46,PROD_93,2,2026-01-12 19:38:37
7804,CUST_478,PROD_43,2,2025-12-29 09:18:46
7805,CUST_296,PROD_41,4,2026-01-21 12:23:00
7806,CUST_120,PROD_70,4,2026-01-19 06:48:12
7807,CUST_375,PROD_86,2,2026-01-23 22:01:04
7808,CUST_384,PROD_16,3,2026-01-19 12:42:11
7809,CUST_134,PROD_96,2,2026-01-14 05:46:21
7810,CUST_408,PROD_56,3,2026-01-10 01:06:27
7811,CUST_18,PROD_41,5,2026-01-17 14:06:59
7812,CUST_375,PROD_66,3,2026-01-26 14:05:11
7813,CUST_450,PROD_22,1,2026-01-15 09:20:55
7814,CUST_43,PROD_75,1,2026-01-17 02:45:12
7815,CUST_275,PROD_45,4,2026-01-05 14:26:24
7816,CUST_178,PROD_69,3,2026-01-05 06:44:12
7817,CUST_120,PROD_85,5,2026-01-13 12:58:09
7818,CUST_336,PROD_56,1,2026-01-03 06:49:57
7819,CUST_20,PROD_7,4,2026-01-11 11:54:14
7820,CUST_63,PROD_87,1,2026-01-20 03:25:36
7821,CUST_442,PROD_87,1,2026-01-05 11:40:29
7822,CUST_378,PROD_44,5,2026-01-22 04:57:52
7823,CUST_381,PROD_82,2,2026-01-06 11:33:46
7824,CUST_178,PROD_93,4,2026-01-09 13:13:11
7825,CUST_445,PROD_80,3,2026-01-27 14:29:54
7826,CUST_324,PROD_35,5,2026-01-19 15:13:51
7827,CUST_358,PROD_64,4,2026-01-05 03:19:49
7828,CUST_68,PROD_98,4,2026-01-25 02:36:21
7829,CUST_234,PROD_71,4,2026-01-03 01:07:20
7830,CUST_199,PROD_35,2,2026-01-07 13:20:02
7831,CUST_414,PROD_58,4,2026-01-11 15:00:37
7832,CUST_299,PROD_79,1,2026-01-22 03:24:30
7833,CUST_422,PROD_72,3,2026-01-10 06:20:55
7834,CUST_322,PROD_14,2,2026-01-08 23:54:12
7835,CUST_407,PROD_16,5,2026-01-15 21:05:01
7836,CUST_2,PROD_66,3,2026-01-22 20:29:28
7837,CUST_2,PROD_22,4,2026-01-17 12:45:31
7838,CUST_447,PROD_39,3,2025-12-29 04:05:37
7839,CUST_297,PROD_14,1,2026-01-14 20:26:27
7840,CUST_204,PROD_76,5,2026-01-02 23:23:10
7841,CUST_398,PROD_98,4,2026-01-04 23:48:25
7842,CUST_91,PROD_27,2,2026-01-19 17:59:55
7843,CUST_295,PROD_31,1,2026-01-13 03:31:29
7844,CUST_274,PROD_70,4,2026-01-23 07:37:02
7845,CUST_433,PROD_19,5,2026-01-10 18:13:59
7846,CUST_175,PROD_14,4,2026-01-14 20:45:04
7847,CUST_151,PROD_76,3,2026-01-02 03:14:31
7848,CUST_239,PROD_83,2,2025-12-30 08:44:33
7849,CUST_312,PROD_72,3,2026-01-12 00:03:08
7850,CUST_473,PROD_31,3,2025-12-30 12:16:55
7851,CUST_425,PROD_51,3,2026-01-24 19:57:47
7852,CUST_443,PROD_49,1,2026-01-19 19:47:24
7853,CUST_71,PROD_33,2,2026-01-13 17:48:25
7854,CUST_114,PROD_51,3,2026-01-20 00:47:26
7855,CUST_339,PROD_81,5,2026-01-11 07:09:53
7856,CUST_472,PROD_80,4,2025-12-28 23:11:34
7857,CUST_38,PROD_32,3,2026-01-21 23:28:00
7858,CUST_153,PROD_24,3,2026-01-01 07:54:57
7859,CUST_251,PROD_18,2,2026-01-13 23:56:56
7860,CUST_448,PROD_38,2,2026-01-27 01:14:40
7861,CUST_204,PROD_13,3,2026-01-13 05:35:53
7862,CUST_237,PROD_25,2,2025-12-31 04:34:03
7863,CUST_73,PROD_11,5,2026-01-03 12:31:39
7864,CUST_69,PROD_81,5,2026-01-20 01:39:12
7865,CUST_456,PROD_46,1,2026-01-19 14:43:00
7866,CUST_208,PROD_91,3,2026-01-16 18:04:09
7867,CUST_372,PROD_11,4,2026-01-24 06:00:59
7868,CUST_87,PROD_84,2,2026-01-02 14:23:55
7869,CUST_168,PROD_95,1,2026-01-24 05:56:24
7870,CUST_293,PROD_6,4,2026-01-03 12:05:04
7871,CUST_323,PROD_92,2,2026-01-14 10:36:47
7872,CUST_450,PROD_90,2,2026-01-08 10:34:55
7873,CUST_112,PROD_1,5,2026-01-13 13:44:53
7874,CUST_462,PROD_43,5,2026-01-07 16:51:12
7875,CUST_394,PROD_78,1,2026-01-27 04:19:28
7876,CUST_476,PROD_40,3,2026-01-21 09:03:27
7877,CUST_76,PROD_45,2,2026-01-11 00:03:40
7878,CUST_476,PROD_35,3,2026-01-03 01:41:43
7879,CUST_404,PROD_18,1,2026-01-11 14:47:47
7880,CUST_388,PROD_89,1,2025-12-31 07:14:11
7881,CUST_45,PROD_30,3,2026-01-11 23:30:07
7882,CUST_337,PROD_5,4,2026-01-09 19:51:41
7883,CUST_449,PROD_81,4,2026-01-14 16:29:06
7884,CUST_338,PROD_85,5,2026-01-18 18:44:48
7885,CUST_218,PROD_35,3,2026-01-20 17:03:16
7886,CUST_267,PROD_78,1,2026-01-01 04:33:10
7887,CUST_222,PROD_39,3,2025-12-30 04:32:50
7888,CUST_270,PROD_16,2,2026-01-12 16:58:51
7889,CUST_137,PROD_14,1,2026-01-21 07:12:01
7890,CUST_471,PROD_3,2,2026-01-26 00:16:49
7891,CUST_73,PROD_98,5,2026-01-03 21:22:19
7892,CUST_28,PROD_48,5,2026-01-27 03:34:41
7893,CUST_312,PROD_66,5,2025-12-31 16:28:20
7894,CUST_342,PROD_4,3,2026-01-15 14:51:55
7895,CUST_187,PROD_18,3,2026-01-08 04:24:57
7896,CUST_329,PROD_16,2,2026-01-23 08:12:04
7897,CUST_397,PROD_20,3,2026-01-03 13:42:36
7898,CUST_488,PROD_1,1,2026-01-19 07:21:48
7899,CUST_374,PROD_15,2,2026-01-09 11:42:50
7900,CUST_412,PROD_84,2,2026-01-18 20:55:29
7901,CUST_477,PROD_99,3,2026-01-19 11:50:47
7902,CUST_225,PROD_35,2,2026-01-19 12:12:10
7903,CUST_151,PROD_47,5,2026-01-24 06:03:01
7904,CUST_229,PROD_48,2,2025-12-31 03:42:19
7905,CUST_232,PROD_92,4,2026-01-18 04:57:24
7906,CUST_491,PROD_27,1,2026-01-02 19:03:10
7907,CUST_122,PROD_35,2,2026-01-19 10:21:57
7908,CUST_211,PROD_61,1,2026-01-17 00:14:16
7909,CUST_420,PROD_1,3,2026-01-06 03:41:21
7910,CUST_223,PROD_35,1,2026-01-27 12:28:29
7911,CUST_205,PROD_20,4,2025-12-28 20:23:22
7912,CUST_213,PROD_59,3,2026-01-22 06:40:39
7913,CUST_211,PROD_40,3,2026-01-11 01:03:43
7914,CUST_416,PROD_1,2,2026-01-19 18:05:27
7915,CUST_31,PROD_49,2,2026-01-06 12:17:56
7916,CUST_467,PROD_42,4,2026-01-04 21:43:31
7917,CUST_160,PROD_82,2,2026-01-15 11:06:45
7918,CUST_73,PROD_47,2,2026-01-24 03:05:02
7919,CUST_477,PROD_9,3,2026-01-19 09:37:32
7920,CUST_442,PROD_1,5,2026-01-05 11:34:33
7921,CUST_139,PROD_19,3,2026-01-25 22:59:08
7922,CUST_451,PROD_30,4,2026-01-19 06:11:55
7923,CUST_21,PROD_62,2,2026-01-02 20:01:29
7924,CUST_392,PROD_24,4,2026-01-08 05:12:18
7925,CUST_405,PROD_53,4,2026-01-06 05:24:40
7926,CUST_222,PROD_59,5,2025-12-29 11:24:17
7927,CUST_374,PROD_43,4,2026-01-27 18:13:51
7928,CUST_113,PROD_85,1,2026-01-18 09:45:24
7929,CUST_353,PROD_65,2,2026-01-27 06:40:25
7930,CUST_346,PROD_50,2,2026-01-22 09:03:55
7931,CUST_370,PROD_7,2,2025-12-29 06:25:03
7932,CUST_129,PROD_89,2,2026-01-23 17:43:33
7933,CUST_58,PROD_62,2,2026-01-19 14:08:28
7934,CUST_195,PROD_79,4,2026-01-17 19:44:48
7935,CUST_148,PROD_61,4,2026-01-02 22:21:10
7936,CUST_33,PROD_77,3,2025-12-31 01:08:13
7937,CUST_295,PROD_56,3,2026-01-01 00:46:20
7938,CUST_19,PROD_12,1,2026-01-20 19:58:45
7939,CUST_100,PROD_75,4,2026-01-23 22:45:45
7940,CUST_491,PROD_97,5,2026-01-11 23:11:47
7941,CUST_51,PROD_47,2,2026-01-17 09:36:09
7942,CUST_496,PROD_74,2,2026-01-12 14:45:51
7943,CUST_388,PROD_19,5,2026-01-21 05:25:40
7944,CUST_258,PROD_83,3,2026-01-04 16:28:23
7945,CUST_390,PROD_31,3,2026-01-13 05:58:17
7946,CUST_304,PROD_53,3,2026-01-17 23:51:16
7947,CUST_425,PROD_81,1,2026-01-21 19:32:39
7948,CUST_21,PROD_34,4,2025-12-31 11:45:58
7949,CUST_109,PROD_18,3,2026-01-18 17:18:58
7950,CUST_59,PROD_62,4,2026-01-23 21:59:00
7951,CUST_113,PROD_15,5,2026-01-22 22:44:17
7952,CUST_266,PROD_84,1,2026-01-24 11:56:28
7953,CUST_358,PROD_53,4,2026-01-11 09:20:43
7954,CUST_170,PROD_32,1,2026-01-10 22:09:21
7955,CUST_345,PROD_93,5,2026-01-13 01:46:38
7956,CUST_116,PROD_37,2,2026-01-16 18:02:48
7957,CUST_111,PROD_8,4,2026-01-15 18:40:49
7958,CUST_237,PROD_87,3,2026-01-07 05:15:05
7959,CUST_499,PROD_49,4,2026-01-23 06:09:58
7960,CUST_388,PROD_72,3,2026-01-01 17:55:34
7961,CUST_407,PROD_27,2,2026-01-21 23:41:45
7962,CUST_277,PROD_41,4,2026-01-15 03:40:07
7963,CUST_381,PROD_55,3,2026-01-21 05:55:24
7964,CUST_337,PROD_40,5,2026-01-17 20:25:10
7965,CUST_221,PROD_2,3,2026-01-11 03:25:56
7966,CUST_142,PROD_86,2,2026-01-18 04:48:19
7967,CUST_477,PROD_70,1,2026-01-20 06:53:44
7968,CUST_430,PROD_39,1,2025-12-30 20:51:32
7969,CUST_140,PROD_57,1,2026-01-07 10:16:13
7970,CUST_24,PROD_92,4,2025-12-31 02:05:17
7971,CUST_168,PROD_39,4,2026-01-18 17:42:28
7972,CUST_390,PROD_15,4,2026-01-12 12:09:57
7973,CUST_316,PROD_43,2,2026-01-11 18:00:56
7974,CUST_457,PROD_96,1,2026-01-17 04:37:48
7975,CUST_296,PROD_38,3,2026-01-10 08:58:41
7976,CUST_37,PROD_68,5,2026-01-27 17:49:31
7977,CUST_7,PROD_49,3,2026-01-25 04:13:12
7978,CUST_328,PROD_91,4,2026-01-20 23:52:46
7979,CUST_482,PROD_31,4,2026-01-15 05:11:32
7980,CUST_19,PROD_56,5,2026-01-21 05:59:50
7981,CUST_180,PROD_1,5,2026-01-19 00:25:23
7982,CUST_53,PROD_59,4,2026-01-15 05:18:03
7983,CUST_440,PROD_62,4,2026-01-13 16:19:15
7984,CUST_324,PROD_65,4,2026-01-15 21:30:32
7985,CUST_307,PROD_18,5,2026-01-24 15:29:08
7986,CUST_299,PROD_67,1,2025-12-30 08:27:48
7987,CUST_203,PROD_80,3,2026-01-27 05:41:01
7988,CUST_124,PROD_11,1,2026-01-23 11:49:17
7989,CUST_466,PROD_22,3,2026-01-14 21:21:49
7990,CUST_450,PROD_22,1,2026-01-13 01:15:30
7991,CUST_404,PROD_70,3,2026-01-24 05:45:22
7992,CUST_84,PROD_16,5,2025-12-29 03:42:51
7993,CUST_324,PROD_50,2,2026-01-14 15:48:02
7994,CUST_465,PROD_27,3,2026-01-25 14:03:22
7995,CUST_326,PROD_94,2,2026-01-10 20:07:03
7996,CUST_94,PROD_33,2,2026-01-22 11:17:52
7997,CUST_64,PROD_29,3,2026-01-10 21:03:16
7998,CUST_280,PROD_6,4,2026-01-10 16:40:32
7999,CUST_454,PROD_84,4,2025-12-28 20:09:36
8000,CUST_394,PROD_83,2,2026-01-19 03:56:27
8001,CUST_411,PROD_60,3,2026-01-09 02:34:15
8002,CUST_169,PROD_8,4,2026-01-22 08:35:14
8003,CUST_229,PROD_57,5,2026-01-10 01:23:04
8004,CUST_216,PROD_97,5,2026-01-12 01:25:32
8005,CUST_117,PROD_18,5,2025-12-31 01:29:00
8006,CUST_382,PROD_30,4,2026-01-06 13:09:00
8007,CUST_384,PROD_16,4,2026-01-11 12:23:45
8008,CUST_369,PROD_22,4,2026-01-21 00:22:45
8009,CUST_184,PROD_62,2,2025-12-28 21:36:29
8010,CUST_332,PROD_59,3,2026-01-03 08:11:05
8011,CUST_20,PROD_45,5,2026-01-16 06:42:36
8012,CUST_322,PROD_81,5,2026-01-16 04:57:24
8013,CUST_59,PROD_85,4,2026-01-26 13:32:20
8014,CUST_410,PROD_9,3,2026-01-25 17:06:02
8015,CUST_147,PROD_16,3,2026-01-08 14:58:12
8016,CUST_31,PROD_99,4,2026-01-10 18:29:45
8017,CUST_304,PROD_46,2,2026-01-14 14:50:49
8018,CUST_476,PROD_84,2,2026-01-03 10:04:47
8019,CUST_227,PROD_97,3,2026-01-22 13:55:13
8020,CUST_5,PROD_78,3,2026-01-13 16:23:25
8021,CUST_297,PROD_15,3,2026-01-14 03:19:33
8022,CUST_285,PROD_34,1,2026-01-05 07:09:15
8023,CUST_186,PROD_41,2,2026-01-20 07:06:07
8024,CUST_80,PROD_45,4,2026-01-20 11:13:49
8025,CUST_449,PROD_88,3,2026-01-23 19:37:25
8026,CUST_98,PROD_65,4,2026-01-01 02:54:51
8027,CUST_360,PROD_34,4,2026-01-19 21:11:54
8028,CUST_177,PROD_6,2,2025-12-31 04:26:55
8029,CUST_388,PROD_16,5,2025-12-29 15:34:45
8030,CUST_366,PROD_14,3,2026-01-13 09:29:43
8031,CUST_405,PROD_96,1,2026-01-23 12:25:17
8032,CUST_51,PROD_67,1,2026-01-15 02:07:08
8033,CUST_387,PROD_62,1,2026-01-13 04:33:07
8034,CUST_34,PROD_79,5,2026-01-08 02:19:01
8035,CUST_236,PROD_68,5,2026-01-05 01:06:03
8036,CUST_401,PROD_55,3,2026-01-16 14:25:31
8037,CUST_427,PROD_16,2,2026-01-05 14:34:02
8038,CUST_473,PROD_46,2,2025-12-29 17:43:00
8039,CUST_317,PROD_78,1,2026-01-03 11:56:02
8040,CUST_296,PROD_66,5,2026-01-02 04:59:58
8041,CUST_470,PROD_61,1,2026-01-07 18:07:46
8042,CUST_162,PROD_43,1,2026-01-07 13:19:36
8043,CUST_388,PROD_12,5,2025-12-29 12:25:05
8044,CUST_495,PROD_50,2,2026-01-23 13:28:25
8045,CUST_237,PROD_14,5,2026-01-12 08:58:14
8046,CUST_310,PROD_15,5,2026-01-18 19:35:41
8047,CUST_250,PROD_61,1,2026-01-10 15:11:01
8048,CUST_412,PROD_63,2,2026-01-10 10:07:42
8049,CUST_138,PROD_4,1,2026-01-16 09:16:25
8050,CUST_435,PROD_39,4,2026-01-16 18:40:51
8051,CUST_66,PROD_69,4,2026-01-04 05:40:29
8052,CUST_124,PROD_12,4,2026-01-08 20:11:18
8053,CUST_471,PROD_24,1,2026-01-05 04:54:24
8054,CUST_186,PROD_54,1,2026-01-01 00:53:12
8055,CUST_165,PROD_44,1,2026-01-07 15:23:03
8056,CUST_173,PROD_77,3,2026-01-02 19:10:27
8057,CUST_62,PROD_14,4,2026-01-01 04:25:55
8058,CUST_235,PROD_82,5,2026-01-25 20:42:30
8059,CUST_422,PROD_78,5,2026-01-14 19:59:30
8060,CUST_187,PROD_12,2,2026-01-17 22:54:28
8061,CUST_9,PROD_63,3,2026-01-06 01:57:35
8062,CUST_346,PROD_14,5,2026-01-21 02:38:13
8063,CUST_157,PROD_76,2,2026-01-16 16:34:28
8064,CUST_334,PROD_89,2,2026-01-09 13:13:36
8065,CUST_189,PROD_6,3,2026-01-10 06:09:58
8066,CUST_291,PROD_27,3,2026-01-09 20:39:45
8067,CUST_110,PROD_25,4,2026-01-04 09:53:42
8068,CUST_109,PROD_69,1,2026-01-09 04:11:02
8069,CUST_365,PROD_80,3,2026-01-16 23:10:45
8070,CUST_347,PROD_52,5,2026-01-14 14:46:24
8071,CUST_475,PROD_65,3,2026-01-13 22:44:21
8072,CUST_368,PROD_48,3,2026-01-01 07:09:05
8073,CUST_455,PROD_66,4,2026-01-18 08:31:30
8074,CUST_111,PROD_94,5,2026-01-15 23:55:12
8075,CUST_140,PROD_32,3,2026-01-13 17:23:56
8076,CUST_12,PROD_22,2,2026-01-20 10:55:58
8077,CUST_338,PROD_81,1,2026-01-19 18:12:26
8078,CUST_441,PROD_51,3,2026-01-22 15:44:13
8079,CUST_168,PROD_14,1,2025-12-28 19:06:06
8080,CUST_169,PROD_95,2,2026-01-23 13:17:01
8081,CUST_19,PROD_42,1,2026-01-05 05:48:22
8082,CUST_405,PROD_34,3,2026-01-14 03:51:05
8083,CUST_248,PROD_6,2,2026-01-23 14:10:06
8084,CUST_273,PROD_15,3,2026-01-03 13:31:24
8085,CUST_413,PROD_22,5,2026-01-13 03:53:49
8086,CUST_134,PROD_70,1,2026-01-01 21:20:47
8087,CUST_38,PROD_48,5,2026-01-19 02:28:48
8088,CUST_187,PROD_19,5,2026-01-26 22:34:50
8089,CUST_226,PROD_64,5,2026-01-07 13:14:42
8090,CUST_226,PROD_91,1,2025-12-31 20:22:14
8091,CUST_458,PROD_78,5,2026-01-26 18:24:29
8092,CUST_450,PROD_82,1,2026-01-06 05:07:46
8093,CUST_328,PROD_8,3,2025-12-30 23:54:16
8094,CUST_408,PROD_54,3,2025-12-30 08:55:29
8095,CUST_2,PROD_13,1,2026-01-17 13:26:48
8096,CUST_244,PROD_96,1,2026-01-22 23:20:08
8097,CUST_112,PROD_44,3,2026-01-15 11:47:42
8098,CUST_135,PROD_95,3,2026-01-07 21:25:47
8099,CUST_438,PROD_80,3,2026-01-19 17:10:06
8100,CUST_51,PROD_8,2,2025-12-31 04:03:47
8101,CUST_438,PROD_78,3,2026-01-17 18:22:07
8102,CUST_242,PROD_90,3,2026-01-09 17:32:49
8103,CUST_320,PROD_63,3,2026-01-23 12:47:01
8104,CUST_485,PROD_90,4,2026-01-27 16:36:26
8105,CUST_327,PROD_30,3,2026-01-04 10:43:49
8106,CUST_497,PROD_37,1,2025-12-29 13:32:10
8107,CUST_489,PROD_10,4,2026-01-21 23:07:32
8108,CUST_304,PROD_60,4,2026-01-09 06:36:07
8109,CUST_226,PROD_50,3,2026-01-08 02:08:14
8110,CUST_305,PROD_78,3,2026-01-26 01:11:03
8111,CUST_331,PROD_7,1,2026-01-09 06:09:23
8112,CUST_438,PROD_2,5,2026-01-15 03:29:43
8113,CUST_451,PROD_2,2,2026-01-14 01:30:37
8114,CUST_334,PROD_13,3,2026-01-23 02:38:36
8115,CUST_320,PROD_80,1,2026-01-08 17:27:56
8116,CUST_176,PROD_15,5,2026-01-18 13:54:18
8117,CUST_439,PROD_63,2,2026-01-17 02:34:24
8118,CUST_230,PROD_34,5,2026-01-14 01:54:49
8119,CUST_331,PROD_18,2,2026-01-20 11:45:20
8120,CUST_472,PROD_49,3,2026-01-09 16:06:15
8121,CUST_282,PROD_97,1,2026-01-25 09:06:36
8122,CUST_463,PROD_44,2,2026-01-13 21:07:55
8123,CUST_405,PROD_57,1,2026-01-21 03:20:18
8124,CUST_230,PROD_46,3,2026-01-21 01:13:32
8125,CUST_175,PROD_98,1,2026-01-01 13:53:37
8126,CUST_166,PROD_28,5,2026-01-03 21:00:42
8127,CUST_336,PROD_23,2,2026-01-09 12:49:26
8128,CUST_6,PROD_49,5,2025-12-31 02:00:05
8129,CUST_164,PROD_96,3,2026-01-15 15:10:49
8130,CUST_424,PROD_80,4,2025-12-29 00:12:20
8131,CUST_62,PROD_57,1,2025-12-30 15:31:39
8132,CUST_192,PROD_93,4,2025-12-29 06:40:58
8133,CUST_360,PROD_74,3,2026-01-13 14:51:34
8134,CUST_200,PROD_87,2,2026-01-03 23:25:22
8135,CUST_213,PROD_6,2,2026-01-19 04:44:36
8136,CUST_411,PROD_9,1,2026-01-26 09:21:11
8137,CUST_292,PROD_53,2,2026-01-05 18:34:21
8138,CUST_395,PROD_38,2,2026-01-15 01:13:33
8139,CUST_158,PROD_76,1,2026-01-16 20:50:18
8140,CUST_139,PROD_52,1,2026-01-07 01:27:56
8141,CUST_2,PROD_33,2,2026-01-14 08:01:37
8142,CUST_234,PROD_8,1,2026-01-01 07:05:27
8143,CUST_169,PROD_5,2,2025-12-30 11:37:36
8144,CUST_17,PROD_7,3,2026-01-02 13:54:54
8145,CUST_203,PROD_59,3,2026-01-09 12:04:48
8146,CUST_459,PROD_20,5,2026-01-20 10:52:21
8147,CUST_500,PROD_77,3,2026-01-22 19:44:44
8148,CUST_367,PROD_93,5,2026-01-21 04:42:39
8149,CUST_210,PROD_68,3,2026-01-18 12:26:22
8150,CUST_141,PROD_74,4,2026-01-16 10:37:11
8151,CUST_277,PROD_74,2,2026-01-17 21:11:26
8152,CUST_229,PROD_4,5,2026-01-20 11:01:58
8153,CUST_142,PROD_27,2,2026-01-15 00:38:02
8154,CUST_457,PROD_75,4,2026-01-22 13:09:42
8155,CUST_437,PROD_74,3,2026-01-10 14:02:23
8156,CUST_197,PROD_84,3,2026-01-04 19:20:55
8157,CUST_273,PROD_92,2,2026-01-27 05:06:44
8158,CUST_140,PROD_58,1,2026-01-10 10:55:47
8159,CUST_123,PROD_87,4,2025-12-29 16:26:26
8160,CUST_103,PROD_74,2,2026-01-15 14:42:06
8161,CUST_461,PROD_81,2,2026-01-02 03:33:35
8162,CUST_365,PROD_30,4,2026-01-02 08:58:03
8163,CUST_328,PROD_24,2,2026-01-04 22:59:37
8164,CUST_31,PROD_23,3,2026-01-21 14:28:35
8165,CUST_129,PROD_15,5,2026-01-15 22:38:08
8166,CUST_425,PROD_57,1,2025-12-31 06:40:57
8167,CUST_148,PROD_14,1,2026-01-10 04:11:22
8168,CUST_343,PROD_7,2,2026-01-19 04:48:55
8169,CUST_484,PROD_61,2,2026-01-04 23:49:57
8170,CUST_422,PROD_69,1,2026-01-10 00:48:09
8171,CUST_96,PROD_47,2,2026-01-03 05:18:26
8172,CUST_256,PROD_91,1,2026-01-05 04:48:28
8173,CUST_348,PROD_87,4,2026-01-13 19:45:27
8174,CUST_441,PROD_49,1,2026-01-13 04:35:07
8175,CUST_41,PROD_72,2,2026-01-23 06:33:41
8176,CUST_19,PROD_19,3,2026-01-25 19:36:14
8177,CUST_296,PROD_73,1,2026-01-14 20:40:00
8178,CUST_464,PROD_82,5,2026-01-27 16:05:23
8179,CUST_464,PROD_88,1,2026-01-14 07:21:19
8180,CUST_126,PROD_89,5,2026-01-06 05:00:41
8181,CUST_263,PROD_45,1,2026-01-02 09:56:54
8182,CUST_111,PROD_90,3,2026-01-10 07:26:27
8183,CUST_487,PROD_81,4,2025-12-30 21:56:56
8184,CUST_231,PROD_46,3,2025-12-30 01:07:23
8185,CUST_191,PROD_44,1,2026-01-25 09:07:40
8186,CUST_315,PROD_10,3,2026-01-27 02:30:30
8187,CUST_215,PROD_77,2,2026-01-10 10:35:01
8188,CUST_107,PROD_62,3,2026-01-20 02:33:29
8189,CUST_221,PROD_6,4,2026-01-26 09:01:30
8190,CUST_479,PROD_15,3,2026-01-10 20:24:12
8191,CUST_499,PROD_95,1,2026-01-05 23:28:41
8192,CUST_173,PROD_38,1,2026-01-01 20:30:14
8193,CUST_116,PROD_61,2,2025-12-29 07:51:47
8194,CUST_54,PROD_98,3,2026-01-02 07:14:12
8195,CUST_303,PROD_67,1,2026-01-08 12:03:40
8196,CUST_320,PROD_16,4,2026-01-10 07:05:11
8197,CUST_199,PROD_12,5,2026-01-13 10:08:29
8198,CUST_125,PROD_42,1,2026-01-15 17:36:34
8199,CUST_10,PROD_30,2,2026-01-18 13:17:36
8200,CUST_26,PROD_93,2,2026-01-03 05:18:41
8201,CUST_281,PROD_84,4,2026-01-19 10:01:07
8202,CUST_254,PROD_36,4,2026-01-17 12:18:17
8203,CUST_137,PROD_70,4,2026-01-07 19:22:54
8204,CUST_75,PROD_7,3,2026-01-09 02:34:53
8205,CUST_148,PROD_62,2,2026-01-22 09:48:45
8206,CUST_194,PROD_70,1,2026-01-02 15:02:20
8207,CUST_437,PROD_55,4,2026-01-05 15:09:55
8208,CUST_434,PROD_99,4,2026-01-19 06:28:00
8209,CUST_3,PROD_44,1,2026-01-17 12:14:08
8210,CUST_429,PROD_90,3,2026-01-26 18:54:22
8211,CUST_14,PROD_91,4,2026-01-18 22:46:57
8212,CUST_198,PROD_57,2,2026-01-25 13:19:30
8213,CUST_68,PROD_46,5,2026-01-05 09:33:08
8214,CUST_313,PROD_46,3,2026-01-01 05:08:58
8215,CUST_274,PROD_56,4,2025-12-31 02:14:16
8216,CUST_33,PROD_72,2,2026-01-06 01:56:16
8217,CUST_305,PROD_23,3,2026-01-19 08:19:52
8218,CUST_274,PROD_88,2,2026-01-03 12:19:05
8219,CUST_5,PROD_84,5,2026-01-03 12:03:54
8220,CUST_201,PROD_68,1,2025-12-31 02:09:58
8221,CUST_480,PROD_45,5,2026-01-01 00:48:13
8222,CUST_376,PROD_69,1,2026-01-10 16:15:39
8223,CUST_319,PROD_41,2,2026-01-02 13:55:25
8224,CUST_93,PROD_8,5,2026-01-07 04:41:35
8225,CUST_126,PROD_21,2,2026-01-02 02:52:56
8226,CUST_421,PROD_56,3,2026-01-12 19:46:39
8227,CUST_249,PROD_39,5,2026-01-17 00:17:24
8228,CUST_152,PROD_7,2,2026-01-04 22:33:57
8229,CUST_281,PROD_46,1,2026-01-21 04:36:04
8230,CUST_19,PROD_73,2,2026-01-07 21:24:35
8231,CUST_354,PROD_98,2,2026-01-23 03:11:27
8232,CUST_281,PROD_80,2,2026-01-25 14:50:29
8233,CUST_282,PROD_9,1,2025-12-30 08:39:23
8234,CUST_272,PROD_16,5,2026-01-19 15:10:11
8235,CUST_495,PROD_32,2,2026-01-17 05:14:55
8236,CUST_258,PROD_41,2,2026-01-19 09:42:26
8237,CUST_345,PROD_54,2,2026-01-03 16:13:43
8238,CUST_181,PROD_16,3,2026-01-09 01:32:04
8239,CUST_111,PROD_27,5,2026-01-23 13:28:20
8240,CUST_334,PROD_12,4,2026-01-23 16:13:19
8241,CUST_441,PROD_54,1,2026-01-23 20:34:51
8242,CUST_219,PROD_84,5,2026-01-15 14:57:50
8243,CUST_10,PROD_67,2,2025-12-30 03:47:16
8244,CUST_373,PROD_47,2,2026-01-02 14:59:43
8245,CUST_92,PROD_86,3,2026-01-04 07:16:18
8246,CUST_423,PROD_56,2,2026-01-08 10:58:29
8247,CUST_323,PROD_12,3,2026-01-15 16:19:01
8248,CUST_404,PROD_10,3,2026-01-07 09:15:01
8249,CUST_223,PROD_5,2,2026-01-15 21:44:04
8250,CUST_79,PROD_83,4,2026-01-04 09:53:29
8251,CUST_22,PROD_83,5,2026-01-17 05:16:48
8252,CUST_448,PROD_16,5,2026-01-13 06:34:22
8253,CUST_246,PROD_28,5,2025-12-30 12:54:06
8254,CUST_310,PROD_35,1,2026-01-12 07:52:52
8255,CUST_72,PROD_95,3,2026-01-24 16:52:44
8256,CUST_151,PROD_54,5,2026-01-26 07:13:54
8257,CUST_460,PROD_13,2,2026-01-12 14:53:54
8258,CUST_395,PROD_97,3,2026-01-11 21:19:32
8259,CUST_149,PROD_60,3,2025-12-30 13:32:40
8260,CUST_211,PROD_83,3,2026-01-24 07:52:23
8261,CUST_384,PROD_76,3,2025-12-29 07:00:34
8262,CUST_10,PROD_96,3,2026-01-14 03:36:53
8263,CUST_39,PROD_60,4,2026-01-06 05:37:17
8264,CUST_235,PROD_69,1,2026-01-02 00:49:39
8265,CUST_190,PROD_56,5,2026-01-09 06:09:23
8266,CUST_285,PROD_88,5,2026-01-23 03:52:23
8267,CUST_126,PROD_33,4,2026-01-06 13:48:16
8268,CUST_467,PROD_9,1,2026-01-22 00:03:56
8269,CUST_479,PROD_80,1,2026-01-18 06:31:02
8270,CUST_414,PROD_9,1,2026-01-16 22:54:24
8271,CUST_279,PROD_4,5,2026-01-01 22:34:10
8272,CUST_320,PROD_78,3,2026-01-23 08:56:29
8273,CUST_190,PROD_89,4,2026-01-04 08:43:40
8274,CUST_30,PROD_55,1,2026-01-18 20:29:59
8275,CUST_153,PROD_13,3,2026-01-08 02:02:46
8276,CUST_104,PROD_45,1,2026-01-23 04:32:03
8277,CUST_299,PROD_56,2,2026-01-02 20:31:47
8278,CUST_393,PROD_85,1,2026-01-25 02:57:32
8279,CUST_238,PROD_33,1,2026-01-15 00:17:59
8280,CUST_458,PROD_4,5,2025-12-29 15:39:33
8281,CUST_287,PROD_81,4,2026-01-12 09:29:19
8282,CUST_260,PROD_37,5,2026-01-09 22:55:14
8283,CUST_451,PROD_69,4,2026-01-22 21:47:20
8284,CUST_308,PROD_24,1,2026-01-18 01:33:21
8285,CUST_217,PROD_20,3,2026-01-18 20:20:58
8286,CUST_397,PROD_58,4,2026-01-17 00:13:00
8287,CUST_315,PROD_58,1,2026-01-17 18:05:43
8288,CUST_37,PROD_1,2,2026-01-13 11:34:00
8289,CUST_467,PROD_4,4,2026-01-12 10:15:15
8290,CUST_474,PROD_89,3,2026-01-18 13:52:50
8291,CUST_79,PROD_64,5,2026-01-13 10:36:34
8292,CUST_480,PROD_12,3,2026-01-01 23:50:03
8293,CUST_212,PROD_41,4,2026-01-16 19:59:39
8294,CUST_24,PROD_30,3,2026-01-23 02:45:11
8295,CUST_334,PROD_25,4,2026-01-27 11:54:18
8296,CUST_279,PROD_53,4,2026-01-12 10:02:33
8297,CUST_202,PROD_18,5,2026-01-01 11:56:02
8298,CUST_24,PROD_3,3,2026-01-25 10:58:26
8299,CUST_140,PROD_29,3,2026-01-03 03:44:30
8300,CUST_412,PROD_59,4,2026-01-18 10:33:35
8301,CUST_373,PROD_3,3,2026-01-22 03:52:46
8302,CUST_107,PROD_58,4,2026-01-26 14:09:14
8303,CUST_219,PROD_52,2,2026-01-02 15:05:28
8304,CUST_206,PROD_48,4,2025-12-31 01:49:29
8305,CUST_497,PROD_94,4,2026-01-01 22:39:54
8306,CUST_222,PROD_34,4,2026-01-16 09:56:49
8307,CUST_247,PROD_21,1,2026-01-16 08:48:34
8308,CUST_50,PROD_63,4,2026-01-10 01:44:27
8309,CUST_212,PROD_51,2,2026-01-26 09:09:46
8310,CUST_166,PROD_97,2,2026-01-06 18:53:08
8311,CUST_381,PROD_49,2,2025-12-30 21:54:55
8312,CUST_431,PROD_12,5,2026-01-05 18:47:29
8313,CUST_379,PROD_3,4,2026-01-17 07:23:19
8314,CUST_444,PROD_52,4,2026-01-19 13:45:01
8315,CUST_291,PROD_10,1,2026-01-08 05:58:34
8316,CUST_442,PROD_67,2,2026-01-12 07:42:11
8317,CUST_487,PROD_38,4,2026-01-11 10:52:16
8318,CUST_82,PROD_1,3,2026-01-11 08:28:57
8319,CUST_72,PROD_36,2,2026-01-21 08:31:33
8320,CUST_114,PROD_54,1,2025-12-29 17:15:59
8321,CUST_175,PROD_87,2,2026-01-23 21:25:34
8322,CUST_144,PROD_96,3,2026-01-03 17:36:02
8323,CUST_407,PROD_5,3,2026-01-15 02:40:23
8324,CUST_339,PROD_12,3,2026-01-06 02:47:02
8325,CUST_18,PROD_30,5,2026-01-26 09:37:07
8326,CUST_345,PROD_9,4,2026-01-26 18:59:07
8327,CUST_474,PROD_88,4,2025-12-30 06:35:16
8328,CUST_390,PROD_37,1,2026-01-24 18:19:11
8329,CUST_453,PROD_18,1,2026-01-15 22:26:40
8330,CUST_46,PROD_40,1,2026-01-21 01:58:25
8331,CUST_158,PROD_74,5,2026-01-17 23:36:55
8332,CUST_229,PROD_25,1,2026-01-12 11:30:42
8333,CUST_23,PROD_18,1,2026-01-02 03:03:22
8334,CUST_265,PROD_35,2,2026-01-05 06:30:31
8335,CUST_30,PROD_26,5,2026-01-17 17:24:41
8336,CUST_118,PROD_47,2,2026-01-20 23:26:09
8337,CUST_424,PROD_34,3,2026-01-01 16:39:20
8338,CUST_25,PROD_63,2,2026-01-24 10:56:33
8339,CUST_339,PROD_32,5,2026-01-16 07:14:49
8340,CUST_195,PROD_74,1,2026-01-01 13:08:02
8341,CUST_223,PROD_98,4,2025-12-31 09:48:08
8342,CUST_370,PROD_84,5,2025-12-30 08:43:31
8343,CUST_161,PROD_94,3,2025-12-31 19:36:53
8344,CUST_100,PROD_100,5,2026-01-16 21:21:29
8345,CUST_267,PROD_58,1,2026-01-07 21:28:12
8346,CUST_316,PROD_82,3,2026-01-06 18:01:57
8347,CUST_471,PROD_38,5,2026-01-15 19:06:21
8348,CUST_447,PROD_76,4,2026-01-10 16:59:40
8349,CUST_192,PROD_86,5,2026-01-07 13:21:19
8350,CUST_117,PROD_45,4,2026-01-08 04:22:02
8351,CUST_232,PROD_66,5,2026-01-19 12:16:35
8352,CUST_406,PROD_28,3,2026-01-15 11:47:53
8353,CUST_133,PROD_66,4,2026-01-13 15:12:54
8354,CUST_421,PROD_37,1,2026-01-02 07:07:16
8355,CUST_495,PROD_78,5,2026-01-18 08:41:45
8356,CUST_475,PROD_96,4,2026-01-07 05:05:36
8357,CUST_410,PROD_14,1,2026-01-14 23:17:50
8358,CUST_493,PROD_20,4,2026-01-15 22:12:47
8359,CUST_377,PROD_5,2,2026-01-14 21:31:49
8360,CUST_420,PROD_22,4,2026-01-10 07:58:01
8361,CUST_232,PROD_93,4,2026-01-03 07:27:39
8362,CUST_412,PROD_74,1,2026-01-17 07:44:58
8363,CUST_153,PROD_40,4,2026-01-12 15:56:57
8364,CUST_123,PROD_58,5,2026-01-03 04:20:48
8365,CUST_117,PROD_93,1,2026-01-20 03:52:57
8366,CUST_128,PROD_30,4,2026-01-22 07:42:19
8367,CUST_339,PROD_21,2,2026-01-16 17:09:51
8368,CUST_109,PROD_34,4,2026-01-26 14:02:12
8369,CUST_157,PROD_85,5,2026-01-05 09:46:31
8370,CUST_465,PROD_5,4,2026-01-26 12:13:34
8371,CUST_355,PROD_28,5,2026-01-04 02:27:47
8372,CUST_174,PROD_10,2,2026-01-06 11:38:58
8373,CUST_288,PROD_83,4,2026-01-10 07:37:43
8374,CUST_403,PROD_23,1,2026-01-18 15:55:18
8375,CUST_2,PROD_16,2,2026-01-16 11:18:00
8376,CUST_135,PROD_94,4,2026-01-25 02:38:46
8377,CUST_119,PROD_100,5,2026-01-10 22:01:52
8378,CUST_129,PROD_97,3,2026-01-05 13:17:25
8379,CUST_298,PROD_29,3,2026-01-11 04:51:47
8380,CUST_151,PROD_77,4,2026-01-18 16:10:12
8381,CUST_288,PROD_9,2,2026-01-23 12:11:01
8382,CUST_386,PROD_70,3,2026-01-22 01:54:55
8383,CUST_393,PROD_58,1,2026-01-22 08:44:47
8384,CUST_228,PROD_46,5,2026-01-05 04:17:27
8385,CUST_222,PROD_2,5,2026-01-17 11:47:35
8386,CUST_230,PROD_69,3,2026-01-21 02:50:02
8387,CUST_499,PROD_24,3,2026-01-09 07:16:36
8388,CUST_207,PROD_15,1,2026-01-09 03:22:05
8389,CUST_247,PROD_44,5,2026-01-20 00:34:31
8390,CUST_368,PROD_75,4,2026-01-21 09:11:36
8391,CUST_269,PROD_45,3,2026-01-22 23:38:16
8392,CUST_210,PROD_44,4,2026-01-03 01:31:25
8393,CUST_386,PROD_49,1,2026-01-17 23:39:30
8394,CUST_425,PROD_70,1,2026-01-02 21:55:19
8395,CUST_440,PROD_23,5,2025-12-29 20:33:25
8396,CUST_67,PROD_80,1,2026-01-11 13:39:17
8397,CUST_59,PROD_21,5,2026-01-15 22:40:33
8398,CUST_368,PROD_11,4,2026-01-09 18:28:10
8399,CUST_476,PROD_60,4,2026-01-07 10:58:47
8400,CUST_21,PROD_75,5,2026-01-23 08:58:56
8401,CUST_120,PROD_50,5,2026-01-06 16:27:50
8402,CUST_392,PROD_5,1,2026-01-09 23:15:29
8403,CUST_222,PROD_29,2,2026-01-09 05:56:53
8404,CUST_175,PROD_38,5,2026-01-06 23:48:48
8405,CUST_382,PROD_47,5,2026-01-09 10:42:38
8406,CUST_171,PROD_63,2,2026-01-16 22:47:52
8407,CUST_68,PROD_13,3,2026-01-24 18:25:59
8408,CUST_269,PROD_56,2,2026-01-11 06:04:41
8409,CUST_26,PROD_30,2,2026-01-18 16:09:03
8410,CUST_154,PROD_78,2,2026-01-27 10:08:33
8411,CUST_464,PROD_39,3,2026-01-23 20:29:04
8412,CUST_328,PROD_24,5,2026-01-07 21:28:25
8413,CUST_152,PROD_100,5,2026-01-11 20:27:35
8414,CUST_428,PROD_10,5,2026-01-09 03:25:16
8415,CUST_467,PROD_41,3,2026-01-15 19:01:44
8416,CUST_255,PROD_5,4,2026-01-13 02:15:39
8417,CUST_458,PROD_23,1,2026-01-13 07:28:10
8418,CUST_281,PROD_48,2,2026-01-07 21:31:14
8419,CUST_266,PROD_88,1,2026-01-03 10:55:17
8420,CUST_280,PROD_65,4,2026-01-20 01:14:30
8421,CUST_378,PROD_99,5,2026-01-02 02:00:00
8422,CUST_299,PROD_35,2,2026-01-21 05:22:29
8423,CUST_342,PROD_74,5,2026-01-08 18:21:42
8424,CUST_218,PROD_34,2,2026-01-11 01:12:29
8425,CUST_55,PROD_40,4,2026-01-01 03:53:42
8426,CUST_486,PROD_88,4,2025-12-31 11:24:58
8427,CUST_244,PROD_53,5,2026-01-06 22:02:00
8428,CUST_202,PROD_54,4,2026-01-12 06:09:12
8429,CUST_90,PROD_32,1,2026-01-15 01:46:58
8430,CUST_146,PROD_53,1,2026-01-18 10:22:13
8431,CUST_480,PROD_21,2,2026-01-04 11:07:19
8432,CUST_173,PROD_86,5,2026-01-13 12:25:01
8433,CUST_259,PROD_5,1,2025-12-29 00:03:20
8434,CUST_369,PROD_7,5,2026-01-12 16:33:25
8435,CUST_465,PROD_74,3,2026-01-15 03:57:37
8436,CUST_73,PROD_87,4,2026-01-11 21:22:14
8437,CUST_104,PROD_55,2,2026-01-02 16:42:04
8438,CUST_423,PROD_45,3,2026-01-02 02:03:20
8439,CUST_118,PROD_28,4,2026-01-09 09:42:58
8440,CUST_478,PROD_24,1,2026-01-12 09:45:54
8441,CUST_252,PROD_46,5,2026-01-10 11:46:55
8442,CUST_224,PROD_56,4,2026-01-25 21:15:42
8443,CUST_293,PROD_42,1,2026-01-17 06:42:24
8444,CUST_324,PROD_70,4,2026-01-24 12:29:41
8445,CUST_436,PROD_13,4,2026-01-10 05:29:16
8446,CUST_5,PROD_67,3,2026-01-12 20:07:15
8447,CUST_220,PROD_10,5,2026-01-25 06:18:36
8448,CUST_85,PROD_4,5,2026-01-10 00:46:09
8449,CUST_264,PROD_47,1,2026-01-14 15:49:55
8450,CUST_385,PROD_71,2,2026-01-21 09:29:24
8451,CUST_178,PROD_82,5,2026-01-06 22:55:21
8452,CUST_328,PROD_5,2,2026-01-11 07:42:36
8453,CUST_452,PROD_78,1,2025-12-29 11:54:54
8454,CUST_336,PROD_71,1,2026-01-07 20:53:42
8455,CUST_148,PROD_78,4,2026-01-01 07:23:41
8456,CUST_128,PROD_82,5,2026-01-05 17:29:53
8457,CUST_346,PROD_14,4,2026-01-14 14:59:09
8458,CUST_83,PROD_53,2,2026-01-03 02:48:32
8459,CUST_272,PROD_29,5,2026-01-01 01:26:32
8460,CUST_245,PROD_89,2,2026-01-01 20:44:46
8461,CUST_334,PROD_28,2,2026-01-11 23:01:02
8462,CUST_348,PROD_3,2,2026-01-15 02:31:11
8463,CUST_412,PROD_5,2,2026-01-03 23:15:49
8464,CUST_267,PROD_39,2,2026-01-14 06:34:24
8465,CUST_139,PROD_97,2,2025-12-31 12:41:16
8466,CUST_253,PROD_57,1,2026-01-04 12:55:37
8467,CUST_309,PROD_100,2,2026-01-25 03:27:48
8468,CUST_183,PROD_66,5,2026-01-18 23:08:12
8469,CUST_442,PROD_75,2,2025-12-30 20:06:00
8470,CUST_445,PROD_75,2,2026-01-04 21:29:42
8471,CUST_306,PROD_80,4,2026-01-08 22:52:28
8472,CUST_60,PROD_24,3,2025-12-29 22:59:25
8473,CUST_39,PROD_37,1,2026-01-12 01:59:21
8474,CUST_246,PROD_66,2,2026-01-27 08:48:39
8475,CUST_427,PROD_99,2,2025-12-30 03:49:44
8476,CUST_16,PROD_75,1,2026-01-22 22:03:30
8477,CUST_19,PROD_18,1,2026-01-05 01:48:11
8478,CUST_290,PROD_36,3,2026-01-05 21:40:28
8479,CUST_296,PROD_4,2,2026-01-02 21:07:43
8480,CUST_487,PROD_72,5,2026-01-23 10:27:41
8481,CUST_384,PROD_18,3,2026-01-12 22:30:30
8482,CUST_51,PROD_43,4,2026-01-12 10:47:16
8483,CUST_187,PROD_14,2,2026-01-16 00:05:49
8484,CUST_194,PROD_32,3,2025-12-31 15:29:36
8485,CUST_128,PROD_14,5,2026-01-01 12:44:51
8486,CUST_455,PROD_99,3,2025-12-30 07:21:08
8487,CUST_195,PROD_92,2,2026-01-15 21:58:33
8488,CUST_191,PROD_12,2,2026-01-16 16:45:06
8489,CUST_256,PROD_39,1,2026-01-24 18:16:51
8490,CUST_183,PROD_70,2,2026-01-11 01:43:39
8491,CUST_99,PROD_41,1,2025-12-31 17:48:37
8492,CUST_311,PROD_5,2,2026-01-25 06:46:45
8493,CUST_388,PROD_27,2,2026-01-26 12:07:04
8494,CUST_39,PROD_89,2,2026-01-26 04:40:44
8495,CUST_426,PROD_41,1,2026-01-11 13:06:14
8496,CUST_207,PROD_33,3,2026-01-12 11:33:22
8497,CUST_222,PROD_55,5,2026-01-27 17:54:13
8498,CUST_413,PROD_63,2,2026-01-14 13:59:49
8499,CUST_31,PROD_55,2,2026-01-26 08:56:19
8500,CUST_13,PROD_81,3,2026-01-03 04:24:01
8501,CUST_146,PROD_12,2,2026-01-03 10:25:18
8502,CUST_85,PROD_29,3,2026-01-23 04:37:02
8503,CUST_402,PROD_40,5,2026-01-10 11:52:42
8504,CUST_435,PROD_52,5,2026-01-25 19:50:08
8505,CUST_48,PROD_48,4,2026-01-25 15:52:20
8506,CUST_51,PROD_84,2,2026-01-05 02:53:09
8507,CUST_333,PROD_81,2,2026-01-09 16:49:18
8508,CUST_46,PROD_50,3,2025-12-30 09:06:30
8509,CUST_305,PROD_98,4,2026-01-18 14:17:08
8510,CUST_261,PROD_33,3,2026-01-01 03:10:33
8511,CUST_86,PROD_20,5,2025-12-29 21:06:24
8512,CUST_437,PROD_17,4,2026-01-18 08:59:20
8513,CUST_223,PROD_87,4,2026-01-22 13:49:22
8514,CUST_139,PROD_93,4,2026-01-09 14:28:16
8515,CUST_19,PROD_94,1,2025-12-29 08:06:33
8516,CUST_134,PROD_92,5,2026-01-04 21:51:06
8517,CUST_187,PROD_45,1,2026-01-09 13:59:38
8518,CUST_92,PROD_83,1,2026-01-13 05:20:57
8519,CUST_156,PROD_43,4,2026-01-25 17:05:25
8520,CUST_397,PROD_9,3,2026-01-21 20:54:40
8521,CUST_152,PROD_37,4,2025-12-29 00:34:43
8522,CUST_245,PROD_81,2,2026-01-10 13:00:48
8523,CUST_490,PROD_15,1,2026-01-25 17:54:41
8524,CUST_8,PROD_42,2,2026-01-03 20:29:37
8525,CUST_376,PROD_11,4,2026-01-24 11:49:57
8526,CUST_225,PROD_58,1,2026-01-13 17:10:41
8527,CUST_463,PROD_19,2,2026-01-25 02:19:28
8528,CUST_179,PROD_5,1,2026-01-10 05:00:25
8529,CUST_414,PROD_100,1,2026-01-24 17:54:40
8530,CUST_476,PROD_77,1,2026-01-19 20:25:55
8531,CUST_227,PROD_63,1,2026-01-20 20:21:42
8532,CUST_408,PROD_59,3,2026-01-07 22:15:25
8533,CUST_368,PROD_22,5,2026-01-20 22:18:28
8534,CUST_250,PROD_32,5,2026-01-24 02:27:43
8535,CUST_219,PROD_34,3,2026-01-24 13:55:33
8536,CUST_33,PROD_30,3,2026-01-09 03:49:19
8537,CUST_87,PROD_48,3,2026-01-16 12:03:07
8538,CUST_378,PROD_72,4,2025-12-28 23:32:11
8539,CUST_483,PROD_96,4,2026-01-08 19:14:39
8540,CUST_113,PROD_58,1,2026-01-24 04:38:42
8541,CUST_126,PROD_62,3,2026-01-13 02:36:54
8542,CUST_437,PROD_39,1,2026-01-02 18:17:58
8543,CUST_334,PROD_53,3,2026-01-06 09:33:14
8544,CUST_402,PROD_33,5,2026-01-10 23:54:18
8545,CUST_159,PROD_38,4,2026-01-10 08:25:52
8546,CUST_309,PROD_85,2,2026-01-25 21:05:51
8547,CUST_141,PROD_70,5,2026-01-26 13:15:14
8548,CUST_220,PROD_28,2,2026-01-01 13:53:19
8549,CUST_343,PROD_51,1,2026-01-19 22:42:50
8550,CUST_32,PROD_99,2,2026-01-07 07:34:06
8551,CUST_96,PROD_96,5,2025-12-29 00:31:32
8552,CUST_219,PROD_90,1,2026-01-08 21:48:55
8553,CUST_484,PROD_66,4,2026-01-08 11:38:50
8554,CUST_478,PROD_96,5,2026-01-10 15:51:24
8555,CUST_244,PROD_1,2,2026-01-08 00:51:46
8556,CUST_417,PROD_98,1,2025-12-30 11:01:02
8557,CUST_95,PROD_88,3,2026-01-18 03:48:20
8558,CUST_19,PROD_8,2,2025-12-31 17:16:12
8559,CUST_492,PROD_73,4,2026-01-20 00:03:55
8560,CUST_191,PROD_41,5,2026-01-04 19:03:05
8561,CUST_40,PROD_77,4,2026-01-19 21:06:23
8562,CUST_229,PROD_44,3,2026-01-04 17:36:01
8563,CUST_413,PROD_71,4,2026-01-13 20:43:47
8564,CUST_298,PROD_40,2,2026-01-24 01:46:14
8565,CUST_88,PROD_95,4,2026-01-22 18:04:24
8566,CUST_153,PROD_14,4,2026-01-24 22:12:17
8567,CUST_353,PROD_12,5,2026-01-09 15:10:41
8568,CUST_322,PROD_31,4,2026-01-24 20:08:29
8569,CUST_149,PROD_66,2,2026-01-22 05:14:45
8570,CUST_406,PROD_67,1,2026-01-10 06:01:08
8571,CUST_107,PROD_8,4,2026-01-07 20:46:22
8572,CUST_332,PROD_35,5,2026-01-09 19:09:21
8573,CUST_428,PROD_70,5,2026-01-11 00:18:09
8574,CUST_344,PROD_45,5,2026-01-12 04:32:39
8575,CUST_306,PROD_58,3,2025-12-29 12:24:42
8576,CUST_486,PROD_60,1,2026-01-23 10:00:01
8577,CUST_451,PROD_96,2,2026-01-26 11:38:18
8578,CUST_137,PROD_24,5,2026-01-26 22:22:42
8579,CUST_478,PROD_58,4,2026-01-15 17:19:04
8580,CUST_85,PROD_60,4,2026-01-07 03:15:29
8581,CUST_373,PROD_84,5,2026-01-02 04:31:46
8582,CUST_131,PROD_66,3,2026-01-01 08:19:55
8583,CUST_109,PROD_70,1,2026-01-20 10:14:06
8584,CUST_148,PROD_69,4,2026-01-13 15:07:56
8585,CUST_30,PROD_48,1,2026-01-16 22:55:07
8586,CUST_491,PROD_85,3,2026-01-18 02:33:29
8587,CUST_248,PROD_92,4,2026-01-08 07:22:51
8588,CUST_152,PROD_52,1,2026-01-01 10:09:30
8589,CUST_63,PROD_57,1,2026-01-16 05:47:13
8590,CUST_171,PROD_40,3,2026-01-13 16:21:04
8591,CUST_101,PROD_28,5,2026-01-09 16:11:31
8592,CUST_149,PROD_92,3,2026-01-22 14:13:27
8593,CUST_218,PROD_64,4,2026-01-17 20:14:30
8594,CUST_334,PROD_9,1,2026-01-05 20:58:31
8595,CUST_37,PROD_17,2,2026-01-09 07:10:37
8596,CUST_373,PROD_11,1,2026-01-11 09:57:44
8597,CUST_176,PROD_79,3,2026-01-11 23:01:56
8598,CUST_34,PROD_79,2,2026-01-05 09:16:42
8599,CUST_463,PROD_89,3,2026-01-09 11:28:16
8600,CUST_150,PROD_26,5,2026-01-03 10:15:13
8601,CUST_214,PROD_49,5,2026-01-14 17:11:40
8602,CUST_178,PROD_54,4,2026-01-10 07:24:24
8603,CUST_217,PROD_83,2,2026-01-13 07:33:47
8604,CUST_17,PROD_90,5,2026-01-17 09:02:42
8605,CUST_202,PROD_73,1,2026-01-10 06:44:09
8606,CUST_146,PROD_40,5,2026-01-09 05:30:56
8607,CUST_453,PROD_18,2,2026-01-21 00:50:23
8608,CUST_426,PROD_76,5,2026-01-24 21:05:02
8609,CUST_485,PROD_43,1,2026-01-08 15:48:50
8610,CUST_164,PROD_24,3,2025-12-31 04:14:30
8611,CUST_394,PROD_94,5,2026-01-25 13:21:24
8612,CUST_220,PROD_63,5,2026-01-04 07:47:45
8613,CUST_402,PROD_10,3,2026-01-24 10:10:14
8614,CUST_146,PROD_47,4,2026-01-20 04:35:16
8615,CUST_432,PROD_60,4,2026-01-15 23:14:57
8616,CUST_367,PROD_21,1,2025-12-30 03:29:39
8617,CUST_246,PROD_19,3,2026-01-10 08:53:39
8618,CUST_122,PROD_70,4,2026-01-11 20:59:53
8619,CUST_208,PROD_6,5,2026-01-08 16:19:19
8620,CUST_93,PROD_67,2,2026-01-06 13:11:57
8621,CUST_59,PROD_82,3,2026-01-08 00:37:59
8622,CUST_123,PROD_57,3,2025-12-31 08:52:48
8623,CUST_131,PROD_58,3,2026-01-14 14:32:16
8624,CUST_411,PROD_23,4,2026-01-13 08:23:02
8625,CUST_29,PROD_82,1,2026-01-14 04:42:54
8626,CUST_369,PROD_34,3,2025-12-31 13:14:17
8627,CUST_266,PROD_27,4,2026-01-07 04:15:54
8628,CUST_98,PROD_18,4,2025-12-30 13:21:53
8629,CUST_119,PROD_80,4,2026-01-20 07:29:33
8630,CUST_125,PROD_11,2,2026-01-07 10:51:15
8631,CUST_88,PROD_79,5,2026-01-22 13:12:21
8632,CUST_254,PROD_4,2,2026-01-09 02:58:54
8633,CUST_436,PROD_32,1,2026-01-01 01:08:06
8634,CUST_323,PROD_95,1,2026-01-18 07:11:56
8635,CUST_46,PROD_29,5,2025-12-30 03:14:43
8636,CUST_87,PROD_81,5,2026-01-03 20:47:30
8637,CUST_478,PROD_65,1,2026-01-02 14:08:51
8638,CUST_293,PROD_41,4,2026-01-13 14:47:00
8639,CUST_401,PROD_74,3,2026-01-13 04:51:35
8640,CUST_107,PROD_99,3,2026-01-25 04:12:50
8641,CUST_32,PROD_39,5,2026-01-08 23:46:58
8642,CUST_419,PROD_95,2,2026-01-26 12:17:06
8643,CUST_137,PROD_89,5,2025-12-31 14:23:22
8644,CUST_12,PROD_96,1,2025-12-29 19:38:37
8645,CUST_306,PROD_98,4,2026-01-05 23:39:35
8646,CUST_387,PROD_68,3,2026-01-22 19:14:55
8647,CUST_155,PROD_61,4,2026-01-09 18:40:44
8648,CUST_492,PROD_68,2,2026-01-26 21:24:01
8649,CUST_276,PROD_95,2,2026-01-08 08:20:44
8650,CUST_227,PROD_90,5,2026-01-05 06:47:33
8651,CUST_473,PROD_81,1,2026-01-15 23:11:54
8652,CUST_176,PROD_54,3,2026-01-25 04:24:55
8653,CUST_83,PROD_1,5,2026-01-21 22:27:16
8654,CUST_263,PROD_19,4,2026-01-24 12:36:58
8655,CUST_73,PROD_91,4,2026-01-05 09:58:02
8656,CUST_492,PROD_98,1,2026-01-17 15:00:04
8657,CUST_25,PROD_70,4,2026-01-13 16:06:24
8658,CUST_242,PROD_94,1,2026-01-13 04:40:20
8659,CUST_256,PROD_84,1,2026-01-05 23:32:18
8660,CUST_335,PROD_84,4,2026-01-13 00:55:01
8661,CUST_111,PROD_61,2,2026-01-05 11:33:43
8662,CUST_440,PROD_96,3,2026-01-23 21:53:46
8663,CUST_187,PROD_67,1,2026-01-21 22:18:31
8664,CUST_108,PROD_20,1,2026-01-04 18:19:50
8665,CUST_329,PROD_51,5,2026-01-15 13:32:55
8666,CUST_154,PROD_9,5,2025-12-29 09:18:01
8667,CUST_486,PROD_7,1,2026-01-11 04:31:33
8668,CUST_462,PROD_49,1,2026-01-18 22:50:53
8669,CUST_460,PROD_92,5,2026-01-04 05:11:28
8670,CUST_357,PROD_49,3,2025-12-31 19:29:50
8671,CUST_71,PROD_19,1,2026-01-11 05:36:25
8672,CUST_134,PROD_45,4,2026-01-03 12:51:50
8673,CUST_298,PROD_40,2,2026-01-09 02:04:58
8674,CUST_372,PROD_75,3,2026-01-10 06:09:17
8675,CUST_47,PROD_54,1,2026-01-07 19:48:53
8676,CUST_137,PROD_6,1,2026-01-07 07:51:23
8677,CUST_150,PROD_81,2,2026-01-15 03:53:40
8678,CUST_139,PROD_56,2,2026-01-11 09:19:21
8679,CUST_335,PROD_96,4,2026-01-10 21:45:00
8680,CUST_198,PROD_37,5,2026-01-12 13:38:20
8681,CUST_255,PROD_81,4,2026-01-14 15:06:20
8682,CUST_305,PROD_77,2,2026-01-15 21:05:06
8683,CUST_379,PROD_55,4,2026-01-25 13:35:42
8684,CUST_414,PROD_71,1,2026-01-17 17:33:49
8685,CUST_190,PROD_38,1,2026-01-20 22:28:41
8686,CUST_346,PROD_13,1,2026-01-09 19:51:40
8687,CUST_183,PROD_79,5,2026-01-24 16:24:35
8688,CUST_67,PROD_52,1,2026-01-02 11:19:03
8689,CUST_85,PROD_53,3,2025-12-30 05:34:17
8690,CUST_37,PROD_62,2,2025-12-30 13:30:17
8691,CUST_3,PROD_74,5,2026-01-21 23:58:07
8692,CUST_327,PROD_26,5,2026-01-23 02:47:10
8693,CUST_212,PROD_7,1,2026-01-20 02:32:53
8694,CUST_466,PROD_45,3,2025-12-30 13:25:29
8695,CUST_457,PROD_13,5,2026-01-21 07:52:40
8696,CUST_485,PROD_67,5,2026-01-22 14:32:07
8697,CUST_231,PROD_29,3,2026-01-15 10:31:14
8698,CUST_135,PROD_61,5,2026-01-15 10:17:17
8699,CUST_321,PROD_47,4,2025-12-31 12:28:02
8700,CUST_84,PROD_89,2,2026-01-04 15:12:03
8701,CUST_37,PROD_27,5,2026-01-20 22:42:39
8702,CUST_440,PROD_1,5,2026-01-11 08:48:19
8703,CUST_496,PROD_17,5,2026-01-17 14:47:40
8704,CUST_51,PROD_79,3,2026-01-18 01:27:32
8705,CUST_399,PROD_53,1,2026-01-25 08:10:10
8706,CUST_167,PROD_36,2,2025-12-29 04:58:47
8707,CUST_366,PROD_70,3,2026-01-27 11:56:12
8708,CUST_218,PROD_83,2,2026-01-11 03:16:55
8709,CUST_420,PROD_41,5,2026-01-15 19:46:33
8710,CUST_233,PROD_83,1,2026-01-12 21:14:21
8711,CUST_472,PROD_100,4,2025-12-30 10:37:15
8712,CUST_15,PROD_74,5,2026-01-03 17:47:34
8713,CUST_91,PROD_76,3,2026-01-03 11:07:39
8714,CUST_265,PROD_80,5,2026-01-10 09:45:56
8715,CUST_104,PROD_81,2,2026-01-11 04:27:53
8716,CUST_487,PROD_65,3,2026-01-13 19:32:48
8717,CUST_406,PROD_11,1,2026-01-13 02:44:40
8718,CUST_358,PROD_52,4,2026-01-07 14:44:53
8719,CUST_499,PROD_89,4,2025-12-29 00:47:18
8720,CUST_301,PROD_59,5,2026-01-27 13:48:14
8721,CUST_174,PROD_73,1,2026-01-12 03:32:23
8722,CUST_464,PROD_69,4,2025-12-31 17:12:08
8723,CUST_351,PROD_60,4,2026-01-06 22:44:33
8724,CUST_395,PROD_57,5,2026-01-16 10:11:53
8725,CUST_100,PROD_42,4,2026-01-14 23:49:33
8726,CUST_414,PROD_7,2,2026-01-18 07:03:15
8727,CUST_213,PROD_70,2,2026-01-06 05:57:07
8728,CUST_349,PROD_19,4,2026-01-25 18:21:48
8729,CUST_384,PROD_10,3,2026-01-06 18:54:29
8730,CUST_125,PROD_31,2,2026-01-07 02:39:34
8731,CUST_115,PROD_87,3,2026-01-05 09:43:44
8732,CUST_477,PROD_23,2,2026-01-10 20:06:32
8733,CUST_477,PROD_72,1,2025-12-30 01:23:25
8734,CUST_263,PROD_20,3,2026-01-27 09:57:15
8735,CUST_266,PROD_49,5,2026-01-06 09:38:23
8736,CUST_452,PROD_46,3,2026-01-17 14:17:35
8737,CUST_148,PROD_30,5,2026-01-20 03:10:16
8738,CUST_302,PROD_25,3,2026-01-27 09:59:34
8739,CUST_118,PROD_23,4,2026-01-10 11:13:07
8740,CUST_183,PROD_50,5,2026-01-19 07:53:13
8741,CUST_481,PROD_24,5,2026-01-25 20:41:30
8742,CUST_463,PROD_32,1,2026-01-22 12:03:55
8743,CUST_287,PROD_5,1,2026-01-24 02:59:29
8744,CUST_281,PROD_82,2,2026-01-21 07:08:11
8745,CUST_455,PROD_82,3,2026-01-16 05:08:46
8746,CUST_59,PROD_72,2,2026-01-20 18:15:59
8747,CUST_400,PROD_61,5,2026-01-23 19:53:40
8748,CUST_88,PROD_37,5,2026-01-04 14:27:33
8749,CUST_412,PROD_37,4,2026-01-05 09:56:32
8750,CUST_203,PROD_62,1,2026-01-22 12:29:02
8751,CUST_59,PROD_32,2,2026-01-24 01:47:10
8752,CUST_77,PROD_21,3,2026-01-22 00:46:04
8753,CUST_368,PROD_73,1,2026-01-12 20:14:39
8754,CUST_173,PROD_34,3,2026-01-23 09:16:57
8755,CUST_262,PROD_52,2,2026-01-17 21:06:53
8756,CUST_43,PROD_78,2,2026-01-10 07:22:14
8757,CUST_133,PROD_64,3,2026-01-20 20:34:19
8758,CUST_48,PROD_69,5,2026-01-14 16:36:53
8759,CUST_354,PROD_67,2,2025-12-29 15:48:02
8760,CUST_38,PROD_65,3,2026-01-01 22:33:40
8761,CUST_291,PROD_82,1,2025-12-30 23:40:21
8762,CUST_99,PROD_87,2,2026-01-16 17:04:16
8763,CUST_456,PROD_19,5,2026-01-11 08:05:48
8764,CUST_206,PROD_95,2,2026-01-20 20:42:32
8765,CUST_267,PROD_47,1,2026-01-07 19:59:28
8766,CUST_255,PROD_39,4,2026-01-26 08:38:15
8767,CUST_369,PROD_77,3,2026-01-25 21:35:28
8768,CUST_273,PROD_62,1,2026-01-14 10:09:31
8769,CUST_366,PROD_2,3,2026-01-16 11:12:17
8770,CUST_459,PROD_46,5,2026-01-09 02:34:33
8771,CUST_432,PROD_90,5,2026-01-09 08:15:28
8772,CUST_468,PROD_58,1,2026-01-18 13:12:07
8773,CUST_19,PROD_100,5,2026-01-27 12:43:57
8774,CUST_343,PROD_25,2,2026-01-27 07:36:06
8775,CUST_178,PROD_46,2,2025-12-29 21:20:24
8776,CUST_402,PROD_64,5,2026-01-17 20:14:25
8777,CUST_286,PROD_14,1,2026-01-08 02:42:33
8778,CUST_357,PROD_92,4,2025-12-30 18:26:23
8779,CUST_298,PROD_19,5,2026-01-14 20:01:55
8780,CUST_21,PROD_25,3,2026-01-16 16:12:24
8781,CUST_495,PROD_67,1,2026-01-09 02:27:52
8782,CUST_55,PROD_69,2,2026-01-01 02:33:11
8783,CUST_105,PROD_53,4,2025-12-31 19:58:13
8784,CUST_186,PROD_81,5,2026-01-12 11:25:54
8785,CUST_458,PROD_22,5,2026-01-13 18:32:17
8786,CUST_316,PROD_8,2,2026-01-10 06:52:07
8787,CUST_260,PROD_16,5,2025-12-31 21:33:44
8788,CUST_202,PROD_25,4,2025-12-29 03:17:04
8789,CUST_68,PROD_54,4,2026-01-02 13:15:13
8790,CUST_431,PROD_77,5,2026-01-23 04:34:13
8791,CUST_77,PROD_10,1,2026-01-10 20:34:34
8792,CUST_192,PROD_44,5,2026-01-11 21:52:16
8793,CUST_167,PROD_75,5,2026-01-06 11:31:44
8794,CUST_414,PROD_53,1,2026-01-14 04:05:38
8795,CUST_65,PROD_77,3,2026-01-12 00:49:59
8796,CUST_130,PROD_98,4,2026-01-05 04:01:39
8797,CUST_364,PROD_16,4,2026-01-15 04:40:56
8798,CUST_414,PROD_34,4,2025-12-30 15:49:29
8799,CUST_149,PROD_7,5,2026-01-21 04:59:13
8800,CUST_347,PROD_2,2,2026-01-22 13:05:51
8801,CUST_16,PROD_35,4,2026-01-27 04:50:07
8802,CUST_255,PROD_89,2,2026-01-22 21:39:38
8803,CUST_60,PROD_2,3,2026-01-02 10:20:51
8804,CUST_365,PROD_26,3,2026-01-21 19:50:09
8805,CUST_178,PROD_83,5,2026-01-05 16:46:45
8806,CUST_206,PROD_20,5,2026-01-20 13:50:58
8807,CUST_56,PROD_87,1,2026-01-14 07:31:26
8808,CUST_241,PROD_54,2,2026-01-05 04:09:47
8809,CUST_494,PROD_11,3,2026-01-21 19:35:10
8810,CUST_367,PROD_80,5,2025-12-31 15:48:38
8811,CUST_31,PROD_25,2,2026-01-16 23:00:53
8812,CUST_101,PROD_59,3,2026-01-23 22:03:47
8813,CUST_57,PROD_35,4,2026-01-13 22:13:22
8814,CUST_254,PROD_73,1,2026-01-01 04:56:45
8815,CUST_358,PROD_67,2,2025-12-29 19:18:42
8816,CUST_142,PROD_88,1,2026-01-10 08:58:29
8817,CUST_226,PROD_5,2,2026-01-19 04:27:12
8818,CUST_310,PROD_22,2,2026-01-14 11:38:13
8819,CUST_87,PROD_99,2,2026-01-05 15:38:20
8820,CUST_31,PROD_2,1,2026-01-18 17:53:23
8821,CUST_404,PROD_81,5,2026-01-24 17:42:31
8822,CUST_353,PROD_49,2,2026-01-03 05:38:38
8823,CUST_296,PROD_86,1,2026-01-21 13:27:10
8824,CUST_65,PROD_55,5,2026-01-23 17:57:43
8825,CUST_432,PROD_76,1,2026-01-07 21:33:45
8826,CUST_114,PROD_42,5,2026-01-08 11:56:59
8827,CUST_9,PROD_48,5,2026-01-05 18:43:08
8828,CUST_15,PROD_44,3,2026-01-01 16:26:50
8829,CUST_118,PROD_69,4,2026-01-20 00:39:37
8830,CUST_327,PROD_19,4,2026-01-26 04:08:37
8831,CUST_172,PROD_98,1,2026-01-14 00:16:16
8832,CUST_431,PROD_41,2,2026-01-25 03:06:49
8833,CUST_1,PROD_41,4,2026-01-14 08:03:28
8834,CUST_496,PROD_3,3,2026-01-19 17:16:25
8835,CUST_366,PROD_6,1,2026-01-18 19:03:57
8836,CUST_458,PROD_77,3,2026-01-15 08:38:46
8837,CUST_223,PROD_12,4,2026-01-13 03:51:45
8838,CUST_174,PROD_64,3,2026-01-12 06:40:17
8839,CUST_410,PROD_93,5,2026-01-20 15:00:51
8840,CUST_395,PROD_18,1,2025-12-31 19:47:08
8841,CUST_107,PROD_51,4,2026-01-27 09:51:59
8842,CUST_373,PROD_50,3,2026-01-07 16:52:30
8843,CUST_363,PROD_59,5,2026-01-12 17:49:08
8844,CUST_61,PROD_57,4,2026-01-16 14:21:20
8845,CUST_418,PROD_37,3,2026-01-07 06:50:59
8846,CUST_240,PROD_89,3,2026-01-12 09:54:23
8847,CUST_40,PROD_2,5,2026-01-10 22:35:24
8848,CUST_417,PROD_61,2,2026-01-17 02:17:15
8849,CUST_380,PROD_5,5,2026-01-23 17:42:33
8850,CUST_94,PROD_56,4,2026-01-08 01:40:05
8851,CUST_154,PROD_92,1,2025-12-31 09:13:07
8852,CUST_115,PROD_17,5,2026-01-07 14:40:00
8853,CUST_175,PROD_62,5,2025-12-31 16:10:34
8854,CUST_456,PROD_70,3,2026-01-25 13:21:48
8855,CUST_65,PROD_86,2,2026-01-07 17:03:25
8856,CUST_426,PROD_65,2,2026-01-06 13:17:12
8857,CUST_137,PROD_92,5,2026-01-18 06:21:01
8858,CUST_193,PROD_42,5,2026-01-14 22:15:50
8859,CUST_172,PROD_44,2,2026-01-03 16:58:09
8860,CUST_415,PROD_23,4,2026-01-16 04:48:45
8861,CUST_254,PROD_89,2,2026-01-26 02:48:16
8862,CUST_272,PROD_58,3,2026-01-13 02:01:38
8863,CUST_402,PROD_70,3,2026-01-20 01:35:06
8864,CUST_62,PROD_65,1,2025-12-28 18:47:44
8865,CUST_10,PROD_72,3,2026-01-11 02:10:47
8866,CUST_16,PROD_54,4,2026-01-03 01:47:48
8867,CUST_360,PROD_19,1,2026-01-19 00:22:47
8868,CUST_484,PROD_78,1,2026-01-17 11:51:48
8869,CUST_291,PROD_89,4,2025-12-31 05:23:07
8870,CUST_380,PROD_91,5,2026-01-01 03:25:33
8871,CUST_359,PROD_50,4,2026-01-06 10:07:45
8872,CUST_317,PROD_38,2,2026-01-08 01:24:13
8873,CUST_234,PROD_91,5,2026-01-14 16:42:55
8874,CUST_446,PROD_74,2,2026-01-27 17:05:16
8875,CUST_440,PROD_13,4,2026-01-19 06:25:50
8876,CUST_474,PROD_38,5,2026-01-02 16:13:27
8877,CUST_233,PROD_68,1,2026-01-04 03:00:38
8878,CUST_20,PROD_52,1,2026-01-16 10:17:08
8879,CUST_16,PROD_81,5,2025-12-30 08:37:54
8880,CUST_335,PROD_81,2,2026-01-07 11:18:57
8881,CUST_235,PROD_58,4,2026-01-05 04:24:26
8882,CUST_357,PROD_80,2,2025-12-31 07:05:04
8883,CUST_202,PROD_32,4,2026-01-06 18:09:09
8884,CUST_29,PROD_48,3,2026-01-06 18:00:26
8885,CUST_149,PROD_10,2,2026-01-22 08:56:37
8886,CUST_330,PROD_35,5,2026-01-05 21:31:05
8887,CUST_306,PROD_50,1,2026-01-26 05:07:13
8888,CUST_59,PROD_67,5,2026-01-05 07:24:45
8889,CUST_250,PROD_81,3,2026-01-05 06:11:35
8890,CUST_407,PROD_6,5,2025-12-29 05:38:20
8891,CUST_45,PROD_88,4,2026-01-22 19:49:28
8892,CUST_410,PROD_73,4,2026-01-23 00:46:01
8893,CUST_4,PROD_24,3,2025-12-29 23:06:20
8894,CUST_107,PROD_94,5,2026-01-18 22:56:02
8895,CUST_365,PROD_52,5,2026-01-11 16:35:06
8896,CUST_353,PROD_41,3,2026-01-01 14:14:38
8897,CUST_497,PROD_93,5,2026-01-19 06:43:36
8898,CUST_185,PROD_47,4,2026-01-03 10:05:50
8899,CUST_237,PROD_48,2,2026-01-24 20:26:17
8900,CUST_88,PROD_92,5,2026-01-12 23:40:28
8901,CUST_319,PROD_90,4,2026-01-21 04:21:10
8902,CUST_56,PROD_18,1,2026-01-05 00:01:46
8903,CUST_71,PROD_29,3,2026-01-20 04:04:10
8904,CUST_438,PROD_24,3,2026-01-16 17:43:07
8905,CUST_497,PROD_80,2,2026-01-07 06:04:50
8906,CUST_216,PROD_90,3,2026-01-16 11:40:30
8907,CUST_71,PROD_52,1,2025-12-30 10:19:14
8908,CUST_393,PROD_67,2,2026-01-11 09:10:34
8909,CUST_364,PROD_95,4,2026-01-01 13:24:03
8910,CUST_379,PROD_14,2,2026-01-07 21:52:15
8911,CUST_361,PROD_95,1,2026-01-11 04:38:05
8912,CUST_90,PROD_81,2,2026-01-22 11:01:22
8913,CUST_25,PROD_66,4,2026-01-24 18:31:09
8914,CUST_206,PROD_71,3,2026-01-26 17:43:30
8915,CUST_261,PROD_59,5,2026-01-25 17:16:49
8916,CUST_338,PROD_55,3,2025-12-29 05:14:42
8917,CUST_14,PROD_44,3,2026-01-11 03:11:47
8918,CUST_25,PROD_51,3,2025-12-29 21:56:42
8919,CUST_12,PROD_59,4,2026-01-18 04:25:03
8920,CUST_204,PROD_81,5,2026-01-01 01:57:01
8921,CUST_129,PROD_25,3,2026-01-25 23:56:16
8922,CUST_276,PROD_53,2,2026-01-12 09:49:19
8923,CUST_274,PROD_82,5,2026-01-02 22:54:02
8924,CUST_387,PROD_13,2,2026-01-18 20:45:47
8925,CUST_357,PROD_64,4,2026-01-13 17:33:15
8926,CUST_200,PROD_52,2,2026-01-26 12:07:08
8927,CUST_437,PROD_38,4,2026-01-08 05:25:23
8928,CUST_367,PROD_99,5,2025-12-31 12:34:11
8929,CUST_387,PROD_92,2,2026-01-17 10:11:25
8930,CUST_34,PROD_36,3,2026-01-06 01:22:50
8931,CUST_71,PROD_29,5,2026-01-24 02:16:12
8932,CUST_268,PROD_61,4,2026-01-06 14:43:40
8933,CUST_106,PROD_31,5,2026-01-05 20:48:21
8934,CUST_331,PROD_64,3,2026-01-12 22:32:56
8935,CUST_75,PROD_67,1,2025-12-30 06:47:08
8936,CUST_101,PROD_53,5,2026-01-15 15:23:11
8937,CUST_270,PROD_87,3,2026-01-03 20:30:32
8938,CUST_210,PROD_64,4,2026-01-15 22:41:28
8939,CUST_156,PROD_11,2,2026-01-27 02:19:23
8940,CUST_225,PROD_93,1,2026-01-02 23:50:42
8941,CUST_38,PROD_92,2,2026-01-21 10:24:46
8942,CUST_289,PROD_93,2,2026-01-09 17:48:54
8943,CUST_233,PROD_45,3,2026-01-23 02:07:15
8944,CUST_419,PROD_2,4,2026-01-06 23:30:48
8945,CUST_170,PROD_64,3,2026-01-13 18:35:58
8946,CUST_427,PROD_20,3,2026-01-01 06:41:08
8947,CUST_141,PROD_27,3,2025-12-29 23:09:14
8948,CUST_196,PROD_48,4,2026-01-05 20:24:55
8949,CUST_194,PROD_11,2,2026-01-11 01:26:24
8950,CUST_144,PROD_98,5,2026-01-09 14:31:47
8951,CUST_267,PROD_50,2,2026-01-15 11:11:55
8952,CUST_253,PROD_35,3,2026-01-03 21:45:43
8953,CUST_23,PROD_64,1,2026-01-25 13:22:15
8954,CUST_59,PROD_43,4,2026-01-01 02:28:26
8955,CUST_493,PROD_17,5,2026-01-08 13:17:16
8956,CUST_335,PROD_62,3,2026-01-01 06:27:09
8957,CUST_413,PROD_61,5,2026-01-22 19:34:56
8958,CUST_416,PROD_34,5,2026-01-07 06:48:27
8959,CUST_201,PROD_34,3,2026-01-16 22:36:13
8960,CUST_163,PROD_95,1,2026-01-24 02:25:16
8961,CUST_448,PROD_59,4,2026-01-02 08:38:27
8962,CUST_313,PROD_93,3,2026-01-19 08:18:35
8963,CUST_172,PROD_30,5,2025-12-31 07:19:32
8964,CUST_372,PROD_91,5,2025-12-30 04:17:42
8965,CUST_20,PROD_32,3,2026-01-06 12:09:43
8966,CUST_164,PROD_35,4,2026-01-03 20:43:05
8967,CUST_322,PROD_95,4,2026-01-06 09:15:38
8968,CUST_184,PROD_87,5,2026-01-25 01:19:59
8969,CUST_269,PROD_42,5,2026-01-24 20:20:26
8970,CUST_435,PROD_9,5,2026-01-22 14:07:50
8971,CUST_474,PROD_75,2,2026-01-20 20:51:06
8972,CUST_151,PROD_14,1,2026-01-08 05:53:32
8973,CUST_489,PROD_17,1,2026-01-11 00:47:29
8974,CUST_443,PROD_88,1,2026-01-11 05:37:50
8975,CUST_258,PROD_2,5,2026-01-09 08:49:04
8976,CUST_18,PROD_49,3,2026-01-13 16:58:28
8977,CUST_222,PROD_94,5,2026-01-18 21:15:54
8978,CUST_31,PROD_82,4,2026-01-04 13:30:25
8979,CUST_431,PROD_97,4,2026-01-23 15:27:46
8980,CUST_142,PROD_50,3,2026-01-09 17:42:54
8981,CUST_205,PROD_79,1,2026-01-24 21:44:54
8982,CUST_423,PROD_81,5,2026-01-22 13:53:18
8983,CUST_459,PROD_54,4,2026-01-23 01:21:15
8984,CUST_363,PROD_94,1,2026-01-23 12:16:08
8985,CUST_263,PROD_5,1,2026-01-15 04:36:12
8986,CUST_81,PROD_53,5,2026-01-02 16:51:04
8987,CUST_121,PROD_87,4,2026-01-23 22:17:14
8988,CUST_291,PROD_31,4,2026-01-13 08:17:03
8989,CUST_375,PROD_44,4,2026-01-13 05:13:21
8990,CUST_173,PROD_61,2,2025-12-30 19:35:27
8991,CUST_311,PROD_46,5,2025-12-30 15:03:41
8992,CUST_255,PROD_34,3,2026-01-09 10:07:17
8993,CUST_313,PROD_57,2,2026-01-13 12:01:25
8994,CUST_381,PROD_79,4,2025-12-29 07:29:56
8995,CUST_385,PROD_15,1,2026-01-19 16:17:12
8996,CUST_429,PROD_30,3,2026-01-11 01:53:11
8997,CUST_82,PROD_73,5,2026-01-12 00:07:27
8998,CUST_140,PROD_7,4,2026-01-15 16:18:42
8999,CUST_284,PROD_84,1,2026-01-21 03:25:07
9000,CUST_432,PROD_38,5,2026-01-06 08:04:49
9001,CUST_52,PROD_23,4,2026-01-27 18:17:03
9002,CUST_378,PROD_98,3,2026-01-04 02:52:58
9003,CUST_31,PROD_48,5,2026-01-23 16:36:04
9004,CUST_448,PROD_32,1,2025-12-31 13:34:56
9005,CUST_18,PROD_22,2,2026-01-04 17:35:53
9006,CUST_281,PROD_70,3,2025-12-29 05:59:03
9007,CUST_376,PROD_58,4,2026-01-10 04:45:22
9008,CUST_54,PROD_38,4,2026-01-26 11:36:58
9009,CUST_60,PROD_45,2,2026-01-01 15:18:38
9010,CUST_179,PROD_68,1,2026-01-13 18:03:44
9011,CUST_46,PROD_5,2,2026-01-02 04:43:57
9012,CUST_4,PROD_80,5,2026-01-17 21:38:13
9013,CUST_264,PROD_93,3,2026-01-03 13:46:04
9014,CUST_20,PROD_93,1,2025-12-31 02:25:48
9015,CUST_230,PROD_81,1,2026-01-12 04:26:06
9016,CUST_260,PROD_7,4,2026-01-07 04:10:27
9017,CUST_265,PROD_37,5,2026-01-25 11:48:52
9018,CUST_288,PROD_55,5,2026-01-07 08:02:01
9019,CUST_315,PROD_42,3,2026-01-14 20:11:42
9020,CUST_148,PROD_63,3,2026-01-20 04:17:04
9021,CUST_281,PROD_26,4,2026-01-01 21:58:48
9022,CUST_112,PROD_100,5,2026-01-26 08:14:02
9023,CUST_349,PROD_67,1,2026-01-04 13:55:03
9024,CUST_37,PROD_18,3,2026-01-10 05:14:48
9025,CUST_305,PROD_22,1,2026-01-15 22:54:41
9026,CUST_47,PROD_4,1,2026-01-23 03:05:01
9027,CUST_427,PROD_97,3,2026-01-01 23:14:57
9028,CUST_152,PROD_59,4,2026-01-09 14:01:21
9029,CUST_428,PROD_33,5,2026-01-04 18:34:44
9030,CUST_469,PROD_90,4,2026-01-18 23:34:38
9031,CUST_18,PROD_63,1,2026-01-01 04:37:16
9032,CUST_358,PROD_69,5,2025-12-31 07:29:04
9033,CUST_356,PROD_20,2,2026-01-11 17:21:02
9034,CUST_133,PROD_18,3,2026-01-17 14:50:47
9035,CUST_281,PROD_94,1,2025-12-29 01:43:11
9036,CUST_295,PROD_88,3,2025-12-31 16:06:37
9037,CUST_70,PROD_74,2,2026-01-04 20:17:32
9038,CUST_295,PROD_65,1,2026-01-19 04:08:31
9039,CUST_64,PROD_1,2,2026-01-25 18:40:15
9040,CUST_421,PROD_33,1,2025-12-31 19:11:06
9041,CUST_318,PROD_38,2,2025-12-30 16:50:50
9042,CUST_64,PROD_39,2,2025-12-29 02:02:31
9043,CUST_3,PROD_64,1,2026-01-16 11:25:45
9044,CUST_226,PROD_9,2,2026-01-27 01:51:40
9045,CUST_459,PROD_91,2,2026-01-21 05:53:30
9046,CUST_330,PROD_45,4,2026-01-27 17:32:38
9047,CUST_349,PROD_6,2,2026-01-01 06:10:35
9048,CUST_408,PROD_48,2,2026-01-21 11:49:46
9049,CUST_144,PROD_36,3,2026-01-27 13:03:40
9050,CUST_257,PROD_3,5,2026-01-03 21:46:14
9051,CUST_284,PROD_24,1,2026-01-03 09:10:08
9052,CUST_27,PROD_17,1,2026-01-25 05:57:27
9053,CUST_373,PROD_3,4,2026-01-07 11:38:04
9054,CUST_185,PROD_96,4,2026-01-19 20:55:54
9055,CUST_476,PROD_8,5,2026-01-11 09:47:05
9056,CUST_428,PROD_19,3,2026-01-25 04:30:35
9057,CUST_105,PROD_45,3,2026-01-18 15:02:56
9058,CUST_488,PROD_19,5,2026-01-16 21:51:39
9059,CUST_74,PROD_83,4,2026-01-18 02:35:49
9060,CUST_385,PROD_8,1,2026-01-26 06:07:06
9061,CUST_418,PROD_12,1,2026-01-24 02:18:13
9062,CUST_281,PROD_64,3,2026-01-18 06:45:46
9063,CUST_224,PROD_52,4,2026-01-12 03:08:46
9064,CUST_257,PROD_31,5,2026-01-07 22:19:38
9065,CUST_473,PROD_63,5,2026-01-13 01:53:15
9066,CUST_97,PROD_64,3,2026-01-12 01:37:36
9067,CUST_191,PROD_74,1,2026-01-02 08:15:30
9068,CUST_236,PROD_14,5,2026-01-02 12:43:24
9069,CUST_111,PROD_79,3,2026-01-13 10:21:01
9070,CUST_402,PROD_99,1,2026-01-16 14:08:55
9071,CUST_488,PROD_87,5,2026-01-26 12:25:44
9072,CUST_310,PROD_63,2,2026-01-19 07:37:32
9073,CUST_13,PROD_23,3,2026-01-12 03:34:52
9074,CUST_380,PROD_57,5,2026-01-18 06:23:28
9075,CUST_114,PROD_56,1,2026-01-01 02:09:20
9076,CUST_152,PROD_78,1,2025-12-31 18:39:42
9077,CUST_166,PROD_89,4,2025-12-31 09:37:17
9078,CUST_51,PROD_11,2,2026-01-14 10:23:30
9079,CUST_73,PROD_20,3,2026-01-16 16:41:00
9080,CUST_207,PROD_84,2,2026-01-13 05:52:22
9081,CUST_32,PROD_67,3,2026-01-16 23:11:49
9082,CUST_307,PROD_60,4,2026-01-23 18:22:48
9083,CUST_457,PROD_49,2,2026-01-12 20:43:56
9084,CUST_297,PROD_1,2,2026-01-15 21:54:54
9085,CUST_187,PROD_76,1,2026-01-19 07:49:43
9086,CUST_479,PROD_79,4,2026-01-03 18:11:18
9087,CUST_316,PROD_21,1,2026-01-12 00:02:50
9088,CUST_276,PROD_22,1,2026-01-11 13:50:37
9089,CUST_49,PROD_68,2,2026-01-11 07:36:15
9090,CUST_242,PROD_4,2,2026-01-03 14:19:20
9091,CUST_30,PROD_73,2,2026-01-05 01:01:04
9092,CUST_489,PROD_77,3,2026-01-18 00:57:42
9093,CUST_488,PROD_91,1,2026-01-06 04:02:54
9094,CUST_399,PROD_64,4,2026-01-09 15:55:02
9095,CUST_371,PROD_61,2,2026-01-07 19:29:29
9096,CUST_405,PROD_92,1,2026-01-02 19:29:27
9097,CUST_448,PROD_6,4,2026-01-08 22:49:30
9098,CUST_283,PROD_42,4,2026-01-15 21:26:35
9099,CUST_311,PROD_25,3,2026-01-02 22:04:59
9100,CUST_247,PROD_51,3,2026-01-27 18:06:11
9101,CUST_150,PROD_14,5,2026-01-24 20:50:55
9102,CUST_64,PROD_26,1,2026-01-26 00:43:17
9103,CUST_112,PROD_93,5,2026-01-07 07:40:20
9104,CUST_136,PROD_79,3,2025-12-29 16:03:08
9105,CUST_308,PROD_32,1,2026-01-12 08:57:13
9106,CUST_29,PROD_76,2,2026-01-26 03:58:14
9107,CUST_365,PROD_12,4,2026-01-14 10:19:50
9108,CUST_252,PROD_8,1,2026-01-06 07:44:21
9109,CUST_71,PROD_20,1,2026-01-27 15:38:51
9110,CUST_220,PROD_52,2,2025-12-31 11:55:03
9111,CUST_339,PROD_98,3,2026-01-07 10:40:55
9112,CUST_339,PROD_78,4,2026-01-17 16:44:12
9113,CUST_268,PROD_82,4,2026-01-19 13:49:43
9114,CUST_489,PROD_95,2,2025-12-31 12:35:13
9115,CUST_392,PROD_31,3,2026-01-19 03:08:35
9116,CUST_59,PROD_27,2,2025-12-31 10:35:25
9117,CUST_247,PROD_93,1,2026-01-21 14:32:02
9118,CUST_264,PROD_1,4,2026-01-27 14:39:09
9119,CUST_491,PROD_63,1,2026-01-04 16:55:04
9120,CUST_269,PROD_92,5,2026-01-04 13:52:03
9121,CUST_462,PROD_16,3,2026-01-21 16:47:39
9122,CUST_428,PROD_69,2,2026-01-16 07:20:32
9123,CUST_290,PROD_60,4,2026-01-16 12:41:36
9124,CUST_388,PROD_41,5,2026-01-12 08:05:53
9125,CUST_227,PROD_69,2,2026-01-01 00:31:21
9126,CUST_166,PROD_66,1,2026-01-02 16:50:57
9127,CUST_180,PROD_47,2,2026-01-09 09:31:28
9128,CUST_437,PROD_36,1,2026-01-26 01:06:28
9129,CUST_88,PROD_36,3,2026-01-24 03:56:45
9130,CUST_86,PROD_95,3,2026-01-05 00:42:24
9131,CUST_468,PROD_58,3,2026-01-22 20:27:39
9132,CUST_141,PROD_24,2,2026-01-26 03:48:42
9133,CUST_368,PROD_83,5,2026-01-13 23:51:21
9134,CUST_257,PROD_6,5,2026-01-26 23:24:19
9135,CUST_178,PROD_65,4,2026-01-12 01:57:09
9136,CUST_375,PROD_100,5,2026-01-10 18:54:51
9137,CUST_84,PROD_45,3,2026-01-07 00:41:21
9138,CUST_261,PROD_1,4,2026-01-16 02:00:41
9139,CUST_186,PROD_25,1,2026-01-07 03:15:32
9140,CUST_37,PROD_3,4,2026-01-21 12:52:41
9141,CUST_149,PROD_78,1,2026-01-09 01:13:55
9142,CUST_214,PROD_42,4,2026-01-14 10:02:01
9143,CUST_328,PROD_18,1,2026-01-04 11:53:00
9144,CUST_411,PROD_42,5,2025-12-31 07:34:50
9145,CUST_441,PROD_81,4,2026-01-12 07:13:11
9146,CUST_117,PROD_48,2,2026-01-16 10:17:55
9147,CUST_299,PROD_23,4,2026-01-11 11:35:53
9148,CUST_187,PROD_63,1,2026-01-06 01:43:44
9149,CUST_362,PROD_99,4,2026-01-22 16:18:26
9150,CUST_40,PROD_61,4,2026-01-02 02:39:02
9151,CUST_320,PROD_66,4,2026-01-09 19:54:50
9152,CUST_319,PROD_54,1,2026-01-12 03:36:01
9153,CUST_207,PROD_100,3,2025-12-30 19:26:01
9154,CUST_353,PROD_8,5,2026-01-14 23:44:50
9155,CUST_469,PROD_74,1,2026-01-19 01:08:05
9156,CUST_322,PROD_94,5,2026-01-15 23:30:21
9157,CUST_71,PROD_8,3,2026-01-14 12:50:30
9158,CUST_233,PROD_65,2,2026-01-11 15:56:15
9159,CUST_432,PROD_3,5,2026-01-27 07:21:51
9160,CUST_448,PROD_51,5,2026-01-25 00:00:36
9161,CUST_398,PROD_23,3,2026-01-06 17:37:48
9162,CUST_331,PROD_13,5,2026-01-15 12:00:00
9163,CUST_476,PROD_94,1,2026-01-27 09:50:03
9164,CUST_462,PROD_84,5,2026-01-18 06:54:30
9165,CUST_272,PROD_18,1,2026-01-18 03:22:51
9166,CUST_130,PROD_65,2,2026-01-14 13:39:47
9167,CUST_141,PROD_2,5,2026-01-06 16:22:56
9168,CUST_259,PROD_19,1,2026-01-24 15:45:35
9169,CUST_14,PROD_59,4,2026-01-12 14:40:47
9170,CUST_146,PROD_79,4,2026-01-15 04:55:24
9171,CUST_257,PROD_94,3,2026-01-16 12:15:48
9172,CUST_433,PROD_66,3,2026-01-03 11:29:40
9173,CUST_421,PROD_50,1,2026-01-23 07:53:43
9174,CUST_278,PROD_64,3,2026-01-01 14:40:23
9175,CUST_395,PROD_2,3,2026-01-21 10:49:40
9176,CUST_490,PROD_69,2,2026-01-18 11:30:18
9177,CUST_466,PROD_69,4,2026-01-25 12:50:13
9178,CUST_38,PROD_50,3,2026-01-08 15:56:11
9179,CUST_375,PROD_25,5,2026-01-14 20:48:03
9180,CUST_334,PROD_52,2,2026-01-19 11:40:08
9181,CUST_484,PROD_87,3,2026-01-16 03:16:59
9182,CUST_90,PROD_35,5,2026-01-01 00:59:38
9183,CUST_321,PROD_10,5,2026-01-08 05:23:16
9184,CUST_367,PROD_96,3,2026-01-24 07:58:12
9185,CUST_340,PROD_19,3,2026-01-23 16:58:50
9186,CUST_157,PROD_21,4,2026-01-23 13:45:41
9187,CUST_381,PROD_77,4,2026-01-25 13:17:41
9188,CUST_215,PROD_97,2,2026-01-06 07:38:52
9189,CUST_498,PROD_63,4,2026-01-07 02:22:52
9190,CUST_412,PROD_5,2,2026-01-25 20:23:48
9191,CUST_353,PROD_91,1,2026-01-24 18:44:39
9192,CUST_259,PROD_36,3,2026-01-07 16:20:47
9193,CUST_51,PROD_74,1,2026-01-26 13:47:37
9194,CUST_4,PROD_47,1,2026-01-18 00:22:04
9195,CUST_406,PROD_88,3,2026-01-27 12:44:18
9196,CUST_19,PROD_10,4,2026-01-05 16:31:28
9197,CUST_448,PROD_99,5,2026-01-04 10:26:02
9198,CUST_151,PROD_21,1,2026-01-16 06:43:56
9199,CUST_367,PROD_15,3,2026-01-27 04:25:56
9200,CUST_258,PROD_13,3,2026-01-03 20:01:37
9201,CUST_132,PROD_75,4,2026-01-10 23:10:34
9202,CUST_396,PROD_4,3,2026-01-19 21:07:14
9203,CUST_441,PROD_23,1,2025-12-29 00:40:50
9204,CUST_59,PROD_60,3,2025-12-30 17:59:32
9205,CUST_310,PROD_1,5,2025-12-31 11:04:12
9206,CUST_337,PROD_48,1,2026-01-09 10:53:20
9207,CUST_466,PROD_7,3,2026-01-25 14:16:55
9208,CUST_42,PROD_12,5,2026-01-11 19:48:46
9209,CUST_367,PROD_86,4,2026-01-10 01:54:37
9210,CUST_104,PROD_22,1,2025-12-31 21:30:20
9211,CUST_445,PROD_44,2,2026-01-15 04:43:25
9212,CUST_73,PROD_99,3,2026-01-27 12:18:54
9213,CUST_26,PROD_77,1,2026-01-01 00:15:46
9214,CUST_490,PROD_95,5,2026-01-15 02:47:10
9215,CUST_428,PROD_58,5,2026-01-15 03:03:42
9216,CUST_349,PROD_85,5,2026-01-12 11:09:44
9217,CUST_279,PROD_46,3,2026-01-07 21:16:27
9218,CUST_411,PROD_41,4,2026-01-22 23:38:42
9219,CUST_214,PROD_45,4,2025-12-29 10:30:22
9220,CUST_233,PROD_93,1,2026-01-19 19:10:37
9221,CUST_315,PROD_64,4,2026-01-16 13:59:37
9222,CUST_374,PROD_39,2,2026-01-22 14:56:37
9223,CUST_128,PROD_69,2,2026-01-14 00:31:14
9224,CUST_174,PROD_97,3,2026-01-04 15:30:31
9225,CUST_277,PROD_13,5,2026-01-11 20:37:33
9226,CUST_416,PROD_51,4,2026-01-03 03:01:00
9227,CUST_114,PROD_71,2,2026-01-05 00:32:48
9228,CUST_473,PROD_47,4,2026-01-15 10:16:47
9229,CUST_431,PROD_17,2,2026-01-09 09:10:01
9230,CUST_132,PROD_80,3,2026-01-19 04:56:32
9231,CUST_389,PROD_21,5,2026-01-17 05:20:38
9232,CUST_302,PROD_23,4,2026-01-21 16:12:00
9233,CUST_87,PROD_44,2,2026-01-04 09:29:49
9234,CUST_211,PROD_79,5,2026-01-26 16:48:58
9235,CUST_407,PROD_58,1,2026-01-15 22:45:32
9236,CUST_96,PROD_76,4,2026-01-16 00:00:43
9237,CUST_239,PROD_42,4,2026-01-21 08:46:02
9238,CUST_317,PROD_69,1,2026-01-10 12:42:06
9239,CUST_489,PROD_63,4,2026-01-10 05:51:25
9240,CUST_250,PROD_60,5,2026-01-08 19:05:13
9241,CUST_319,PROD_20,5,2026-01-16 17:30:06
9242,CUST_411,PROD_64,2,2026-01-14 02:35:10
9243,CUST_322,PROD_46,2,2026-01-05 10:19:35
9244,CUST_6,PROD_39,5,2026-01-16 06:02:45
9245,CUST_73,PROD_59,2,2026-01-24 13:52:43
9246,CUST_148,PROD_62,2,2025-12-30 02:24:01
9247,CUST_134,PROD_98,2,2026-01-27 13:17:55
9248,CUST_24,PROD_79,5,2026-01-07 19:01:05
9249,CUST_466,PROD_70,3,2026-01-20 06:49:18
9250,CUST_209,PROD_89,5,2026-01-04 23:37:23
9251,CUST_354,PROD_28,5,2026-01-25 19:56:37
9252,CUST_283,PROD_57,4,2026-01-05 01:29:44
9253,CUST_300,PROD_58,5,2026-01-05 06:16:36
9254,CUST_187,PROD_70,3,2026-01-03 16:22:23
9255,CUST_127,PROD_49,3,2026-01-02 20:10:02
9256,CUST_383,PROD_5,2,2026-01-16 05:04:41
9257,CUST_180,PROD_11,5,2026-01-14 21:39:43
9258,CUST_489,PROD_95,2,2026-01-11 14:34:00
9259,CUST_419,PROD_29,1,2026-01-13 11:55:30
9260,CUST_149,PROD_98,1,2026-01-09 23:51:35
9261,CUST_348,PROD_16,3,2026-01-05 19:02:29
9262,CUST_64,PROD_34,1,2026-01-18 22:09:28
9263,CUST_194,PROD_100,2,2026-01-06 16:39:18
9264,CUST_370,PROD_82,3,2026-01-25 21:13:56
9265,CUST_199,PROD_79,1,2026-01-23 15:33:43
9266,CUST_402,PROD_58,2,2026-01-12 18:24:58
9267,CUST_316,PROD_57,4,2026-01-02 01:42:57
9268,CUST_372,PROD_75,1,2025-12-31 00:32:48
9269,CUST_379,PROD_62,1,2026-01-26 03:53:47
9270,CUST_84,PROD_33,5,2026-01-09 20:55:58
9271,CUST_29,PROD_22,2,2026-01-19 01:26:56
9272,CUST_449,PROD_41,5,2026-01-17 20:42:15
9273,CUST_25,PROD_9,1,2026-01-26 06:20:11
9274,CUST_168,PROD_44,4,2026-01-22 20:31:08
9275,CUST_23,PROD_43,4,2026-01-03 08:29:15
9276,CUST_312,PROD_26,3,2025-12-29 20:30:18
9277,CUST_139,PROD_33,2,2026-01-17 18:08:09
9278,CUST_212,PROD_71,5,2026-01-18 11:51:27
9279,CUST_113,PROD_43,5,2026-01-15 01:35:17
9280,CUST_82,PROD_73,3,2026-01-10 14:44:57
9281,CUST_413,PROD_37,4,2026-01-21 18:58:15
9282,CUST_462,PROD_14,3,2025-12-31 09:32:16
9283,CUST_236,PROD_56,2,2026-01-26 04:00:16
9284,CUST_496,PROD_42,5,2026-01-19 04:05:42
9285,CUST_308,PROD_36,1,2026-01-24 06:12:01
9286,CUST_15,PROD_63,4,2026-01-14 03:13:56
9287,CUST_287,PROD_24,2,2026-01-14 14:57:56
9288,CUST_245,PROD_62,5,2026-01-26 16:32:01
9289,CUST_346,PROD_13,3,2026-01-06 00:10:24
9290,CUST_102,PROD_39,3,2026-01-10 16:19:24
9291,CUST_248,PROD_7,4,2026-01-13 06:29:46
9292,CUST_334,PROD_12,5,2026-01-11 21:42:23
9293,CUST_217,PROD_66,2,2026-01-06 19:13:48
9294,CUST_327,PROD_8,5,2026-01-25 22:56:11
9295,CUST_379,PROD_43,2,2026-01-14 13:22:42
9296,CUST_495,PROD_7,1,2026-01-22 00:00:50
9297,CUST_327,PROD_18,4,2026-01-03 16:44:05
9298,CUST_316,PROD_47,4,2025-12-31 07:52:53
9299,CUST_327,PROD_22,5,2025-12-29 10:56:40
9300,CUST_401,PROD_81,2,2026-01-05 17:58:46
9301,CUST_7,PROD_9,3,2026-01-15 12:58:22
9302,CUST_172,PROD_99,1,2025-12-31 06:19:53
9303,CUST_236,PROD_78,1,2026-01-26 22:29:58
9304,CUST_87,PROD_32,3,2026-01-12 10:41:26
9305,CUST_353,PROD_91,2,2026-01-10 08:45:11
9306,CUST_181,PROD_32,1,2026-01-07 20:00:35
9307,CUST_347,PROD_56,1,2026-01-25 23:18:34
9308,CUST_262,PROD_94,1,2026-01-06 21:23:23
9309,CUST_451,PROD_26,5,2026-01-10 17:38:50
9310,CUST_70,PROD_2,4,2026-01-17 05:23:52
9311,CUST_248,PROD_60,2,2025-12-29 06:46:17
9312,CUST_390,PROD_87,5,2026-01-19 14:24:57
9313,CUST_416,PROD_80,1,2026-01-03 09:32:05
9314,CUST_301,PROD_32,2,2026-01-12 07:29:32
9315,CUST_393,PROD_46,2,2026-01-04 05:03:54
9316,CUST_61,PROD_86,5,2026-01-22 17:24:56
9317,CUST_359,PROD_88,1,2026-01-03 21:18:44
9318,CUST_8,PROD_16,1,2026-01-05 23:38:48
9319,CUST_66,PROD_75,5,2026-01-19 21:31:53
9320,CUST_80,PROD_25,5,2026-01-11 08:45:22
9321,CUST_184,PROD_25,4,2026-01-09 06:40:40
9322,CUST_461,PROD_53,3,2026-01-01 07:33:19
9323,CUST_341,PROD_6,4,2026-01-10 15:43:17
9324,CUST_267,PROD_54,4,2026-01-08 01:49:13
9325,CUST_447,PROD_77,2,2026-01-11 15:36:25
9326,CUST_62,PROD_42,1,2026-01-18 00:31:58
9327,CUST_42,PROD_50,5,2026-01-15 01:45:25
9328,CUST_235,PROD_33,5,2026-01-17 09:31:46
9329,CUST_91,PROD_36,1,2026-01-17 22:52:29
9330,CUST_125,PROD_54,3,2026-01-07 21:04:40
9331,CUST_158,PROD_78,2,2026-01-20 09:23:29
9332,CUST_231,PROD_20,4,2026-01-14 16:37:09
9333,CUST_153,PROD_23,1,2026-01-08 18:21:10
9334,CUST_61,PROD_77,3,2026-01-08 02:45:34
9335,CUST_413,PROD_27,3,2026-01-08 15:22:34
9336,CUST_410,PROD_30,1,2026-01-09 12:25:41
9337,CUST_397,PROD_18,3,2026-01-21 09:13:53
9338,CUST_160,PROD_2,2,2026-01-07 07:26:05
9339,CUST_237,PROD_54,3,2026-01-04 06:50:52
9340,CUST_160,PROD_31,3,2026-01-14 01:25:17
9341,CUST_436,PROD_39,2,2026-01-11 21:38:36
9342,CUST_433,PROD_42,3,2026-01-12 06:09:30
9343,CUST_12,PROD_40,2,2026-01-13 16:37:50
9344,CUST_383,PROD_6,3,2026-01-05 15:04:12
9345,CUST_311,PROD_63,2,2026-01-11 13:21:25
9346,CUST_109,PROD_70,4,2026-01-17 20:27:46
9347,CUST_405,PROD_95,4,2026-01-01 10:05:39
9348,CUST_328,PROD_12,1,2026-01-21 09:30:56
9349,CUST_309,PROD_59,5,2026-01-20 18:44:33
9350,CUST_194,PROD_61,3,2026-01-03 02:05:29
9351,CUST_249,PROD_84,2,2026-01-14 14:18:05
9352,CUST_111,PROD_89,2,2026-01-13 03:56:46
9353,CUST_74,PROD_92,2,2026-01-06 13:02:48
9354,CUST_145,PROD_47,3,2026-01-08 01:48:48
9355,CUST_371,PROD_93,4,2025-12-28 18:47:49
9356,CUST_436,PROD_41,1,2026-01-06 12:35:04
9357,CUST_102,PROD_6,3,2026-01-22 20:31:47
9358,CUST_139,PROD_34,3,2026-01-10 19:27:57
9359,CUST_438,PROD_21,2,2026-01-02 23:01:12
9360,CUST_92,PROD_39,4,2026-01-20 00:19:23
9361,CUST_22,PROD_44,5,2026-01-16 21:38:26
9362,CUST_260,PROD_42,1,2025-12-29 09:38:10
9363,CUST_45,PROD_52,1,2026-01-11 08:29:44
9364,CUST_444,PROD_56,3,2026-01-11 21:15:03
9365,CUST_488,PROD_37,4,2026-01-09 15:32:33
9366,CUST_139,PROD_64,4,2026-01-22 09:12:30
9367,CUST_241,PROD_27,5,2026-01-22 14:58:27
9368,CUST_118,PROD_7,1,2026-01-02 23:51:36
9369,CUST_156,PROD_100,3,2026-01-04 05:39:09
9370,CUST_74,PROD_100,3,2026-01-04 11:03:08
9371,CUST_375,PROD_39,3,2026-01-06 12:06:07
9372,CUST_91,PROD_42,5,2026-01-06 17:00:42
9373,CUST_301,PROD_90,5,2025-12-30 08:39:18
9374,CUST_208,PROD_13,4,2026-01-24 11:00:47
9375,CUST_466,PROD_18,3,2026-01-02 01:40:13
9376,CUST_16,PROD_12,4,2026-01-20 01:07:59
9377,CUST_200,PROD_71,4,2026-01-17 03:48:01
9378,CUST_405,PROD_35,3,2026-01-25 05:08:38
9379,CUST_308,PROD_61,2,2026-01-15 05:02:25
9380,CUST_319,PROD_8,1,2026-01-17 12:03:49
9381,CUST_255,PROD_6,3,2026-01-07 19:06:11
9382,CUST_58,PROD_7,1,2026-01-01 03:22:08
9383,CUST_422,PROD_35,2,2026-01-01 02:15:57
9384,CUST_414,PROD_28,3,2026-01-23 00:35:46
9385,CUST_454,PROD_18,4,2026-01-20 09:27:20
9386,CUST_221,PROD_29,5,2026-01-12 17:52:43
9387,CUST_360,PROD_60,4,2026-01-14 05:26:21
9388,CUST_236,PROD_31,1,2026-01-23 13:39:35
9389,CUST_69,PROD_53,3,2026-01-14 20:03:34
9390,CUST_400,PROD_54,4,2026-01-04 20:39:05
9391,CUST_43,PROD_63,4,2026-01-19 19:43:42
9392,CUST_365,PROD_81,4,2026-01-11 07:37:22
9393,CUST_239,PROD_6,4,2026-01-05 21:43:39
9394,CUST_313,PROD_74,5,2026-01-12 14:50:18
9395,CUST_71,PROD_3,4,2026-01-11 06:58:28
9396,CUST_125,PROD_65,3,2026-01-10 14:58:07
9397,CUST_104,PROD_68,4,2026-01-27 13:38:15
9398,CUST_364,PROD_40,1,2026-01-13 23:27:04
9399,CUST_277,PROD_23,2,2026-01-13 13:25:28
9400,CUST_259,PROD_44,4,2026-01-18 20:26:04
9401,CUST_80,PROD_28,1,2026-01-03 23:50:44
9402,CUST_55,PROD_98,4,2026-01-14 11:44:10
9403,CUST_113,PROD_56,1,2026-01-13 13:08:42
9404,CUST_424,PROD_45,1,2026-01-20 19:03:26
9405,CUST_169,PROD_20,4,2026-01-24 16:23:34
9406,CUST_124,PROD_83,3,2026-01-07 15:13:02
9407,CUST_260,PROD_43,2,2026-01-05 20:37:08
9408,CUST_310,PROD_91,1,2026-01-20 13:19:30
9409,CUST_340,PROD_42,2,2026-01-16 21:43:20
9410,CUST_77,PROD_89,1,2026-01-22 19:53:48
9411,CUST_432,PROD_54,4,2026-01-03 16:06:27
9412,CUST_215,PROD_91,2,2026-01-02 20:21:39
9413,CUST_54,PROD_14,5,2026-01-23 02:36:58
9414,CUST_158,PROD_74,5,2026-01-08 08:07:21
9415,CUST_82,PROD_13,3,2026-01-03 14:50:06
9416,CUST_471,PROD_54,1,2025-12-29 08:48:52
9417,CUST_406,PROD_59,5,2026-01-26 20:25:28
9418,CUST_9,PROD_99,2,2025-12-31 19:43:37
9419,CUST_363,PROD_67,4,2026-01-07 15:52:55
9420,CUST_45,PROD_84,5,2026-01-11 03:21:46
9421,CUST_197,PROD_47,5,2026-01-11 23:29:22
9422,CUST_331,PROD_98,5,2026-01-21 13:58:42
9423,CUST_117,PROD_60,2,2026-01-24 07:20:29
9424,CUST_320,PROD_90,5,2026-01-11 10:47:24
9425,CUST_231,PROD_17,2,2026-01-04 05:06:16
9426,CUST_466,PROD_79,5,2026-01-14 10:24:17
9427,CUST_466,PROD_58,5,2026-01-22 11:07:08
9428,CUST_121,PROD_26,5,2025-12-28 22:41:19
9429,CUST_421,PROD_43,1,2026-01-01 01:49:32
9430,CUST_250,PROD_81,3,2026-01-25 16:34:30
9431,CUST_109,PROD_16,4,2025-12-31 13:08:01
9432,CUST_491,PROD_31,2,2026-01-12 13:26:31
9433,CUST_414,PROD_9,5,2026-01-14 21:28:58
9434,CUST_232,PROD_54,2,2026-01-10 04:58:05
9435,CUST_18,PROD_47,1,2026-01-09 15:33:31
9436,CUST_371,PROD_86,4,2026-01-27 12:30:30
9437,CUST_256,PROD_76,5,2026-01-08 08:21:33
9438,CUST_361,PROD_89,2,2025-12-29 19:18:04
9439,CUST_275,PROD_91,4,2026-01-07 19:47:50
9440,CUST_76,PROD_81,5,2026-01-11 15:56:25
9441,CUST_249,PROD_29,4,2026-01-11 05:34:21
9442,CUST_390,PROD_96,1,2026-01-15 00:28:02
9443,CUST_382,PROD_52,4,2025-12-29 12:53:43
9444,CUST_361,PROD_66,2,2026-01-24 07:14:59
9445,CUST_42,PROD_95,2,2026-01-16 06:52:14
9446,CUST_19,PROD_84,4,2025-12-30 16:19:31
9447,CUST_126,PROD_40,3,2025-12-30 12:06:52
9448,CUST_230,PROD_69,4,2026-01-26 10:38:55
9449,CUST_217,PROD_89,5,2026-01-24 05:00:03
9450,CUST_265,PROD_14,5,2026-01-22 20:55:56
9451,CUST_31,PROD_40,5,2026-01-03 03:30:20
9452,CUST_59,PROD_60,3,2026-01-18 00:14:46
9453,CUST_325,PROD_86,4,2026-01-17 11:57:17
9454,CUST_270,PROD_82,3,2026-01-08 10:52:55
9455,CUST_203,PROD_41,3,2026-01-11 09:27:18
9456,CUST_445,PROD_48,4,2026-01-06 12:29:38
9457,CUST_270,PROD_36,3,2025-12-29 13:42:23
9458,CUST_25,PROD_60,2,2026-01-06 07:16:28
9459,CUST_262,PROD_30,4,2026-01-20 19:06:27
9460,CUST_304,PROD_67,3,2026-01-12 15:04:04
9461,CUST_312,PROD_9,2,2026-01-26 00:25:26
9462,CUST_345,PROD_95,1,2026-01-11 09:44:54
9463,CUST_406,PROD_54,4,2026-01-04 15:17:46
9464,CUST_21,PROD_61,1,2026-01-18 08:47:37
9465,CUST_317,PROD_69,1,2026-01-24 04:12:22
9466,CUST_105,PROD_41,4,2026-01-03 10:00:36
9467,CUST_205,PROD_63,3,2026-01-19 13:11:59
9468,CUST_204,PROD_89,2,2026-01-24 09:03:22
9469,CUST_437,PROD_16,5,2026-01-23 20:13:52
9470,CUST_312,PROD_21,3,2026-01-20 07:28:04
9471,CUST_456,PROD_34,2,2026-01-16 02:51:15
9472,CUST_490,PROD_52,2,2026-01-18 10:01:21
9473,CUST_412,PROD_92,5,2026-01-13 01:33:56
9474,CUST_328,PROD_99,1,2026-01-22 07:02:14
9475,CUST_115,PROD_7,4,2025-12-31 07:08:53
9476,CUST_265,PROD_58,2,2026-01-04 01:15:43
9477,CUST_435,PROD_44,1,2026-01-18 04:33:21
9478,CUST_10,PROD_91,5,2026-01-01 13:37:08
9479,CUST_363,PROD_5,1,2026-01-15 10:58:46
9480,CUST_228,PROD_57,4,2026-01-06 11:10:38
9481,CUST_414,PROD_1,2,2026-01-09 11:04:03
9482,CUST_329,PROD_50,2,2025-12-29 01:32:15
9483,CUST_48,PROD_11,3,2026-01-03 00:57:58
9484,CUST_348,PROD_48,5,2026-01-01 04:48:25
9485,CUST_220,PROD_60,2,2026-01-08 05:47:12
9486,CUST_234,PROD_28,2,2026-01-05 20:31:06
9487,CUST_80,PROD_45,5,2026-01-11 16:17:57
9488,CUST_371,PROD_19,4,2026-01-01 00:02:11
9489,CUST_333,PROD_2,3,2026-01-01 18:36:44
9490,CUST_378,PROD_97,3,2026-01-15 05:37:16
9491,CUST_69,PROD_1,1,2026-01-22 12:28:44
9492,CUST_236,PROD_17,5,2026-01-14 20:10:14
9493,CUST_245,PROD_69,5,2025-12-30 13:10:52
9494,CUST_76,PROD_58,2,2026-01-10 01:48:36
9495,CUST_289,PROD_38,4,2026-01-18 20:34:51
9496,CUST_26,PROD_95,1,2026-01-16 07:03:58
9497,CUST_302,PROD_78,3,2025-12-29 07:41:35
9498,CUST_147,PROD_31,3,2026-01-05 13:59:33
9499,CUST_175,PROD_72,5,2026-01-21 17:56:16
9500,CUST_494,PROD_44,1,2026-01-06 13:16:49
9501,CUST_60,PROD_13,4,2026-01-27 13:31:00
9502,CUST_253,PROD_72,3,2026-01-03 17:37:58
9503,CUST_445,PROD_95,1,2026-01-06 20:04:38
9504,CUST_23,PROD_34,2,2026-01-06 09:25:26
9505,CUST_270,PROD_83,4,2025-12-29 03:48:14
9506,CUST_299,PROD_7,3,2026-01-22 07:49:03
9507,CUST_211,PROD_92,2,2026-01-04 08:20:34
9508,CUST_428,PROD_83,2,2026-01-22 21:21:14
9509,CUST_396,PROD_28,3,2026-01-20 05:07:19
9510,CUST_326,PROD_29,4,2026-01-21 02:15:15
9511,CUST_11,PROD_25,5,2026-01-07 12:14:03
9512,CUST_129,PROD_20,1,2026-01-02 01:22:54
9513,CUST_122,PROD_54,4,2025-12-29 21:59:01
9514,CUST_255,PROD_43,1,2026-01-15 08:26:36
9515,CUST_158,PROD_16,3,2026-01-04 15:38:31
9516,CUST_281,PROD_72,3,2026-01-08 04:55:47
9517,CUST_257,PROD_14,2,2026-01-25 06:31:04
9518,CUST_177,PROD_40,5,2025-12-30 22:29:41
9519,CUST_171,PROD_84,2,2025-12-30 20:49:09
9520,CUST_66,PROD_58,3,2026-01-03 15:08:30
9521,CUST_360,PROD_55,1,2026-01-26 15:48:38
9522,CUST_421,PROD_72,3,2026-01-15 18:15:31
9523,CUST_173,PROD_11,4,2025-12-31 07:59:47
9524,CUST_116,PROD_64,4,2026-01-26 09:30:48
9525,CUST_69,PROD_2,3,2026-01-05 07:33:24
9526,CUST_199,PROD_53,4,2026-01-12 23:28:21
9527,CUST_391,PROD_26,5,2026-01-16 04:46:44
9528,CUST_121,PROD_81,4,2026-01-12 16:57:04
9529,CUST_215,PROD_74,2,2026-01-03 00:31:07
9530,CUST_353,PROD_55,2,2026-01-03 01:36:14
9531,CUST_274,PROD_23,2,2026-01-05 07:36:34
9532,CUST_396,PROD_32,1,2026-01-02 10:13:53
9533,CUST_64,PROD_100,1,2025-12-30 09:33:58
9534,CUST_223,PROD_69,3,2026-01-08 03:46:56
9535,CUST_414,PROD_93,3,2025-12-29 02:47:58
9536,CUST_269,PROD_99,2,2026-01-14 20:27:14
9537,CUST_449,PROD_3,4,2025-12-30 21:08:05
9538,CUST_311,PROD_53,5,2026-01-16 02:34:05
9539,CUST_150,PROD_71,5,2026-01-20 10:48:40
9540,CUST_42,PROD_31,2,2026-01-12 10:42:16
9541,CUST_99,PROD_39,4,2026-01-22 01:56:43
9542,CUST_214,PROD_47,4,2026-01-17 09:14:48
9543,CUST_362,PROD_60,5,2026-01-05 18:24:49
9544,CUST_416,PROD_61,5,2026-01-20 09:32:58
9545,CUST_417,PROD_88,1,2025-12-29 15:08:59
9546,CUST_28,PROD_36,5,2026-01-02 13:18:30
9547,CUST_421,PROD_14,4,2026-01-25 03:52:54
9548,CUST_88,PROD_80,3,2026-01-15 13:18:03
9549,CUST_481,PROD_27,1,2026-01-21 14:39:54
9550,CUST_463,PROD_9,5,2026-01-14 13:45:13
9551,CUST_281,PROD_57,1,2026-01-13 13:27:26
9552,CUST_226,PROD_31,2,2026-01-16 06:20:54
9553,CUST_194,PROD_53,4,2026-01-04 13:09:03
9554,CUST_268,PROD_84,2,2026-01-21 22:54:11
9555,CUST_189,PROD_40,4,2026-01-08 19:57:28
9556,CUST_197,PROD_20,2,2026-01-26 11:35:15
9557,CUST_292,PROD_15,1,2026-01-12 16:26:19
9558,CUST_75,PROD_5,2,2025-12-30 07:14:44
9559,CUST_175,PROD_58,5,2026-01-23 15:12:50
9560,CUST_365,PROD_74,5,2026-01-24 04:14:34
9561,CUST_106,PROD_95,2,2026-01-13 06:42:51
9562,CUST_372,PROD_80,3,2026-01-10 19:07:12
9563,CUST_447,PROD_38,4,2026-01-18 07:49:54
9564,CUST_261,PROD_93,3,2026-01-09 19:42:19
9565,CUST_385,PROD_18,5,2025-12-30 08:31:28
9566,CUST_449,PROD_51,4,2026-01-20 16:51:41
9567,CUST_419,PROD_3,3,2026-01-23 11:48:19
9568,CUST_71,PROD_6,2,2026-01-19 04:26:59
9569,CUST_117,PROD_65,1,2026-01-07 11:55:21
9570,CUST_219,PROD_18,3,2026-01-10 15:53:07
9571,CUST_116,PROD_99,5,2026-01-01 00:13:44
9572,CUST_12,PROD_18,3,2026-01-24 05:32:07
9573,CUST_233,PROD_36,2,2026-01-01 12:20:16
9574,CUST_129,PROD_55,4,2026-01-20 06:08:31
9575,CUST_69,PROD_43,5,2025-12-29 23:40:15
9576,CUST_105,PROD_14,5,2026-01-01 08:41:01
9577,CUST_81,PROD_67,4,2026-01-02 17:36:01
9578,CUST_49,PROD_30,3,2026-01-26 21:08:20
9579,CUST_423,PROD_39,5,2025-12-28 20:02:19
9580,CUST_161,PROD_47,1,2025-12-29 01:22:12
9581,CUST_106,PROD_29,4,2025-12-31 12:44:06
9582,CUST_378,PROD_40,1,2026-01-02 23:06:43
9583,CUST_278,PROD_99,4,2026-01-05 10:20:48
9584,CUST_413,PROD_94,3,2026-01-24 03:17:47
9585,CUST_158,PROD_31,5,2026-01-05 05:03:39
9586,CUST_190,PROD_83,4,2026-01-20 00:29:18
9587,CUST_143,PROD_11,2,2026-01-16 11:42:02
9588,CUST_15,PROD_57,3,2026-01-27 07:21:51
9589,CUST_483,PROD_86,3,2026-01-02 11:45:21
9590,CUST_155,PROD_65,2,2026-01-23 01:16:52
9591,CUST_256,PROD_70,5,2026-01-26 00:42:50
9592,CUST_53,PROD_46,3,2026-01-08 14:58:04
9593,CUST_71,PROD_89,2,2026-01-02 10:18:37
9594,CUST_239,PROD_96,5,2026-01-22 12:41:28
9595,CUST_408,PROD_9,3,2026-01-11 14:28:46
9596,CUST_377,PROD_44,5,2025-12-28 23:10:27
9597,CUST_253,PROD_67,4,2026-01-14 16:21:26
9598,CUST_374,PROD_88,4,2026-01-12 07:09:01
9599,CUST_14,PROD_66,2,2026-01-08 08:41:20
9600,CUST_175,PROD_15,1,2026-01-08 16:16:47
9601,CUST_188,PROD_99,3,2025-12-31 13:46:40
9602,CUST_415,PROD_74,4,2026-01-18 12:50:41
9603,CUST_123,PROD_56,4,2026-01-17 07:18:57
9604,CUST_260,PROD_81,3,2026-01-07 18:33:03
9605,CUST_206,PROD_56,5,2026-01-11 05:31:27
9606,CUST_363,PROD_7,2,2026-01-23 03:28:12
9607,CUST_299,PROD_9,3,2026-01-11 03:02:03
9608,CUST_435,PROD_2,1,2026-01-04 08:59:05
9609,CUST_382,PROD_62,3,2026-01-05 04:53:24
9610,CUST_132,PROD_24,4,2026-01-06 03:58:55
9611,CUST_27,PROD_87,3,2026-01-27 01:20:46
9612,CUST_494,PROD_20,2,2026-01-06 00:06:54
9613,CUST_194,PROD_21,3,2026-01-15 17:19:28
9614,CUST_309,PROD_13,4,2026-01-02 11:25:03
9615,CUST_386,PROD_42,2,2026-01-11 13:39:00
9616,CUST_137,PROD_7,1,2025-12-31 01:03:03
9617,CUST_500,PROD_24,2,2026-01-26 07:15:50
9618,CUST_325,PROD_20,1,2026-01-17 21:57:02
9619,CUST_67,PROD_68,3,2025-12-29 13:28:57
9620,CUST_217,PROD_70,2,2026-01-15 00:11:24
9621,CUST_261,PROD_14,2,2026-01-07 08:11:24
9622,CUST_125,PROD_94,2,2026-01-07 00:19:53
9623,CUST_112,PROD_78,1,2026-01-18 03:42:46
9624,CUST_128,PROD_92,4,2026-01-01 10:02:35
9625,CUST_394,PROD_45,4,2026-01-26 10:14:44
9626,CUST_262,PROD_52,3,2025-12-29 23:46:12
9627,CUST_474,PROD_13,3,2026-01-04 15:23:19
9628,CUST_216,PROD_27,5,2026-01-25 08:14:38
9629,CUST_422,PROD_33,5,2026-01-07 04:49:52
9630,CUST_181,PROD_68,4,2026-01-15 17:17:10
9631,CUST_73,PROD_66,2,2026-01-13 21:08:59
9632,CUST_351,PROD_66,3,2026-01-16 19:29:25
9633,CUST_132,PROD_7,1,2025-12-30 21:39:49
9634,CUST_456,PROD_91,3,2026-01-07 17:31:04
9635,CUST_354,PROD_84,3,2026-01-12 13:40:42
9636,CUST_483,PROD_89,5,2026-01-14 03:17:21
9637,CUST_65,PROD_40,4,2026-01-23 08:42:20
9638,CUST_209,PROD_21,1,2026-01-17 22:58:23
9639,CUST_436,PROD_54,5,2026-01-24 00:17:23
9640,CUST_437,PROD_75,1,2026-01-15 03:34:00
9641,CUST_33,PROD_85,5,2026-01-25 06:47:13
9642,CUST_336,PROD_15,1,2026-01-13 21:12:31
9643,CUST_157,PROD_66,1,2026-01-27 12:43:15
9644,CUST_332,PROD_46,3,2026-01-23 20:21:27
9645,CUST_101,PROD_45,4,2026-01-19 12:11:52
9646,CUST_363,PROD_70,3,2025-12-31 23:39:25
9647,CUST_168,PROD_95,2,2026-01-03 22:21:12
9648,CUST_205,PROD_27,1,2026-01-15 05:56:43
9649,CUST_422,PROD_55,3,2026-01-15 03:34:09
9650,CUST_380,PROD_1,4,2026-01-16 07:51:34
9651,CUST_219,PROD_84,4,2025-12-31 06:35:23
9652,CUST_207,PROD_49,2,2026-01-08 08:57:02
9653,CUST_366,PROD_45,4,2026-01-13 01:47:55
9654,CUST_54,PROD_4,1,2025-12-31 12:40:46
9655,CUST_39,PROD_62,2,2026-01-24 08:04:07
9656,CUST_200,PROD_22,5,2026-01-23 09:20:00
9657,CUST_5,PROD_93,2,2026-01-18 02:00:41
9658,CUST_446,PROD_58,3,2026-01-12 02:25:26
9659,CUST_226,PROD_5,3,2026-01-19 22:13:55
9660,CUST_293,PROD_14,1,2026-01-20 15:15:54
9661,CUST_256,PROD_4,3,2026-01-24 03:50:32
9662,CUST_130,PROD_43,2,2026-01-03 21:00:04
9663,CUST_139,PROD_15,3,2026-01-05 19:56:37
9664,CUST_478,PROD_99,2,2026-01-16 01:18:41
9665,CUST_90,PROD_54,4,2026-01-26 22:49:10
9666,CUST_33,PROD_8,3,2026-01-27 11:32:41
9667,CUST_372,PROD_11,1,2025-12-31 13:36:10
9668,CUST_6,PROD_58,4,2026-01-23 15:34:00
9669,CUST_359,PROD_94,2,2026-01-10 17:05:37
9670,CUST_347,PROD_10,3,2026-01-24 10:59:07
9671,CUST_320,PROD_56,3,2026-01-08 03:22:31
9672,CUST_97,PROD_58,5,2026-01-22 16:01:11
9673,CUST_180,PROD_73,3,2026-01-10 15:31:17
9674,CUST_105,PROD_28,5,2026-01-02 13:48:52
9675,CUST_325,PROD_40,4,2026-01-22 19:47:04
9676,CUST_114,PROD_53,3,2026-01-27 14:26:27
9677,CUST_392,PROD_51,2,2025-12-30 02:50:00
9678,CUST_72,PROD_18,1,2026-01-09 16:00:06
9679,CUST_185,PROD_12,2,2025-12-30 16:56:19
9680,CUST_374,PROD_73,2,2026-01-03 01:02:02
9681,CUST_383,PROD_5,5,2025-12-30 16:38:40
9682,CUST_452,PROD_90,1,2026-01-13 04:07:23
9683,CUST_199,PROD_48,1,2025-12-30 10:43:17
9684,CUST_294,PROD_81,3,2026-01-23 12:18:35
9685,CUST_156,PROD_15,4,2026-01-13 23:18:08
9686,CUST_211,PROD_39,2,2025-12-29 07:44:16
9687,CUST_456,PROD_58,2,2026-01-11 21:36:47
9688,CUST_113,PROD_53,3,2026-01-24 01:49:14
9689,CUST_68,PROD_36,5,2026-01-05 03:12:29
9690,CUST_157,PROD_71,3,2026-01-14 17:12:20
9691,CUST_477,PROD_32,3,2026-01-21 02:34:32
9692,CUST_132,PROD_7,2,2026-01-11 12:34:08
9693,CUST_468,PROD_29,1,2026-01-06 22:18:46
9694,CUST_346,PROD_40,4,2026-01-20 10:41:02
9695,CUST_398,PROD_30,3,2026-01-01 02:32:52
9696,CUST_235,PROD_82,1,2025-12-31 06:06:49
9697,CUST_220,PROD_68,5,2025-12-31 17:08:23
9698,CUST_104,PROD_83,2,2026-01-10 09:41:32
9699,CUST_319,PROD_31,1,2026-01-24 06:57:03
9700,CUST_440,PROD_12,5,2026-01-24 11:03:26
9701,CUST_116,PROD_3,4,2026-01-21 17:37:48
9702,CUST_36,PROD_30,2,2026-01-07 04:35:20
9703,CUST_430,PROD_55,3,2026-01-23 08:05:24
9704,CUST_143,PROD_38,5,2026-01-07 17:04:09
9705,CUST_380,PROD_48,3,2026-01-06 16:06:29
9706,CUST_358,PROD_89,1,2026-01-20 10:02:30
9707,CUST_422,PROD_17,3,2026-01-09 08:41:36
9708,CUST_36,PROD_12,5,2026-01-03 21:35:58
9709,CUST_358,PROD_89,3,2026-01-05 20:13:14
9710,CUST_101,PROD_10,2,2025-12-29 03:28:57
9711,CUST_374,PROD_7,3,2025-12-30 20:06:10
9712,CUST_63,PROD_22,5,2026-01-03 17:43:32
9713,CUST_57,PROD_18,4,2026-01-09 20:39:22
9714,CUST_35,PROD_78,2,2025-12-31 11:49:53
9715,CUST_134,PROD_15,3,2026-01-09 21:50:46
9716,CUST_333,PROD_40,2,2026-01-04 10:46:47
9717,CUST_57,PROD_41,3,2025-12-31 19:50:50
9718,CUST_10,PROD_20,3,2026-01-03 14:16:35
9719,CUST_449,PROD_75,5,2026-01-16 18:54:41
9720,CUST_18,PROD_12,4,2026-01-19 11:07:11
9721,CUST_472,PROD_74,5,2026-01-05 18:27:15
9722,CUST_281,PROD_10,1,2026-01-17 06:13:40
9723,CUST_171,PROD_14,4,2026-01-13 07:08:34
9724,CUST_369,PROD_32,3,2026-01-12 11:21:07
9725,CUST_211,PROD_72,1,2026-01-07 08:18:56
9726,CUST_386,PROD_62,2,2026-01-03 21:57:36
9727,CUST_245,PROD_24,3,2026-01-04 06:33:22
9728,CUST_271,PROD_64,1,2025-12-31 05:29:08
9729,CUST_132,PROD_92,5,2026-01-12 03:13:25
9730,CUST_181,PROD_65,2,2026-01-07 22:33:48
9731,CUST_427,PROD_92,5,2026-01-20 03:51:15
9732,CUST_332,PROD_36,3,2026-01-18 23:56:56
9733,CUST_193,PROD_21,2,2026-01-22 13:01:17
9734,CUST_163,PROD_34,2,2026-01-06 03:47:21
9735,CUST_88,PROD_1,1,2026-01-03 17:23:41
9736,CUST_297,PROD_56,1,2026-01-03 02:59:11
9737,CUST_71,PROD_54,3,2025-12-30 23:04:58
9738,CUST_426,PROD_60,5,2026-01-08 15:46:12
9739,CUST_115,PROD_23,4,2026-01-10 21:59:51
9740,CUST_430,PROD_6,5,2025-12-30 07:14:31
9741,CUST_451,PROD_1,2,2025-12-31 06:23:04
9742,CUST_251,PROD_99,3,2026-01-01 11:12:06
9743,CUST_371,PROD_5,4,2026-01-17 21:26:31
9744,CUST_400,PROD_19,4,2025-12-31 20:20:40
9745,CUST_385,PROD_99,1,2026-01-07 05:09:31
9746,CUST_421,PROD_88,2,2026-01-03 12:56:40
9747,CUST_205,PROD_96,4,2026-01-12 00:07:30
9748,CUST_372,PROD_25,1,2026-01-23 03:47:52
9749,CUST_3,PROD_42,3,2026-01-17 04:26:10
9750,CUST_59,PROD_65,2,2026-01-19 21:10:24
9751,CUST_227,PROD_94,5,2026-01-05 22:52:55
9752,CUST_438,PROD_14,5,2026-01-10 17:26:34
9753,CUST_271,PROD_86,4,2026-01-14 00:30:32
9754,CUST_147,PROD_50,3,2025-12-30 06:35:36
9755,CUST_313,PROD_69,3,2026-01-09 23:34:00
9756,CUST_433,PROD_49,5,2026-01-26 11:04:19
9757,CUST_294,PROD_21,4,2026-01-09 02:34:13
9758,CUST_136,PROD_20,4,2026-01-18 10:21:09
9759,CUST_137,PROD_59,3,2026-01-22 07:52:25
9760,CUST_405,PROD_84,4,2026-01-27 03:58:45
9761,CUST_343,PROD_39,4,2026-01-08 08:09:57
9762,CUST_161,PROD_25,5,2026-01-23 01:29:18
9763,CUST_410,PROD_3,1,2026-01-22 06:09:34
9764,CUST_458,PROD_18,2,2026-01-02 16:32:44
9765,CUST_120,PROD_37,2,2026-01-20 12:01:58
9766,CUST_129,PROD_1,1,2026-01-23 19:56:01
9767,CUST_270,PROD_47,4,2026-01-17 02:22:31
9768,CUST_347,PROD_72,5,2026-01-05 05:33:20
9769,CUST_239,PROD_53,4,2026-01-16 03:07:10
9770,CUST_340,PROD_54,5,2026-01-03 15:05:49
9771,CUST_41,PROD_48,3,2026-01-21 02:23:16
9772,CUST_41,PROD_41,2,2026-01-11 21:10:43
9773,CUST_300,PROD_89,4,2026-01-21 21:28:52
9774,CUST_487,PROD_35,1,2026-01-03 05:32:32
9775,CUST_1,PROD_30,4,2026-01-24 03:48:51
9776,CUST_323,PROD_37,2,2026-01-19 18:33:46
9777,CUST_373,PROD_82,4,2026-01-19 04:05:23
9778,CUST_45,PROD_45,4,2026-01-25 20:35:14
9779,CUST_23,PROD_23,1,2026-01-03 00:54:05
9780,CUST_360,PROD_5,4,2026-01-20 01:41:36
9781,CUST_99,PROD_81,2,2026-01-26 14:41:38
9782,CUST_461,PROD_37,4,2026-01-14 13:11:37
9783,CUST_32,PROD_12,1,2026-01-23 04:23:12
9784,CUST_343,PROD_79,4,2026-01-23 20:33:42
9785,CUST_399,PROD_78,5,2026-01-01 09:05:51
9786,CUST_337,PROD_16,5,2026-01-16 12:38:59
9787,CUST_491,PROD_21,3,2026-01-19 04:19:02
9788,CUST_196,PROD_10,4,2026-01-01 08:25:00
9789,CUST_241,PROD_43,3,2026-01-23 13:28:25
9790,CUST_348,PROD_38,2,2026-01-11 16:24:37
9791,CUST_485,PROD_100,4,2026-01-23 00:11:31
9792,CUST_361,PROD_7,5,2026-01-26 02:06:30
9793,CUST_254,PROD_19,3,2026-01-09 14:28:49
9794,CUST_232,PROD_29,3,2026-01-15 04:12:40
9795,CUST_274,PROD_8,4,2025-12-30 05:20:53
9796,CUST_372,PROD_79,1,2026-01-06 05:48:13
9797,CUST_205,PROD_96,3,2026-01-19 22:47:10
9798,CUST_444,PROD_52,5,2026-01-16 14:25:20
9799,CUST_119,PROD_87,3,2026-01-15 19:50:10
9800,CUST_137,PROD_26,2,2026-01-25 03:21:58
9801,CUST_69,PROD_84,5,2026-01-26 20:47:31
9802,CUST_446,PROD_68,1,2025-12-29 15:39:46
9803,CUST_235,PROD_43,5,2026-01-10 10:05:07
9804,CUST_412,PROD_15,2,2026-01-20 23:29:51
9805,CUST_311,PROD_8,2,2026-01-15 07:06:59
9806,CUST_191,PROD_26,2,2026-01-21 08:17:53
9807,CUST_177,PROD_92,3,2026-01-03 18:56:40
9808,CUST_316,PROD_72,3,2026-01-03 15:22:56
9809,CUST_476,PROD_53,4,2026-01-14 15:03:52
9810,CUST_38,PROD_99,4,2026-01-20 11:31:40
9811,CUST_80,PROD_11,2,2026-01-14 03:50:01
9812,CUST_302,PROD_91,4,2026-01-21 06:12:05
9813,CUST_441,PROD_28,1,2026-01-10 15:00:41
9814,CUST_410,PROD_27,4,2025-12-30 00:08:41
9815,CUST_171,PROD_44,1,2026-01-17 03:41:30
9816,CUST_287,PROD_26,3,2026-01-11 19:16:38
9817,CUST_276,PROD_3,3,2026-01-08 00:10:16
9818,CUST_18,PROD_21,2,2026-01-16 18:04:00
9819,CUST_106,PROD_6,1,2025-12-30 03:24:41
9820,CUST_433,PROD_40,4,2026-01-01 02:57:48
9821,CUST_225,PROD_73,4,2026-01-24 12:28:34
9822,CUST_360,PROD_19,3,2026-01-23 08:05:27
9823,CUST_153,PROD_84,2,2026-01-25 05:48:45
9824,CUST_495,PROD_70,4,2026-01-03 12:24:56
9825,CUST_480,PROD_51,1,2026-01-08 10:28:06
9826,CUST_288,PROD_19,1,2026-01-25 01:51:26
9827,CUST_238,PROD_86,4,2026-01-23 13:07:05
9828,CUST_415,PROD_81,5,2026-01-18 17:46:11
9829,CUST_37,PROD_56,3,2026-01-06 15:37:41
9830,CUST_395,PROD_24,4,2026-01-07 17:33:31
9831,CUST_110,PROD_70,5,2026-01-04 15:13:50
9832,CUST_340,PROD_69,1,2026-01-23 03:56:54
9833,CUST_230,PROD_10,5,2026-01-13 18:18:26
9834,CUST_168,PROD_45,1,2026-01-15 19:43:51
9835,CUST_314,PROD_70,3,2025-12-31 13:13:07
9836,CUST_469,PROD_25,5,2026-01-21 13:39:55
9837,CUST_481,PROD_13,1,2026-01-24 23:55:44
9838,CUST_259,PROD_86,5,2025-12-30 17:07:10
9839,CUST_112,PROD_10,1,2026-01-03 12:17:59
9840,CUST_44,PROD_19,1,2026-01-03 21:10:26
9841,CUST_305,PROD_53,5,2026-01-08 14:45:10
9842,CUST_370,PROD_76,3,2026-01-05 10:41:16
9843,CUST_94,PROD_90,5,2026-01-15 18:44:28
9844,CUST_53,PROD_29,3,2026-01-22 13:09:26
9845,CUST_464,PROD_70,2,2026-01-16 04:57:41
9846,CUST_263,PROD_99,2,2026-01-21 21:11:38
9847,CUST_250,PROD_87,5,2025-12-29 17:28:33
9848,CUST_245,PROD_51,1,2025-12-29 13:35:37
9849,CUST_5,PROD_34,4,2026-01-24 18:02:48
9850,CUST_430,PROD_46,2,2025-12-30 02:46:37
9851,CUST_488,PROD_6,2,2026-01-12 09:59:25
9852,CUST_145,PROD_10,4,2026-01-23 13:59:38
9853,CUST_333,PROD_12,3,2026-01-15 01:20:37
9854,CUST_396,PROD_95,4,2026-01-15 10:52:46
9855,CUST_384,PROD_58,5,2025-12-29 20:15:07
9856,CUST_467,PROD_28,2,2026-01-03 06:31:27
9857,CUST_236,PROD_78,4,2026-01-09 21:25:22
9858,CUST_142,PROD_25,5,2026-01-04 10:58:06
9859,CUST_246,PROD_56,3,2026-01-05 17:12:53
9860,CUST_87,PROD_39,2,2026-01-23 11:18:44
9861,CUST_147,PROD_25,3,2026-01-18 12:37:58
9862,CUST_337,PROD_66,4,2026-01-27 16:58:46
9863,CUST_267,PROD_44,5,2026-01-18 13:25:16
9864,CUST_13,PROD_44,5,2026-01-20 19:41:09
9865,CUST_349,PROD_8,3,2026-01-15 19:15:09
9866,CUST_18,PROD_19,1,2026-01-11 16:01:19
9867,CUST_377,PROD_71,1,2026-01-23 21:59:34
9868,CUST_201,PROD_99,5,2026-01-08 19:30:17
9869,CUST_142,PROD_73,3,2026-01-24 20:56:20
9870,CUST_457,PROD_74,4,2025-12-29 18:03:55
9871,CUST_68,PROD_73,5,2026-01-06 06:23:06
9872,CUST_337,PROD_51,2,2026-01-24 06:49:24
9873,CUST_489,PROD_64,4,2026-01-15 13:19:37
9874,CUST_65,PROD_32,4,2026-01-10 21:57:30
9875,CUST_218,PROD_46,5,2026-01-22 19:51:38
9876,CUST_178,PROD_95,2,2026-01-26 07:00:55
9877,CUST_99,PROD_55,5,2026-01-16 20:35:41
9878,CUST_34,PROD_25,5,2026-01-08 14:55:49
9879,CUST_26,PROD_15,4,2026-01-12 15:24:12
9880,CUST_305,PROD_53,5,2026-01-23 06:02:50
9881,CUST_272,PROD_24,5,2026-01-21 15:18:17
9882,CUST_121,PROD_63,1,2026-01-05 17:56:11
9883,CUST_253,PROD_20,1,2026-01-02 15:01:16
9884,CUST_378,PROD_62,1,2025-12-30 19:21:50
9885,CUST_372,PROD_33,5,2026-01-11 10:33:31
9886,CUST_392,PROD_72,4,2026-01-08 10:25:52
9887,CUST_258,PROD_59,4,2026-01-05 21:02:54
9888,CUST_338,PROD_97,5,2026-01-02 21:40:15
9889,CUST_411,PROD_82,5,2026-01-22 15:42:27
9890,CUST_31,PROD_47,1,2026-01-04 22:40:05
9891,CUST_248,PROD_47,1,2026-01-12 20:21:16
9892,CUST_181,PROD_80,2,2026-01-07 07:49:56
9893,CUST_212,PROD_32,1,2026-01-12 09:47:21
9894,CUST_236,PROD_36,4,2026-01-02 15:52:28
9895,CUST_273,PROD_39,1,2026-01-17 03:00:38
9896,CUST_266,PROD_47,1,2025-12-29 04:07:57
9897,CUST_320,PROD_89,5,2025-12-29 07:12:04
9898,CUST_25,PROD_95,2,2026-01-03 12:25:19
9899,CUST_8,PROD_79,5,2026-01-22 15:52:15
9900,CUST_374,PROD_53,3,2025-12-31 00:35:35
9901,CUST_496,PROD_69,1,2026-01-01 16:33:32
9902,CUST_317,PROD_78,3,2026-01-08 16:34:53
9903,CUST_3,PROD_20,3,2026-01-05 06:34:07
9904,CUST_152,PROD_85,2,2026-01-11 12:58:04
9905,CUST_403,PROD_63,2,2025-12-30 11:30:47
9906,CUST_390,PROD_11,5,2026-01-25 02:19:38
9907,CUST_328,PROD_17,2,2026-01-02 11:13:51
9908,CUST_493,PROD_6,1,2026-01-05 17:05:06
9909,CUST_240,PROD_16,2,2026-01-26 20:03:31
9910,CUST_44,PROD_54,4,2026-01-25 03:59:29
9911,CUST_10,PROD_49,3,2026-01-11 06:53:01
9912,CUST_31,PROD_89,3,2026-01-23 20:25:40
9913,CUST_289,PROD_48,2,2026-01-23 16:21:12
9914,CUST_287,PROD_10,2,2026-01-07 21:22:59
9915,CUST_294,PROD_67,5,2026-01-24 23:48:49
9916,CUST_128,PROD_24,2,2026-01-10 23:49:20
9917,CUST_337,PROD_78,3,2026-01-15 11:43:53
9918,CUST_426,PROD_61,3,2026-01-16 14:26:40
9919,CUST_127,PROD_96,5,2026-01-24 11:18:05
9920,CUST_493,PROD_17,4,2025-12-29 05:04:04
9921,CUST_184,PROD_76,4,2026-01-14 13:28:13
9922,CUST_365,PROD_43,2,2026-01-18 01:43:49
9923,CUST_88,PROD_9,3,2026-01-15 07:44:58
9924,CUST_180,PROD_26,3,2026-01-22 01:40:18
9925,CUST_414,PROD_32,4,2025-12-31 22:53:41
9926,CUST_421,PROD_73,5,2026-01-11 21:53:47
9927,CUST_65,PROD_18,3,2026-01-27 16:58:10
9928,CUST_481,PROD_79,1,2026-01-02 14:57:14
9929,CUST_4,PROD_93,2,2025-12-31 14:59:09
9930,CUST_205,PROD_11,1,2026-01-06 08:45:21
9931,CUST_141,PROD_43,5,2026-01-24 09:28:51
9932,CUST_56,PROD_25,3,2026-01-24 01:50:18
9933,CUST_258,PROD_95,4,2026-01-17 07:52:17
9934,CUST_86,PROD_6,4,2026-01-15 23:32:57
9935,CUST_181,PROD_23,5,2026-01-17 03:27:23
9936,CUST_250,PROD_4,1,2026-01-25 18:58:52
9937,CUST_56,PROD_53,1,2026-01-19 21:39:02
9938,CUST_162,PROD_90,3,2026-01-19 13:02:56
9939,CUST_285,PROD_71,3,2026-01-02 18:47:27
9940,CUST_191,PROD_20,1,2026-01-09 03:40:51
9941,CUST_46,PROD_60,4,2026-01-26 07:47:38
9942,CUST_199,PROD_52,4,2026-01-17 06:04:38
9943,CUST_2,PROD_17,5,2026-01-04 08:42:58
9944,CUST_17,PROD_73,1,2026-01-10 22:14:33
9945,CUST_222,PROD_51,5,2026-01-07 14:39:05
9946,CUST_393,PROD_87,3,2026-01-04 15:06:19
9947,CUST_388,PROD_69,2,2026-01-02 18:05:33
9948,CUST_89,PROD_13,2,2026-01-05 06:08:15
9949,CUST_46,PROD_45,5,2025-12-29 15:37:57
9950,CUST_168,PROD_18,3,2025-12-31 18:36:18
9951,CUST_451,PROD_17,1,2026-01-09 08:58:43
9952,CUST_251,PROD_60,5,2026-01-26 08:23:03
9953,CUST_394,PROD_10,3,2026-01-10 04:38:03
9954,CUST_494,PROD_10,4,2026-01-17 07:47:19
9955,CUST_180,PROD_52,4,2026-01-18 11:15:53
9956,CUST_276,PROD_12,2,2026-01-03 15:10:36
9957,CUST_276,PROD_94,4,2026-01-01 14:30:32
9958,CUST_356,PROD_36,1,2026-01-01 06:44:54
9959,CUST_197,PROD_14,4,2026-01-26 01:14:01
9960,CUST_220,PROD_65,1,2026-01-13 18:30:09
9961,CUST_227,PROD_93,5,2026-01-15 07:38:34
9962,CUST_467,PROD_4,1,2026-01-27 04:12:29
9963,CUST_476,PROD_58,5,2026-01-16 11:57:01
9964,CUST_255,PROD_82,1,2025-12-28 20:54:34
9965,CUST_460,PROD_84,5,2026-01-05 21:36:54
9966,CUST_327,PROD_53,4,2026-01-03 19:39:56
9967,CUST_375,PROD_26,5,2026-01-19 19:47:18
9968,CUST_355,PROD_5,5,2026-01-27 05:48:10
9969,CUST_117,PROD_14,2,2026-01-06 04:05:45
9970,CUST_81,PROD_51,3,2026-01-04 17:14:38
9971,CUST_153,PROD_13,1,2026-01-02 02:09:52
9972,CUST_159,PROD_49,5,2026-01-12 02:20:41
9973,CUST_480,PROD_72,1,2025-12-29 06:46:17
9974,CUST_376,PROD_22,3,2026-01-12 00:55:18
9975,CUST_95,PROD_78,4,2026-01-07 07:36:57
9976,CUST_429,PROD_28,3,2026-01-05 11:16:49
9977,CUST_403,PROD_37,4,2026-01-07 03:19:40
9978,CUST_405,PROD_81,3,2026-01-09 19:34:54
9979,CUST_388,PROD_53,5,2026-01-15 18:53:45
9980,CUST_418,PROD_32,5,2026-01-09 05:27:34
9981,CUST_21,PROD_15,1,2026-01-25 02:36:12
9982,CUST_413,PROD_37,5,2026-01-04 15:24:00
9983,CUST_43,PROD_19,3,2026-01-09 08:53:35
9984,CUST_275,PROD_94,1,2026-01-04 12:55:08
9985,CUST_172,PROD_1,2,2026-01-10 13:31:43
9986,CUST_421,PROD_11,5,2026-01-21 01:13:02
9987,CUST_142,PROD_34,1,2026-01-18 16:06:31
9988,CUST_81,PROD_51,4,2026-01-04 17:39:38
9989,CUST_170,PROD_77,3,2026-01-19 10:39:23
9990,CUST_190,PROD_72,3,2026-01-09 09:00:27
9991,CUST_302,PROD_37,5,2026-01-24 16:08:05
9992,CUST_103,PROD_100,3,2026-01-09 04:54:36
9993,CUST_64,PROD_31,4,2026-01-06 16:13:01
9994,CUST_272,PROD_73,4,2026-01-14 20:25:59
9995,CUST_99,PROD_100,3,2026-01-06 12:37:40
9996,CUST_410,PROD_30,3,2026-01-22 21:37:11
9997,CUST_272,PROD_52,3,2026-01-11 09:32:22
9998,CUST_386,PROD_78,4,2026-01-08 15:45:23
9999,CUST_32,PROD_40,3,2026-01-07 20:51:06
10000,CUST_314,PROD_36,3,2026-01-07 15:54:06
10001,CUST_433,PROD_3,2,2026-01-06 20:10:02
10002,CUST_165,PROD_50,4,2026-01-18 12:06:30
10003,CUST_158,PROD_33,3,2026-01-18 06:33:44
10004,CUST_334,PROD_90,1,2026-01-09 05:16:23
10005,CUST_363,PROD_98,5,2026-01-11 06:01:30
10006,CUST_103,PROD_24,1,2026-01-24 17:52:21
10007,CUST_124,PROD_9,4,2026-01-01 12:37:35
10008,CUST_300,PROD_79,4,2026-01-01 07:41:30
10009,CUST_259,PROD_31,5,2025-12-30 07:17:30
10010,CUST_39,PROD_11,5,2026-01-09 17:19:27
10011,CUST_373,PROD_69,4,2026-01-21 15:36:32
10012,CUST_267,PROD_14,5,2026-01-15 07:37:28
10013,CUST_120,PROD_68,3,2026-01-18 17:22:23
10014,CUST_257,PROD_18,3,2026-01-14 00:51:22
10015,CUST_293,PROD_88,2,2026-01-23 11:58:41
10016,CUST_220,PROD_79,1,2026-01-14 03:56:25
10017,CUST_204,PROD_60,3,2026-01-21 08:45:49
10018,CUST_79,PROD_85,5,2026-01-12 23:59:24
10019,CUST_228,PROD_72,4,2026-01-11 00:22:44
10020,CUST_81,PROD_46,3,2026-01-05 12:51:13
10021,CUST_144,PROD_64,2,2026-01-06 09:49:12
10022,CUST_185,PROD_74,4,2026-01-05 16:37:02
10023,CUST_467,PROD_50,4,2026-01-17 08:42:15
10024,CUST_34,PROD_30,2,2026-01-12 18:39:07
10025,CUST_278,PROD_21,2,2025-12-28 19:11:50
10026,CUST_438,PROD_37,3,2025-12-28 22:57:39
10027,CUST_74,PROD_21,3,2026-01-23 15:39:05
10028,CUST_236,PROD_95,2,2025-12-29 23:22:24
10029,CUST_87,PROD_76,2,2026-01-22 09:07:30
10030,CUST_493,PROD_81,1,2026-01-26 12:18:05
10031,CUST_471,PROD_82,1,2026-01-09 00:52:40
10032,CUST_286,PROD_10,1,2026-01-02 09:41:58
10033,CUST_260,PROD_15,2,2026-01-22 13:35:16
10034,CUST_268,PROD_31,3,2026-01-02 05:56:51
10035,CUST_125,PROD_15,1,2025-12-30 02:45:34
10036,CUST_420,PROD_42,3,2026-01-24 08:42:00
10037,CUST_495,PROD_29,5,2026-01-27 17:53:42
10038,CUST_391,PROD_96,1,2026-01-10 14:46:34
10039,CUST_59,PROD_27,2,2025-12-30 08:46:31
10040,CUST_399,PROD_66,1,2026-01-04 00:32:14
10041,CUST_106,PROD_69,1,2026-01-06 00:50:24
10042,CUST_456,PROD_21,1,2025-12-31 05:51:02
10043,CUST_359,PROD_72,2,2026-01-27 10:09:33
10044,CUST_395,PROD_30,3,2026-01-15 03:35:41
10045,CUST_479,PROD_9,2,2026-01-23 19:25:51
10046,CUST_261,PROD_47,5,2026-01-26 00:17:25
10047,CUST_211,PROD_21,1,2026-01-18 21:47:26
10048,CUST_95,PROD_62,4,2026-01-06 09:17:37
10049,CUST_439,PROD_44,2,2026-01-26 22:16:15
10050,CUST_487,PROD_59,5,2025-12-28 20:24:27
10051,CUST_120,PROD_63,5,2026-01-06 02:56:54
10052,CUST_246,PROD_53,3,2026-01-16 14:22:25
10053,CUST_489,PROD_44,5,2026-01-16 05:20:23
10054,CUST_326,PROD_22,2,2026-01-01 17:21:38
10055,CUST_4,PROD_42,3,2026-01-18 23:46:19
10056,CUST_398,PROD_91,5,2026-01-17 06:17:30
10057,CUST_289,PROD_48,4,2026-01-15 12:32:50
10058,CUST_419,PROD_28,4,2026-01-23 00:35:08
10059,CUST_197,PROD_16,4,2026-01-06 19:27:36
10060,CUST_93,PROD_100,1,2026-01-26 19:03:28
10061,CUST_392,PROD_52,5,2026-01-17 07:19:40
10062,CUST_271,PROD_17,2,2026-01-21 10:20:39
10063,CUST_417,PROD_17,5,2026-01-05 14:05:23
10064,CUST_239,PROD_82,5,2026-01-05 00:37:56
10065,CUST_350,PROD_23,5,2026-01-19 06:08:46
10066,CUST_270,PROD_88,1,2026-01-05 08:44:28
10067,CUST_416,PROD_4,1,2026-01-22 05:22:05
10068,CUST_370,PROD_33,4,2026-01-06 20:39:49
10069,CUST_144,PROD_85,4,2026-01-04 21:31:39
10070,CUST_222,PROD_47,4,2026-01-11 14:08:28
10071,CUST_360,PROD_71,5,2026-01-01 03:41:53
10072,CUST_372,PROD_93,2,2025-12-31 08:52:05
10073,CUST_363,PROD_36,1,2026-01-15 20:22:22
10074,CUST_88,PROD_33,4,2026-01-25 17:59:08
10075,CUST_431,PROD_5,5,2026-01-14 09:51:10
10076,CUST_344,PROD_21,1,2026-01-11 09:51:36
10077,CUST_207,PROD_88,3,2026-01-07 10:11:50
10078,CUST_46,PROD_41,1,2026-01-06 09:01:50
10079,CUST_262,PROD_89,5,2026-01-21 09:06:23
10080,CUST_5,PROD_46,3,2026-01-09 18:54:06
10081,CUST_344,PROD_32,3,2026-01-12 05:17:03
10082,CUST_193,PROD_68,4,2026-01-07 05:45:40
10083,CUST_29,PROD_96,2,2026-01-14 04:22:17
10084,CUST_300,PROD_74,5,2026-01-01 16:09:07
10085,CUST_472,PROD_70,2,2026-01-13 09:00:57
10086,CUST_223,PROD_53,1,2026-01-05 23:35:19
10087,CUST_250,PROD_83,1,2026-01-07 04:19:42
10088,CUST_69,PROD_84,2,2026-01-07 16:06:27
10089,CUST_54,PROD_78,2,2026-01-02 11:03:45
10090,CUST_206,PROD_89,4,2026-01-05 19:26:39
10091,CUST_450,PROD_55,3,2026-01-21 02:28:51
10092,CUST_389,PROD_7,4,2026-01-25 16:20:34
10093,CUST_428,PROD_10,1,2025-12-31 03:42:01
10094,CUST_249,PROD_35,3,2025-12-31 04:29:26
10095,CUST_129,PROD_58,5,2026-01-09 05:09:05
10096,CUST_370,PROD_59,5,2026-01-09 00:12:20
10097,CUST_210,PROD_24,2,2026-01-24 22:22:24
10098,CUST_8,PROD_64,1,2026-01-22 15:11:58
10099,CUST_353,PROD_63,4,2026-01-21 20:34:53
10100,CUST_422,PROD_85,1,2025-12-31 09:21:04
10101,CUST_416,PROD_90,5,2026-01-22 18:05:14
10102,CUST_443,PROD_86,5,2026-01-21 06:23:56
10103,CUST_339,PROD_75,3,2026-01-22 16:11:03
10104,CUST_293,PROD_42,1,2026-01-05 04:35:22
10105,CUST_328,PROD_84,1,2026-01-15 16:39:33
10106,CUST_363,PROD_15,2,2026-01-17 13:25:10
10107,CUST_145,PROD_26,5,2026-01-01 08:04:08
10108,CUST_355,PROD_93,4,2026-01-19 04:53:38
10109,CUST_69,PROD_99,4,2026-01-08 02:07:15
10110,CUST_338,PROD_9,2,2025-12-31 10:25:04
10111,CUST_166,PROD_59,2,2026-01-24 12:44:36
10112,CUST_142,PROD_65,1,2026-01-05 12:58:56
10113,CUST_195,PROD_79,3,2026-01-20 14:11:05
10114,CUST_383,PROD_63,4,2026-01-19 14:28:06
10115,CUST_15,PROD_80,1,2026-01-12 02:17:03
10116,CUST_265,PROD_87,2,2026-01-18 04:48:34
10117,CUST_246,PROD_99,1,2026-01-07 11:56:55
10118,CUST_147,PROD_26,3,2026-01-10 17:58:43
10119,CUST_374,PROD_47,1,2025-12-30 06:30:29
10120,CUST_455,PROD_14,3,2025-12-31 17:05:57
10121,CUST_494,PROD_91,3,2026-01-19 14:10:14
10122,CUST_65,PROD_91,3,2026-01-04 21:44:59
10123,CUST_210,PROD_2,2,2026-01-05 21:53:40
10124,CUST_263,PROD_61,3,2026-01-08 20:41:02
10125,CUST_499,PROD_19,5,2026-01-07 14:07:22
10126,CUST_154,PROD_75,5,2026-01-08 15:32:54
10127,CUST_413,PROD_71,2,2025-12-29 05:41:43
10128,CUST_136,PROD_52,2,2026-01-18 23:27:11
10129,CUST_500,PROD_84,5,2025-12-30 19:15:57
10130,CUST_343,PROD_32,2,2026-01-16 22:29:31
10131,CUST_19,PROD_25,2,2026-01-23 23:36:20
10132,CUST_481,PROD_21,2,2026-01-04 23:45:52
10133,CUST_250,PROD_19,4,2026-01-12 04:14:00
10134,CUST_334,PROD_64,1,2026-01-15 21:02:47
10135,CUST_282,PROD_77,3,2026-01-03 01:18:41
10136,CUST_488,PROD_80,1,2026-01-03 18:02:49
10137,CUST_51,PROD_24,4,2026-01-08 03:27:53
10138,CUST_149,PROD_50,3,2026-01-12 03:40:02
10139,CUST_141,PROD_72,2,2026-01-24 10:01:51
10140,CUST_356,PROD_53,2,2025-12-29 23:15:11
10141,CUST_118,PROD_49,2,2026-01-21 02:33:16
10142,CUST_475,PROD_56,2,2026-01-22 10:36:04
10143,CUST_222,PROD_11,5,2026-01-26 22:20:44
10144,CUST_308,PROD_30,4,2026-01-24 22:43:30
10145,CUST_309,PROD_83,5,2026-01-19 20:23:34
10146,CUST_45,PROD_22,4,2025-12-29 02:15:57
10147,CUST_291,PROD_41,3,2026-01-08 21:41:57
10148,CUST_442,PROD_13,2,2025-12-31 03:55:32
10149,CUST_456,PROD_100,5,2026-01-08 10:00:41
10150,CUST_379,PROD_57,2,2026-01-27 09:07:59
10151,CUST_370,PROD_36,3,2026-01-22 23:35:17
10152,CUST_155,PROD_65,2,2026-01-08 05:00:52
10153,CUST_94,PROD_60,4,2025-12-31 09:51:25
10154,CUST_248,PROD_14,5,2026-01-07 14:21:21
10155,CUST_418,PROD_93,3,2026-01-06 01:33:12
10156,CUST_119,PROD_64,5,2026-01-04 21:19:08
10157,CUST_271,PROD_100,2,2026-01-02 05:30:25
10158,CUST_82,PROD_4,4,2026-01-26 23:18:00
10159,CUST_248,PROD_57,1,2026-01-23 22:59:30
10160,CUST_285,PROD_62,5,2025-12-29 03:43:15
10161,CUST_485,PROD_37,4,2026-01-03 11:46:59
10162,CUST_381,PROD_64,3,2026-01-15 00:18:53
10163,CUST_156,PROD_43,5,2025-12-31 12:51:52
10164,CUST_133,PROD_43,3,2026-01-16 21:34:09
10165,CUST_94,PROD_16,2,2026-01-05 07:50:17
10166,CUST_369,PROD_76,1,2026-01-19 01:51:01
10167,CUST_372,PROD_35,5,2026-01-26 22:24:37
10168,CUST_352,PROD_40,4,2026-01-22 23:57:52
10169,CUST_268,PROD_32,3,2026-01-05 20:31:43
10170,CUST_171,PROD_14,2,2025-12-31 04:30:24
10171,CUST_285,PROD_39,4,2026-01-20 18:54:01
10172,CUST_490,PROD_67,1,2026-01-17 08:55:37
10173,CUST_414,PROD_17,2,2026-01-11 19:26:46
10174,CUST_251,PROD_28,5,2026-01-26 21:09:34
10175,CUST_495,PROD_91,2,2026-01-14 02:10:23
10176,CUST_141,PROD_40,2,2026-01-14 07:31:32
10177,CUST_374,PROD_94,2,2026-01-08 06:38:59
10178,CUST_46,PROD_63,5,2026-01-05 03:30:16
10179,CUST_284,PROD_7,4,2026-01-11 08:36:52
10180,CUST_9,PROD_26,5,2025-12-30 19:21:42
10181,CUST_260,PROD_66,3,2025-12-29 18:12:10
10182,CUST_143,PROD_22,3,2026-01-21 10:12:20
10183,CUST_426,PROD_2,1,2026-01-11 06:48:42
10184,CUST_233,PROD_56,4,2026-01-23 02:09:51
10185,CUST_130,PROD_24,2,2026-01-07 02:50:34
10186,CUST_93,PROD_22,4,2026-01-06 19:51:58
10187,CUST_367,PROD_93,2,2026-01-04 22:55:32
10188,CUST_62,PROD_2,1,2026-01-20 10:48:59
10189,CUST_459,PROD_3,5,2026-01-20 08:23:16
10190,CUST_59,PROD_9,4,2026-01-02 07:58:28
10191,CUST_347,PROD_17,4,2026-01-03 05:03:58
10192,CUST_98,PROD_63,1,2026-01-10 07:16:36
10193,CUST_6,PROD_35,1,2026-01-02 19:41:12
10194,CUST_378,PROD_69,1,2026-01-02 15:24:22
10195,CUST_128,PROD_92,2,2026-01-18 12:55:33
10196,CUST_98,PROD_84,1,2026-01-25 09:33:50
10197,CUST_250,PROD_27,2,2026-01-09 15:38:03
10198,CUST_59,PROD_53,1,2026-01-03 20:09:32
10199,CUST_68,PROD_41,2,2026-01-24 11:46:30
10200,CUST_334,PROD_69,3,2026-01-18 06:16:03
10201,CUST_112,PROD_18,3,2026-01-07 22:36:01
10202,CUST_422,PROD_2,4,2026-01-11 05:34:48
10203,CUST_348,PROD_24,2,2026-01-15 04:22:39
10204,CUST_183,PROD_48,5,2026-01-05 01:32:29
10205,CUST_228,PROD_98,3,2026-01-21 05:57:54
10206,CUST_275,PROD_61,2,2026-01-02 20:04:18
10207,CUST_299,PROD_95,1,2026-01-02 11:28:49
10208,CUST_209,PROD_3,1,2026-01-04 10:57:25
10209,CUST_478,PROD_72,4,2026-01-23 08:12:02
10210,CUST_433,PROD_12,2,2026-01-08 09:47:17
10211,CUST_175,PROD_58,2,2026-01-01 21:34:57
10212,CUST_193,PROD_41,4,2026-01-06 04:57:33
10213,CUST_146,PROD_45,5,2026-01-12 05:32:19
10214,CUST_2,PROD_37,5,2026-01-12 09:12:04
10215,CUST_322,PROD_19,5,2026-01-09 01:52:08
10216,CUST_428,PROD_47,5,2026-01-04 08:59:18
10217,CUST_352,PROD_60,5,2026-01-21 09:38:20
10218,CUST_133,PROD_65,1,2026-01-10 23:28:38
10219,CUST_332,PROD_64,2,2026-01-23 23:23:00
10220,CUST_464,PROD_51,4,2026-01-01 07:03:33
10221,CUST_343,PROD_17,5,2026-01-12 03:35:04
10222,CUST_64,PROD_72,2,2026-01-19 15:24:21
10223,CUST_107,PROD_64,3,2026-01-22 19:54:42
10224,CUST_68,PROD_65,1,2026-01-12 23:12:17
10225,CUST_185,PROD_10,3,2026-01-02 23:16:35
10226,CUST_72,PROD_97,1,2026-01-15 14:47:35
10227,CUST_204,PROD_2,1,2025-12-31 01:19:58
10228,CUST_2,PROD_16,2,2026-01-04 08:11:46
10229,CUST_457,PROD_14,3,2026-01-23 05:14:34
10230,CUST_434,PROD_37,3,2026-01-22 04:39:31
10231,CUST_16,PROD_100,3,2026-01-18 21:11:56
10232,CUST_102,PROD_9,3,2026-01-18 14:39:43
10233,CUST_86,PROD_82,1,2026-01-12 07:19:24
10234,CUST_479,PROD_1,2,2026-01-03 13:29:44
10235,CUST_20,PROD_99,3,2025-12-28 22:03:22
10236,CUST_490,PROD_52,5,2026-01-13 12:48:42
10237,CUST_141,PROD_98,2,2025-12-29 07:44:03
10238,CUST_422,PROD_5,3,2025-12-31 21:39:52
10239,CUST_236,PROD_42,2,2026-01-10 06:10:40
10240,CUST_242,PROD_51,5,2026-01-14 20:22:26
10241,CUST_392,PROD_50,1,2026-01-09 09:04:59
10242,CUST_229,PROD_97,2,2026-01-19 22:43:24
10243,CUST_57,PROD_97,3,2025-12-29 05:35:02
10244,CUST_423,PROD_8,1,2026-01-03 13:28:19
10245,CUST_242,PROD_44,3,2026-01-07 13:12:53
10246,CUST_143,PROD_35,1,2026-01-14 16:08:09
10247,CUST_17,PROD_75,1,2026-01-01 17:14:48
10248,CUST_372,PROD_39,5,2026-01-19 01:15:08
10249,CUST_23,PROD_86,1,2026-01-20 06:52:19
10250,CUST_54,PROD_80,2,2026-01-11 13:03:43
10251,CUST_444,PROD_73,5,2026-01-21 10:30:38
10252,CUST_320,PROD_78,5,2026-01-07 01:05:26
10253,CUST_287,PROD_42,4,2026-01-05 15:46:32
10254,CUST_14,PROD_48,5,2026-01-07 23:29:25
10255,CUST_425,PROD_68,4,2026-01-01 08:16:13
10256,CUST_456,PROD_85,1,2025-12-30 11:36:07
10257,CUST_282,PROD_12,3,2026-01-01 14:59:01
10258,CUST_459,PROD_6,3,2026-01-14 03:40:15
10259,CUST_182,PROD_44,3,2025-12-30 16:12:02
10260,CUST_372,PROD_29,4,2026-01-04 18:57:07
10261,CUST_140,PROD_35,4,2026-01-27 02:48:56
10262,CUST_181,PROD_55,2,2026-01-04 22:48:17
10263,CUST_60,PROD_5,4,2025-12-30 06:45:36
10264,CUST_395,PROD_86,3,2026-01-27 10:59:37
10265,CUST_9,PROD_47,4,2026-01-09 03:00:22
10266,CUST_266,PROD_97,1,2026-01-21 12:32:37
10267,CUST_349,PROD_32,3,2026-01-02 19:46:19
10268,CUST_106,PROD_39,3,2026-01-25 04:54:15
10269,CUST_151,PROD_97,3,2026-01-15 09:54:41
10270,CUST_93,PROD_26,1,2026-01-06 14:51:46
10271,CUST_436,PROD_90,1,2026-01-05 01:35:27
10272,CUST_305,PROD_96,1,2026-01-01 01:03:09
10273,CUST_496,PROD_82,4,2026-01-13 02:52:28
10274,CUST_460,PROD_60,5,2026-01-22 14:20:43
10275,CUST_68,PROD_68,1,2025-12-30 17:14:09
10276,CUST_271,PROD_2,3,2026-01-25 14:41:28
10277,CUST_55,PROD_59,4,2026-01-02 23:41:27
10278,CUST_337,PROD_59,3,2026-01-05 21:50:25
10279,CUST_486,PROD_36,4,2026-01-13 23:25:18
10280,CUST_147,PROD_9,4,2026-01-16 20:05:20
10281,CUST_186,PROD_27,2,2026-01-22 02:43:21
10282,CUST_74,PROD_28,1,2026-01-24 00:01:53
10283,CUST_463,PROD_26,2,2026-01-23 00:16:17
10284,CUST_356,PROD_95,1,2026-01-21 00:59:40
10285,CUST_23,PROD_41,3,2026-01-11 00:52:52
10286,CUST_366,PROD_23,1,2026-01-16 23:01:55
10287,CUST_154,PROD_5,4,2026-01-25 02:45:54
10288,CUST_268,PROD_9,5,2026-01-03 04:15:02
10289,CUST_420,PROD_42,1,2026-01-25 00:36:24
10290,CUST_166,PROD_18,2,2026-01-23 05:14:20
10291,CUST_425,PROD_79,3,2026-01-21 17:15:45
10292,CUST_139,PROD_15,2,2026-01-03 04:44:07
10293,CUST_137,PROD_33,3,2026-01-11 19:06:25
10294,CUST_373,PROD_15,3,2026-01-08 07:04:22
10295,CUST_325,PROD_85,5,2026-01-18 11:12:03
10296,CUST_377,PROD_1,1,2026-01-25 17:44:30
10297,CUST_210,PROD_72,5,2026-01-18 12:33:41
10298,CUST_204,PROD_78,5,2026-01-16 01:43:41
10299,CUST_365,PROD_60,4,2026-01-09 06:31:42
10300,CUST_127,PROD_26,2,2025-12-30 00:35:54
10301,CUST_436,PROD_25,3,2026-01-14 15:26:31
10302,CUST_285,PROD_63,5,2026-01-21 02:05:24
10303,CUST_481,PROD_31,3,2026-01-24 04:16:53
10304,CUST_65,PROD_1,2,2026-01-24 11:34:35
10305,CUST_316,PROD_33,2,2026-01-02 21:26:26
10306,CUST_245,PROD_8,5,2026-01-09 17:42:51
10307,CUST_500,PROD_23,2,2026-01-14 14:42:01
10308,CUST_167,PROD_27,5,2026-01-13 04:43:03
10309,CUST_478,PROD_32,4,2026-01-24 03:51:07
10310,CUST_399,PROD_38,1,2026-01-04 05:36:24
10311,CUST_260,PROD_45,3,2026-01-11 17:12:00
10312,CUST_434,PROD_77,3,2026-01-15 13:14:57
10313,CUST_352,PROD_93,2,2026-01-04 00:47:18
10314,CUST_95,PROD_49,1,2026-01-20 00:53:04
10315,CUST_440,PROD_3,1,2026-01-09 13:22:26
10316,CUST_333,PROD_5,5,2026-01-16 16:47:03
10317,CUST_26,PROD_34,4,2026-01-23 13:31:56
10318,CUST_48,PROD_78,1,2026-01-21 10:58:12
10319,CUST_189,PROD_62,2,2026-01-21 14:05:01
10320,CUST_233,PROD_6,1,2025-12-30 20:01:04
10321,CUST_476,PROD_6,2,2026-01-17 04:15:48
10322,CUST_239,PROD_69,1,2026-01-16 19:26:45
10323,CUST_395,PROD_24,2,2026-01-09 17:29:23
10324,CUST_132,PROD_37,2,2026-01-02 13:41:15
10325,CUST_205,PROD_67,3,2026-01-24 21:53:25
10326,CUST_415,PROD_33,1,2026-01-27 14:07:33
10327,CUST_274,PROD_48,4,2026-01-20 19:43:04
10328,CUST_59,PROD_8,3,2026-01-25 18:09:02
10329,CUST_380,PROD_39,1,2026-01-20 09:26:04
10330,CUST_486,PROD_89,3,2026-01-24 23:50:41
10331,CUST_74,PROD_57,1,2026-01-12 21:03:36
10332,CUST_313,PROD_99,3,2026-01-11 21:33:24
10333,CUST_325,PROD_43,1,2026-01-22 09:39:21
10334,CUST_8,PROD_32,5,2026-01-17 21:42:36
10335,CUST_301,PROD_53,2,2026-01-21 05:22:52
10336,CUST_259,PROD_43,1,2026-01-25 09:31:24
10337,CUST_399,PROD_38,5,2026-01-17 09:02:53
10338,CUST_248,PROD_76,2,2026-01-22 12:46:11
10339,CUST_265,PROD_83,3,2026-01-11 18:45:20
10340,CUST_498,PROD_81,4,2026-01-12 22:21:34
10341,CUST_296,PROD_80,3,2026-01-25 22:00:03
10342,CUST_430,PROD_75,3,2026-01-07 07:30:00
10343,CUST_291,PROD_88,3,2026-01-12 20:26:34
10344,CUST_202,PROD_19,4,2026-01-09 03:26:15
10345,CUST_393,PROD_52,2,2025-12-28 21:52:58
10346,CUST_449,PROD_14,1,2026-01-09 12:45:13
10347,CUST_353,PROD_88,3,2026-01-11 19:31:06
10348,CUST_309,PROD_42,3,2026-01-10 05:08:35
10349,CUST_249,PROD_68,2,2026-01-19 16:51:37
10350,CUST_309,PROD_50,1,2026-01-17 08:52:43
10351,CUST_294,PROD_58,4,2026-01-22 23:23:00
10352,CUST_108,PROD_54,3,2026-01-05 10:12:16
10353,CUST_301,PROD_53,3,2026-01-23 10:44:42
10354,CUST_388,PROD_51,1,2026-01-24 21:06:08
10355,CUST_143,PROD_7,5,2026-01-16 08:30:47
10356,CUST_286,PROD_33,4,2026-01-21 12:40:58
10357,CUST_78,PROD_69,1,2025-12-29 10:12:57
10358,CUST_343,PROD_57,4,2026-01-15 13:50:36
10359,CUST_48,PROD_34,4,2026-01-21 08:03:36
10360,CUST_347,PROD_65,1,2026-01-17 20:24:36
10361,CUST_434,PROD_44,2,2026-01-17 01:00:00
10362,CUST_407,PROD_57,5,2026-01-19 04:49:39
10363,CUST_432,PROD_67,5,2026-01-08 01:20:19
10364,CUST_454,PROD_99,5,2026-01-12 09:41:45
10365,CUST_479,PROD_74,1,2026-01-16 02:40:45
10366,CUST_220,PROD_12,3,2026-01-15 12:12:32
10367,CUST_120,PROD_29,4,2026-01-20 08:30:00
10368,CUST_6,PROD_85,3,2026-01-24 16:06:34
10369,CUST_25,PROD_76,2,2026-01-14 07:15:56
10370,CUST_69,PROD_98,5,2025-12-30 11:27:25
10371,CUST_472,PROD_50,4,2026-01-27 10:02:07
10372,CUST_280,PROD_98,4,2026-01-06 22:32:49
10373,CUST_58,PROD_7,2,2026-01-24 05:57:07
10374,CUST_371,PROD_79,2,2026-01-07 05:51:10
10375,CUST_412,PROD_46,5,2026-01-20 14:53:02
10376,CUST_350,PROD_65,1,2026-01-23 05:35:54
10377,CUST_354,PROD_76,4,2025-12-28 22:55:16
10378,CUST_277,PROD_26,2,2026-01-10 23:55:01
10379,CUST_484,PROD_7,1,2026-01-14 11:39:31
10380,CUST_434,PROD_81,1,2026-01-05 15:48:21
10381,CUST_249,PROD_2,4,2026-01-16 20:41:06
10382,CUST_372,PROD_24,1,2026-01-06 08:00:27
10383,CUST_373,PROD_71,5,2026-01-24 09:05:15
10384,CUST_339,PROD_40,2,2025-12-31 01:56:55
10385,CUST_257,PROD_37,5,2026-01-14 11:21:07
10386,CUST_68,PROD_33,3,2026-01-12 23:05:33
10387,CUST_402,PROD_66,2,2026-01-27 16:05:17
10388,CUST_151,PROD_72,4,2026-01-17 21:21:37
10389,CUST_63,PROD_34,1,2026-01-06 22:40:00
10390,CUST_482,PROD_79,5,2026-01-25 04:23:32
10391,CUST_108,PROD_88,3,2026-01-27 16:27:27
10392,CUST_482,PROD_22,1,2026-01-12 03:18:06
10393,CUST_416,PROD_39,5,2025-12-30 20:28:51
10394,CUST_176,PROD_99,3,2026-01-08 22:40:27
10395,CUST_208,PROD_74,4,2026-01-18 23:17:04
10396,CUST_183,PROD_55,4,2026-01-13 22:41:41
10397,CUST_121,PROD_63,1,2026-01-20 01:54:39
10398,CUST_133,PROD_13,1,2026-01-01 14:25:14
10399,CUST_425,PROD_45,2,2026-01-21 05:42:39
10400,CUST_225,PROD_99,4,2026-01-14 07:32:53
10401,CUST_105,PROD_26,1,2026-01-05 03:09:54
10402,CUST_243,PROD_34,4,2026-01-11 03:07:51
10403,CUST_465,PROD_51,1,2025-12-31 12:12:35
10404,CUST_29,PROD_91,5,2026-01-19 13:25:00
10405,CUST_170,PROD_24,2,2026-01-14 00:52:27
10406,CUST_311,PROD_94,5,2026-01-22 23:51:54
10407,CUST_288,PROD_24,5,2026-01-17 23:55:38
10408,CUST_409,PROD_56,5,2026-01-10 07:45:21
10409,CUST_4,PROD_64,1,2026-01-19 05:10:29
10410,CUST_228,PROD_95,1,2026-01-04 03:07:49
10411,CUST_496,PROD_35,3,2026-01-24 02:05:35
10412,CUST_273,PROD_99,1,2026-01-23 06:20:54
10413,CUST_337,PROD_25,2,2026-01-15 17:40:30
10414,CUST_431,PROD_92,5,2026-01-08 01:41:13
10415,CUST_80,PROD_58,3,2026-01-22 14:26:17
10416,CUST_179,PROD_50,5,2026-01-19 01:56:03
10417,CUST_305,PROD_97,4,2025-12-28 23:08:28
10418,CUST_121,PROD_46,3,2026-01-09 17:47:58
10419,CUST_49,PROD_43,5,2026-01-04 13:08:15
10420,CUST_100,PROD_21,1,2026-01-24 00:06:47
10421,CUST_167,PROD_9,4,2026-01-17 07:21:47
10422,CUST_32,PROD_84,3,2026-01-12 18:42:43
10423,CUST_231,PROD_94,2,2026-01-18 06:18:16
10424,CUST_103,PROD_67,2,2026-01-25 17:08:21
10425,CUST_98,PROD_91,4,2026-01-17 23:03:23
10426,CUST_401,PROD_73,1,2026-01-21 21:53:06
10427,CUST_500,PROD_75,5,2026-01-17 21:05:56
10428,CUST_150,PROD_63,4,2026-01-17 10:59:38
10429,CUST_169,PROD_42,4,2026-01-12 11:00:40
10430,CUST_138,PROD_94,2,2026-01-24 19:45:48
10431,CUST_183,PROD_70,5,2026-01-24 03:37:16
10432,CUST_247,PROD_7,5,2026-01-15 07:55:36
10433,CUST_55,PROD_93,1,2026-01-12 06:11:06
10434,CUST_456,PROD_98,2,2025-12-31 19:33:40
10435,CUST_173,PROD_22,2,2025-12-28 20:47:08
10436,CUST_217,PROD_43,2,2026-01-04 10:19:05
10437,CUST_410,PROD_87,5,2026-01-20 16:29:25
10438,CUST_240,PROD_63,5,2026-01-16 01:47:48
10439,CUST_330,PROD_97,1,2026-01-08 16:19:50
10440,CUST_290,PROD_100,4,2026-01-24 17:31:38
10441,CUST_286,PROD_26,4,2026-01-01 20:10:43
10442,CUST_122,PROD_81,1,2026-01-17 07:34:53
10443,CUST_132,PROD_45,1,2026-01-01 21:45:06
10444,CUST_479,PROD_79,2,2026-01-12 02:28:24
10445,CUST_255,PROD_52,1,2026-01-04 19:53:05
10446,CUST_115,PROD_19,1,2026-01-20 13:18:13
10447,CUST_277,PROD_72,2,2026-01-17 14:16:22
10448,CUST_251,PROD_56,4,2026-01-09 06:38:58
10449,CUST_165,PROD_61,2,2026-01-17 22:59:58
10450,CUST_103,PROD_50,2,2026-01-09 01:41:12
10451,CUST_213,PROD_89,1,2026-01-07 00:29:25
10452,CUST_210,PROD_88,5,2025-12-28 22:11:48
10453,CUST_393,PROD_11,1,2026-01-09 16:17:40
10454,CUST_342,PROD_28,2,2026-01-04 19:01:29
10455,CUST_362,PROD_82,4,2026-01-08 04:58:38
10456,CUST_66,PROD_53,1,2026-01-04 14:19:02
10457,CUST_427,PROD_42,2,2026-01-11 22:31:49
10458,CUST_112,PROD_92,2,2026-01-22 13:57:24
10459,CUST_483,PROD_9,4,2026-01-09 16:51:56
10460,CUST_257,PROD_38,3,2026-01-03 15:17:56
10461,CUST_201,PROD_28,1,2026-01-19 00:29:52
10462,CUST_426,PROD_26,3,2026-01-10 10:02:57
10463,CUST_57,PROD_14,3,2026-01-25 01:50:32
10464,CUST_99,PROD_5,4,2026-01-22 06:40:54
10465,CUST_322,PROD_17,1,2026-01-04 20:38:44
10466,CUST_144,PROD_28,2,2026-01-20 11:15:31
10467,CUST_367,PROD_77,1,2026-01-24 02:49:04
10468,CUST_498,PROD_56,2,2025-12-30 00:58:34
10469,CUST_35,PROD_58,1,2026-01-15 01:43:08
10470,CUST_293,PROD_44,2,2026-01-22 05:21:13
10471,CUST_167,PROD_40,3,2026-01-08 20:34:58
10472,CUST_243,PROD_12,3,2026-01-17 01:17:40
10473,CUST_102,PROD_72,3,2026-01-04 11:02:25
10474,CUST_90,PROD_90,2,2026-01-23 22:20:07
10475,CUST_113,PROD_3,1,2026-01-06 21:13:24
10476,CUST_284,PROD_15,5,2025-12-31 12:28:06
10477,CUST_321,PROD_33,5,2026-01-22 08:58:43
10478,CUST_455,PROD_31,4,2026-01-17 13:11:32
10479,CUST_282,PROD_91,2,2026-01-01 12:35:52
10480,CUST_246,PROD_8,5,2026-01-11 23:54:40
10481,CUST_479,PROD_61,4,2026-01-09 04:42:42
10482,CUST_243,PROD_50,1,2026-01-13 07:25:00
10483,CUST_84,PROD_53,2,2025-12-31 02:37:31
10484,CUST_328,PROD_44,4,2026-01-08 07:31:21
10485,CUST_199,PROD_95,1,2026-01-02 07:26:21
10486,CUST_27,PROD_98,4,2025-12-31 21:16:03
10487,CUST_116,PROD_17,5,2026-01-12 12:42:28
10488,CUST_142,PROD_8,2,2026-01-08 15:30:15
10489,CUST_107,PROD_18,3,2026-01-12 22:10:40
10490,CUST_392,PROD_40,1,2026-01-09 12:28:03
10491,CUST_33,PROD_3,1,2026-01-15 14:58:48
10492,CUST_195,PROD_60,1,2026-01-04 22:52:14
10493,CUST_331,PROD_21,4,2026-01-26 13:38:49
10494,CUST_213,PROD_66,5,2026-01-17 17:33:17
10495,CUST_453,PROD_79,2,2026-01-14 18:55:22
10496,CUST_411,PROD_34,4,2026-01-27 06:05:34
10497,CUST_436,PROD_24,5,2026-01-24 01:14:35
10498,CUST_192,PROD_31,4,2026-01-27 02:24:36
10499,CUST_420,PROD_68,5,2026-01-10 13:44:53
10500,CUST_1,PROD_90,5,2026-01-08 13:15:16
10501,CUST_172,PROD_87,2,2026-01-10 09:50:20
10502,CUST_97,PROD_41,5,2026-01-09 07:54:22
10503,CUST_16,PROD_72,4,2026-01-13 23:28:45
10504,CUST_246,PROD_51,4,2026-01-08 17:52:28
10505,CUST_168,PROD_4,4,2026-01-15 17:02:26
10506,CUST_41,PROD_52,5,2025-12-29 09:48:01
10507,CUST_63,PROD_27,4,2025-12-29 00:38:02
10508,CUST_222,PROD_31,2,2026-01-08 04:49:21
10509,CUST_383,PROD_4,1,2025-12-30 11:35:13
10510,CUST_391,PROD_10,1,2026-01-03 15:48:29
10511,CUST_411,PROD_24,1,2026-01-13 04:50:54
10512,CUST_369,PROD_15,2,2026-01-12 14:42:44
10513,CUST_249,PROD_83,1,2026-01-23 21:28:32
10514,CUST_276,PROD_59,3,2025-12-31 10:16:04
10515,CUST_21,PROD_25,3,2026-01-07 05:23:57
10516,CUST_124,PROD_6,5,2026-01-24 17:13:35
10517,CUST_19,PROD_45,1,2026-01-17 03:01:46
10518,CUST_423,PROD_65,5,2026-01-05 15:28:01
10519,CUST_431,PROD_58,1,2026-01-09 21:14:10
10520,CUST_399,PROD_29,2,2025-12-31 19:02:16
10521,CUST_2,PROD_37,5,2026-01-24 04:51:09
10522,CUST_409,PROD_42,2,2026-01-12 03:13:16
10523,CUST_199,PROD_78,5,2026-01-02 16:20:46
10524,CUST_486,PROD_59,3,2026-01-18 07:14:42
10525,CUST_430,PROD_35,3,2026-01-13 17:01:12
10526,CUST_439,PROD_20,1,2026-01-05 23:56:53
10527,CUST_78,PROD_85,4,2026-01-16 23:22:24
10528,CUST_442,PROD_88,2,2026-01-05 10:44:54
10529,CUST_118,PROD_37,3,2025-12-29 03:16:00
10530,CUST_456,PROD_49,2,2026-01-25 18:26:08
10531,CUST_422,PROD_59,2,2025-12-31 09:40:52
10532,CUST_363,PROD_80,1,2026-01-02 09:47:45
10533,CUST_405,PROD_87,1,2026-01-22 10:50:58
10534,CUST_229,PROD_28,5,2026-01-15 19:50:42
10535,CUST_147,PROD_21,3,2026-01-19 04:53:56
10536,CUST_460,PROD_46,2,2026-01-02 18:03:21
10537,CUST_428,PROD_96,2,2025-12-29 05:22:03
10538,CUST_188,PROD_29,1,2025-12-28 18:35:07
10539,CUST_28,PROD_27,4,2026-01-04 01:09:03
10540,CUST_194,PROD_39,3,2026-01-04 19:51:56
10541,CUST_365,PROD_77,5,2026-01-23 12:57:05
10542,CUST_355,PROD_38,1,2026-01-09 06:09:15
10543,CUST_397,PROD_35,5,2026-01-18 09:09:54
10544,CUST_234,PROD_57,4,2026-01-26 15:37:27
10545,CUST_339,PROD_88,4,2026-01-10 21:04:44
10546,CUST_182,PROD_27,5,2025-12-31 17:49:36
10547,CUST_236,PROD_11,4,2026-01-10 03:23:14
10548,CUST_76,PROD_69,1,2026-01-01 03:56:38
10549,CUST_427,PROD_50,3,2026-01-23 11:17:45
10550,CUST_189,PROD_70,5,2026-01-17 17:06:09
10551,CUST_146,PROD_61,4,2026-01-11 19:28:15
10552,CUST_400,PROD_82,1,2026-01-13 17:59:59
10553,CUST_437,PROD_94,3,2025-12-31 10:19:57
10554,CUST_471,PROD_66,3,2025-12-29 06:31:44
10555,CUST_300,PROD_43,2,2026-01-11 07:02:03
10556,CUST_494,PROD_32,2,2026-01-01 09:30:44
10557,CUST_166,PROD_3,4,2026-01-05 16:07:42
10558,CUST_40,PROD_91,5,2026-01-20 06:19:04
10559,CUST_465,PROD_83,5,2025-12-31 04:28:27
10560,CUST_340,PROD_95,5,2025-12-30 02:59:26
10561,CUST_3,PROD_69,3,2026-01-14 16:03:57
10562,CUST_329,PROD_49,1,2026-01-25 03:38:26
10563,CUST_188,PROD_59,5,2026-01-01 03:11:07
10564,CUST_41,PROD_63,3,2026-01-16 09:10:48
10565,CUST_373,PROD_41,5,2026-01-09 00:27:03
10566,CUST_394,PROD_75,2,2026-01-01 01:49:03
10567,CUST_10,PROD_7,1,2026-01-08 15:05:16
10568,CUST_474,PROD_88,5,2026-01-02 12:12:10
10569,CUST_367,PROD_47,2,2026-01-24 11:13:32
10570,CUST_454,PROD_17,4,2026-01-06 23:56:08
10571,CUST_59,PROD_68,3,2026-01-22 16:46:16
10572,CUST_357,PROD_44,2,2026-01-03 10:55:11
10573,CUST_484,PROD_98,3,2026-01-01 16:46:06
10574,CUST_214,PROD_36,5,2026-01-12 07:00:49
10575,CUST_204,PROD_57,2,2026-01-09 05:45:32
10576,CUST_103,PROD_77,3,2026-01-15 15:55:34
10577,CUST_78,PROD_74,1,2026-01-12 22:02:32
10578,CUST_461,PROD_15,5,2026-01-27 06:21:14
10579,CUST_399,PROD_5,2,2026-01-25 03:54:58
10580,CUST_303,PROD_74,5,2026-01-22 09:25:43
10581,CUST_378,PROD_20,4,2026-01-18 15:49:10
10582,CUST_451,PROD_85,2,2026-01-17 00:06:11
10583,CUST_494,PROD_22,2,2026-01-03 18:17:20
10584,CUST_457,PROD_10,4,2026-01-03 21:51:03
10585,CUST_381,PROD_1,2,2026-01-18 11:15:41
10586,CUST_451,PROD_56,1,2026-01-04 21:32:33
10587,CUST_146,PROD_53,2,2026-01-08 10:08:17
10588,CUST_62,PROD_24,2,2026-01-24 00:43:30
10589,CUST_244,PROD_63,4,2026-01-17 18:33:24
10590,CUST_311,PROD_5,1,2026-01-13 17:36:04
10591,CUST_360,PROD_22,4,2025-12-30 06:00:50
10592,CUST_5,PROD_61,1,2026-01-26 12:19:10
10593,CUST_500,PROD_21,5,2026-01-11 13:30:07
10594,CUST_272,PROD_41,2,2026-01-03 17:18:08
10595,CUST_347,PROD_73,5,2026-01-19 10:27:28
10596,CUST_86,PROD_49,3,2026-01-07 23:31:19
10597,CUST_359,PROD_42,5,2026-01-13 13:43:27
10598,CUST_380,PROD_99,3,2026-01-19 21:28:08
10599,CUST_456,PROD_81,3,2026-01-18 14:17:23
10600,CUST_64,PROD_39,4,2026-01-09 00:16:31
10601,CUST_486,PROD_30,1,2026-01-26 02:34:14
10602,CUST_20,PROD_19,3,2026-01-13 08:23:06
10603,CUST_346,PROD_10,4,2026-01-01 11:13:30
10604,CUST_182,PROD_55,5,2026-01-02 01:16:06
10605,CUST_393,PROD_75,1,2026-01-12 20:41:33
10606,CUST_499,PROD_31,3,2026-01-07 04:38:43
10607,CUST_35,PROD_100,5,2026-01-11 11:35:25
10608,CUST_222,PROD_56,2,2026-01-03 13:40:08
10609,CUST_323,PROD_36,5,2026-01-12 22:34:12
10610,CUST_251,PROD_17,2,2026-01-12 15:45:28
10611,CUST_412,PROD_74,2,2026-01-20 02:49:55
10612,CUST_303,PROD_92,5,2026-01-27 15:00:36
10613,CUST_256,PROD_70,4,2026-01-19 22:19:35
10614,CUST_174,PROD_64,2,2026-01-19 21:53:14
10615,CUST_62,PROD_75,4,2026-01-20 01:17:24
10616,CUST_75,PROD_76,2,2026-01-07 00:14:40
10617,CUST_274,PROD_2,4,2026-01-14 03:03:06
10618,CUST_496,PROD_69,3,2026-01-12 03:10:05
10619,CUST_11,PROD_85,4,2026-01-17 12:07:18
10620,CUST_395,PROD_4,1,2026-01-25 22:08:27
10621,CUST_315,PROD_62,5,2026-01-25 12:13:06
10622,CUST_5,PROD_28,5,2026-01-06 07:19:48
10623,CUST_63,PROD_34,2,2026-01-20 07:26:12
10624,CUST_266,PROD_46,4,2026-01-27 10:19:11
10625,CUST_414,PROD_7,1,2025-12-30 16:26:18
10626,CUST_327,PROD_79,2,2026-01-10 03:59:41
10627,CUST_286,PROD_100,4,2026-01-15 04:19:54
10628,CUST_186,PROD_81,1,2025-12-29 23:01:27
10629,CUST_31,PROD_23,5,2025-12-30 21:36:36
10630,CUST_419,PROD_39,5,2026-01-26 03:32:41
10631,CUST_476,PROD_66,1,2026-01-19 20:20:44
10632,CUST_338,PROD_28,5,2026-01-26 09:15:16
10633,CUST_127,PROD_96,2,2026-01-22 21:14:18
10634,CUST_139,PROD_73,2,2026-01-06 05:16:39
10635,CUST_442,PROD_63,5,2026-01-07 08:19:43
10636,CUST_454,PROD_89,1,2026-01-22 03:29:11
10637,CUST_143,PROD_17,1,2026-01-02 14:05:04
10638,CUST_460,PROD_10,4,2026-01-11 14:08:47
10639,CUST_295,PROD_32,4,2026-01-23 16:39:54
10640,CUST_481,PROD_26,4,2026-01-14 13:05:12
10641,CUST_16,PROD_73,5,2026-01-01 11:22:18
10642,CUST_450,PROD_3,3,2026-01-22 11:39:53
10643,CUST_13,PROD_30,4,2026-01-09 13:59:05
10644,CUST_274,PROD_2,4,2026-01-02 13:23:38
10645,CUST_227,PROD_30,1,2026-01-22 21:59:55
10646,CUST_115,PROD_44,5,2026-01-02 21:10:14
10647,CUST_362,PROD_1,5,2025-12-29 10:19:22
10648,CUST_187,PROD_40,5,2025-12-31 01:42:35
10649,CUST_355,PROD_25,1,2026-01-20 03:54:36
10650,CUST_101,PROD_70,3,2025-12-29 17:17:35
10651,CUST_104,PROD_54,1,2026-01-06 06:49:07
10652,CUST_402,PROD_80,3,2026-01-17 11:20:53
10653,CUST_486,PROD_74,4,2026-01-06 00:55:12
10654,CUST_286,PROD_97,4,2026-01-14 15:34:42
10655,CUST_144,PROD_36,3,2026-01-19 17:02:11
10656,CUST_310,PROD_37,1,2026-01-03 15:09:15
10657,CUST_173,PROD_64,1,2026-01-17 02:46:39
10658,CUST_105,PROD_58,5,2026-01-26 07:18:29
10659,CUST_151,PROD_9,4,2026-01-06 08:50:57
10660,CUST_429,PROD_33,2,2026-01-24 12:24:12
10661,CUST_88,PROD_83,4,2026-01-08 05:43:16
10662,CUST_228,PROD_90,5,2026-01-03 11:41:14
10663,CUST_441,PROD_23,1,2026-01-06 12:50:31
10664,CUST_483,PROD_17,3,2026-01-15 02:00:11
10665,CUST_6,PROD_34,2,2026-01-14 01:55:34
10666,CUST_464,PROD_17,5,2026-01-21 19:53:27
10667,CUST_286,PROD_78,3,2026-01-22 02:04:57
10668,CUST_377,PROD_30,4,2026-01-25 05:06:37
10669,CUST_126,PROD_5,1,2026-01-27 06:14:58
10670,CUST_436,PROD_85,5,2026-01-02 06:43:32
10671,CUST_194,PROD_60,1,2026-01-03 06:23:01
10672,CUST_18,PROD_43,3,2026-01-23 12:27:20
10673,CUST_435,PROD_87,2,2026-01-20 12:20:56
10674,CUST_379,PROD_78,5,2026-01-03 08:06:13
10675,CUST_312,PROD_11,2,2026-01-21 12:34:02
10676,CUST_359,PROD_30,2,2026-01-01 09:01:40
10677,CUST_267,PROD_46,5,2026-01-21 05:05:11
10678,CUST_161,PROD_91,1,2026-01-09 23:23:33
10679,CUST_201,PROD_68,5,2026-01-09 09:56:04
10680,CUST_421,PROD_1,2,2026-01-11 20:54:16
10681,CUST_206,PROD_26,1,2026-01-12 18:50:39
10682,CUST_60,PROD_76,5,2026-01-18 18:16:20
10683,CUST_433,PROD_49,5,2026-01-10 21:22:59
10684,CUST_413,PROD_66,2,2026-01-20 20:39:05
10685,CUST_246,PROD_65,2,2026-01-16 18:59:43
10686,CUST_400,PROD_19,5,2026-01-09 08:18:46
10687,CUST_238,PROD_44,1,2026-01-02 20:18:00
10688,CUST_262,PROD_14,2,2026-01-26 19:35:53
10689,CUST_245,PROD_1,5,2025-12-30 10:10:53
10690,CUST_35,PROD_63,1,2026-01-01 06:38:21
10691,CUST_339,PROD_35,3,2025-12-30 05:38:30
10692,CUST_90,PROD_70,1,2025-12-31 08:52:19
10693,CUST_421,PROD_59,2,2026-01-14 12:09:01
10694,CUST_335,PROD_62,1,2026-01-24 09:59:04
10695,CUST_443,PROD_44,4,2026-01-19 04:29:11
10696,CUST_35,PROD_3,5,2026-01-04 22:50:29
10697,CUST_500,PROD_14,1,2026-01-07 08:46:49
10698,CUST_493,PROD_9,4,2026-01-01 07:47:03
10699,CUST_389,PROD_34,1,2026-01-09 21:29:11
10700,CUST_383,PROD_31,4,2026-01-21 11:19:36
10701,CUST_358,PROD_73,2,2026-01-08 15:43:45
10702,CUST_20,PROD_24,1,2026-01-23 05:28:02
10703,CUST_114,PROD_15,5,2026-01-14 19:05:15
10704,CUST_489,PROD_20,1,2026-01-23 03:17:48
10705,CUST_490,PROD_46,4,2026-01-05 03:46:10
10706,CUST_236,PROD_68,1,2026-01-06 16:38:30
10707,CUST_369,PROD_3,3,2026-01-24 03:24:54
10708,CUST_54,PROD_14,1,2025-12-29 00:28:16
10709,CUST_69,PROD_41,2,2026-01-12 18:21:38
10710,CUST_343,PROD_11,1,2026-01-09 15:12:50
10711,CUST_315,PROD_96,4,2025-12-30 21:16:40
10712,CUST_483,PROD_33,4,2026-01-06 07:26:19
10713,CUST_211,PROD_87,1,2025-12-30 02:55:20
10714,CUST_7,PROD_40,1,2026-01-11 00:47:37
10715,CUST_83,PROD_50,2,2025-12-30 13:10:53
10716,CUST_186,PROD_97,3,2026-01-16 08:30:46
10717,CUST_424,PROD_33,1,2026-01-18 14:30:08
10718,CUST_322,PROD_72,1,2026-01-16 09:19:50
10719,CUST_497,PROD_38,1,2026-01-15 18:53:03
10720,CUST_244,PROD_31,5,2026-01-12 21:33:45
10721,CUST_253,PROD_52,2,2026-01-09 05:34:04
10722,CUST_365,PROD_30,2,2026-01-26 22:11:16
10723,CUST_271,PROD_49,4,2026-01-19 17:12:46
10724,CUST_499,PROD_53,3,2026-01-23 17:22:32
10725,CUST_244,PROD_97,2,2026-01-13 13:02:27
10726,CUST_30,PROD_6,5,2026-01-01 03:28:26
10727,CUST_377,PROD_5,5,2026-01-18 19:58:58
10728,CUST_397,PROD_36,1,2026-01-06 06:57:03
10729,CUST_286,PROD_9,3,2026-01-07 13:19:57
10730,CUST_487,PROD_38,4,2026-01-04 19:41:39
10731,CUST_257,PROD_100,3,2026-01-06 20:35:28
10732,CUST_83,PROD_43,2,2026-01-19 06:34:46
10733,CUST_100,PROD_11,1,2026-01-21 06:36:53
10734,CUST_113,PROD_10,3,2026-01-14 16:15:49
10735,CUST_345,PROD_36,3,2026-01-20 14:09:46
10736,CUST_471,PROD_70,4,2026-01-24 02:52:54
10737,CUST_278,PROD_47,1,2026-01-11 19:24:59
10738,CUST_181,PROD_93,4,2026-01-08 01:18:44
10739,CUST_431,PROD_60,5,2026-01-03 00:30:48
10740,CUST_26,PROD_15,5,2026-01-24 08:16:39
10741,CUST_85,PROD_74,5,2026-01-04 15:03:48
10742,CUST_461,PROD_19,1,2026-01-21 09:07:58
10743,CUST_147,PROD_12,1,2025-12-29 02:59:44
10744,CUST_27,PROD_19,4,2026-01-14 22:15:06
10745,CUST_72,PROD_39,5,2026-01-23 10:24:14
10746,CUST_84,PROD_2,4,2026-01-22 01:22:51
10747,CUST_353,PROD_42,4,2026-01-15 02:37:34
10748,CUST_274,PROD_92,1,2026-01-03 09:40:47
10749,CUST_51,PROD_7,4,2026-01-13 18:11:37
10750,CUST_226,PROD_65,3,2026-01-02 21:53:52
10751,CUST_248,PROD_96,4,2026-01-15 21:12:01
10752,CUST_85,PROD_12,3,2025-12-29 14:58:42
10753,CUST_333,PROD_96,3,2026-01-15 10:50:09
10754,CUST_149,PROD_83,3,2026-01-22 13:50:41
10755,CUST_163,PROD_21,2,2026-01-01 23:25:25
10756,CUST_356,PROD_18,1,2026-01-19 16:07:17
10757,CUST_291,PROD_32,3,2026-01-25 03:13:01
10758,CUST_303,PROD_98,4,2026-01-03 13:34:25
10759,CUST_344,PROD_62,5,2026-01-20 07:14:32
10760,CUST_497,PROD_37,3,2025-12-29 16:54:30
10761,CUST_182,PROD_16,2,2026-01-05 13:25:42
10762,CUST_288,PROD_100,3,2026-01-10 06:23:05
10763,CUST_158,PROD_27,4,2026-01-20 18:39:31
10764,CUST_135,PROD_47,3,2026-01-08 19:33:32
10765,CUST_158,PROD_26,1,2026-01-02 23:02:08
10766,CUST_168,PROD_13,4,2026-01-03 09:23:38
10767,CUST_264,PROD_28,5,2026-01-25 15:04:53
10768,CUST_2,PROD_28,2,2026-01-18 18:51:40
10769,CUST_478,PROD_46,4,2026-01-13 13:28:59
10770,CUST_20,PROD_39,1,2026-01-26 11:08:49
10771,CUST_14,PROD_22,1,2026-01-25 08:12:13
10772,CUST_345,PROD_3,4,2026-01-10 06:56:37
10773,CUST_291,PROD_2,2,2025-12-29 23:35:45
10774,CUST_142,PROD_36,2,2026-01-23 22:22:39
10775,CUST_420,PROD_96,3,2026-01-03 08:00:36
10776,CUST_494,PROD_64,4,2026-01-10 06:16:54
10777,CUST_428,PROD_71,4,2026-01-07 09:49:24
10778,CUST_47,PROD_53,4,2026-01-19 10:25:54
10779,CUST_168,PROD_32,1,2026-01-16 16:24:40
10780,CUST_199,PROD_65,1,2026-01-21 06:32:59
10781,CUST_407,PROD_20,5,2026-01-26 18:05:40
10782,CUST_182,PROD_77,2,2026-01-15 11:23:19
10783,CUST_331,PROD_30,5,2026-01-13 08:36:07
10784,CUST_97,PROD_5,2,2026-01-04 05:06:55
10785,CUST_279,PROD_23,3,2025-12-30 15:22:16
10786,CUST_41,PROD_6,3,2026-01-01 23:44:03
10787,CUST_146,PROD_76,5,2026-01-14 15:20:24
10788,CUST_327,PROD_99,2,2026-01-18 17:37:08
10789,CUST_491,PROD_59,3,2026-01-27 03:56:30
10790,CUST_349,PROD_83,5,2026-01-21 06:49:31
10791,CUST_448,PROD_75,5,2026-01-15 14:39:39
10792,CUST_86,PROD_95,5,2025-12-31 14:03:03
10793,CUST_458,PROD_82,3,2026-01-22 20:15:51
10794,CUST_79,PROD_9,4,2026-01-06 01:53:05
10795,CUST_26,PROD_46,3,2026-01-21 10:50:52
10796,CUST_69,PROD_12,3,2026-01-20 03:12:31
10797,CUST_476,PROD_87,1,2026-01-26 02:54:03
10798,CUST_335,PROD_87,1,2026-01-25 01:08:37
10799,CUST_126,PROD_38,4,2026-01-07 21:06:20
10800,CUST_228,PROD_73,3,2026-01-18 02:25:16
10801,CUST_368,PROD_49,5,2026-01-01 13:12:23
10802,CUST_403,PROD_67,2,2026-01-02 00:31:58
10803,CUST_366,PROD_95,3,2026-01-14 20:47:19
10804,CUST_351,PROD_90,5,2026-01-19 02:36:03
10805,CUST_267,PROD_16,2,2026-01-07 06:01:35
10806,CUST_31,PROD_18,4,2026-01-23 07:29:37
10807,CUST_364,PROD_89,5,2026-01-05 06:08:11
10808,CUST_214,PROD_98,5,2026-01-09 21:11:44
10809,CUST_356,PROD_15,4,2026-01-09 21:41:20
10810,CUST_311,PROD_69,5,2026-01-23 00:59:56
10811,CUST_305,PROD_28,3,2026-01-23 12:27:58
10812,CUST_60,PROD_4,5,2025-12-30 14:08:27
10813,CUST_395,PROD_86,5,2026-01-02 16:41:56
10814,CUST_83,PROD_97,3,2025-12-28 23:59:54
10815,CUST_215,PROD_60,2,2026-01-18 11:55:53
10816,CUST_230,PROD_100,2,2026-01-24 19:13:25
10817,CUST_402,PROD_20,1,2026-01-06 14:43:40
10818,CUST_155,PROD_74,3,2026-01-16 20:36:37
10819,CUST_146,PROD_64,1,2026-01-01 11:48:26
10820,CUST_60,PROD_79,1,2025-12-30 22:01:25
10821,CUST_52,PROD_86,5,2026-01-01 01:50:50
10822,CUST_340,PROD_13,4,2026-01-11 00:22:32
10823,CUST_176,PROD_13,3,2026-01-10 21:12:36
10824,CUST_27,PROD_79,4,2026-01-07 14:53:23
10825,CUST_322,PROD_36,5,2026-01-25 00:33:25
10826,CUST_152,PROD_43,1,2026-01-22 20:33:06
10827,CUST_49,PROD_6,5,2025-12-30 10:58:26
10828,CUST_307,PROD_19,3,2026-01-01 15:03:51
10829,CUST_130,PROD_4,2,2026-01-23 07:48:32
10830,CUST_143,PROD_51,1,2026-01-20 20:30:55
10831,CUST_201,PROD_70,2,2026-01-25 07:40:36
10832,CUST_14,PROD_56,1,2026-01-20 02:04:35
10833,CUST_308,PROD_94,5,2026-01-02 11:16:50
10834,CUST_214,PROD_55,2,2025-12-28 21:23:49
10835,CUST_17,PROD_6,4,2026-01-08 10:25:59
10836,CUST_232,PROD_17,4,2026-01-08 22:39:44
10837,CUST_433,PROD_43,3,2025-12-30 19:49:16
10838,CUST_63,PROD_25,2,2026-01-05 21:08:27
10839,CUST_25,PROD_42,5,2026-01-20 21:26:20
10840,CUST_458,PROD_29,1,2026-01-11 00:18:32
10841,CUST_222,PROD_5,4,2026-01-12 12:11:57
10842,CUST_487,PROD_67,1,2026-01-15 14:57:30
10843,CUST_444,PROD_4,3,2026-01-21 13:27:43
10844,CUST_205,PROD_62,4,2025-12-29 15:01:31
10845,CUST_473,PROD_92,2,2026-01-18 10:53:49
10846,CUST_333,PROD_61,2,2026-01-17 04:35:41
10847,CUST_31,PROD_33,4,2026-01-22 09:40:47
10848,CUST_212,PROD_51,1,2026-01-19 18:52:04
10849,CUST_77,PROD_24,2,2025-12-31 10:32:49
10850,CUST_474,PROD_35,1,2026-01-23 15:56:38
10851,CUST_448,PROD_74,4,2025-12-28 18:20:15
10852,CUST_360,PROD_3,5,2026-01-14 20:07:25
10853,CUST_403,PROD_52,5,2026-01-23 09:01:04
10854,CUST_107,PROD_20,3,2026-01-26 11:22:22
10855,CUST_386,PROD_85,4,2026-01-10 10:10:02
10856,CUST_34,PROD_17,5,2026-01-01 02:32:46
10857,CUST_122,PROD_95,3,2026-01-12 01:40:09
10858,CUST_331,PROD_61,5,2025-12-31 01:16:22
10859,CUST_137,PROD_76,5,2026-01-13 02:58:00
10860,CUST_391,PROD_77,5,2026-01-20 13:48:04
10861,CUST_491,PROD_11,4,2026-01-02 20:53:43
10862,CUST_212,PROD_71,1,2026-01-23 09:44:08
10863,CUST_95,PROD_20,3,2026-01-05 15:26:34
10864,CUST_304,PROD_51,5,2025-12-31 18:27:45
10865,CUST_76,PROD_28,3,2026-01-18 15:31:00
10866,CUST_277,PROD_2,1,2026-01-21 00:51:24
10867,CUST_49,PROD_94,5,2026-01-24 11:10:00
10868,CUST_118,PROD_68,5,2026-01-23 18:52:18
10869,CUST_454,PROD_45,2,2026-01-24 22:41:44
10870,CUST_130,PROD_37,4,2026-01-09 12:52:50
10871,CUST_492,PROD_16,3,2026-01-15 14:07:09
10872,CUST_71,PROD_62,2,2026-01-22 00:22:10
10873,CUST_348,PROD_86,3,2026-01-01 20:44:55
10874,CUST_406,PROD_28,1,2025-12-31 10:37:38
10875,CUST_111,PROD_50,4,2026-01-21 07:32:02
10876,CUST_390,PROD_15,3,2025-12-29 12:46:13
10877,CUST_392,PROD_16,2,2026-01-26 01:51:29
10878,CUST_415,PROD_18,4,2026-01-18 10:27:47
10879,CUST_491,PROD_87,4,2026-01-05 03:09:17
10880,CUST_483,PROD_96,2,2026-01-17 19:01:09
10881,CUST_161,PROD_5,2,2025-12-31 03:35:44
10882,CUST_427,PROD_12,2,2026-01-03 04:50:21
10883,CUST_80,PROD_16,5,2026-01-19 14:27:32
10884,CUST_330,PROD_18,5,2026-01-20 01:08:14
10885,CUST_268,PROD_32,5,2026-01-21 21:41:24
10886,CUST_168,PROD_50,3,2026-01-05 04:36:14
10887,CUST_273,PROD_8,1,2026-01-06 19:38:32
10888,CUST_93,PROD_88,5,2026-01-07 23:31:15
10889,CUST_16,PROD_63,5,2026-01-19 00:16:31
10890,CUST_129,PROD_19,3,2025-12-30 05:50:59
10891,CUST_177,PROD_11,1,2026-01-25 17:13:19
10892,CUST_268,PROD_67,2,2026-01-16 03:52:23
10893,CUST_339,PROD_100,4,2026-01-25 02:16:53
10894,CUST_171,PROD_22,5,2026-01-15 10:14:19
10895,CUST_225,PROD_21,1,2026-01-04 07:22:33
10896,CUST_209,PROD_22,4,2026-01-09 06:07:29
10897,CUST_417,PROD_39,5,2026-01-22 05:34:36
10898,CUST_170,PROD_95,3,2026-01-12 19:54:54
10899,CUST_218,PROD_91,5,2026-01-08 21:07:37
10900,CUST_378,PROD_70,5,2026-01-12 15:06:34
10901,CUST_365,PROD_96,5,2026-01-27 16:33:48
10902,CUST_157,PROD_81,5,2026-01-02 17:42:26
10903,CUST_25,PROD_4,1,2026-01-09 11:19:46
10904,CUST_39,PROD_2,5,2026-01-05 09:29:18
10905,CUST_457,PROD_1,4,2026-01-22 09:41:00
10906,CUST_389,PROD_71,2,2026-01-16 20:32:42
10907,CUST_185,PROD_37,2,2025-12-30 11:40:41
10908,CUST_171,PROD_12,4,2026-01-20 09:35:00
10909,CUST_98,PROD_21,4,2025-12-31 21:24:04
10910,CUST_332,PROD_77,5,2026-01-15 20:43:16
10911,CUST_376,PROD_81,2,2026-01-25 06:14:06
10912,CUST_483,PROD_4,1,2025-12-29 00:55:12
10913,CUST_291,PROD_46,3,2026-01-05 09:57:34
10914,CUST_72,PROD_42,2,2026-01-17 17:51:58
10915,CUST_375,PROD_45,1,2026-01-04 18:53:04
10916,CUST_497,PROD_76,5,2026-01-11 16:04:56
10917,CUST_334,PROD_28,5,2026-01-08 00:24:47
10918,CUST_441,PROD_10,4,2026-01-14 22:50:39
10919,CUST_366,PROD_59,1,2026-01-06 21:18:05
10920,CUST_20,PROD_14,1,2026-01-07 04:32:19
10921,CUST_75,PROD_17,4,2026-01-15 04:50:57
10922,CUST_306,PROD_10,2,2026-01-21 19:57:58
10923,CUST_77,PROD_66,3,2026-01-17 05:02:54
10924,CUST_171,PROD_30,1,2025-12-31 23:54:55
10925,CUST_62,PROD_22,3,2025-12-29 04:26:20
10926,CUST_461,PROD_71,2,2026-01-25 16:07:52
10927,CUST_117,PROD_92,2,2026-01-22 17:12:22
10928,CUST_244,PROD_64,3,2026-01-01 21:11:02
10929,CUST_294,PROD_81,3,2026-01-15 23:16:36
10930,CUST_94,PROD_31,5,2025-12-28 23:05:41
10931,CUST_19,PROD_53,1,2026-01-05 10:09:40
10932,CUST_76,PROD_80,5,2026-01-11 04:41:06
10933,CUST_366,PROD_77,4,2026-01-21 00:01:01
10934,CUST_69,PROD_53,2,2026-01-03 05:34:42
10935,CUST_110,PROD_2,4,2026-01-01 17:23:27
10936,CUST_443,PROD_94,5,2026-01-18 09:28:30
10937,CUST_164,PROD_76,2,2026-01-26 14:06:21
10938,CUST_40,PROD_94,4,2026-01-01 14:55:44
10939,CUST_126,PROD_4,3,2025-12-29 03:10:39
10940,CUST_142,PROD_98,5,2026-01-22 03:12:21
10941,CUST_273,PROD_6,2,2026-01-11 12:56:18
10942,CUST_180,PROD_70,1,2026-01-25 17:19:04
10943,CUST_491,PROD_21,5,2026-01-07 22:45:58
10944,CUST_260,PROD_13,5,2026-01-23 13:49:30
10945,CUST_361,PROD_59,4,2026-01-10 23:24:20
10946,CUST_484,PROD_36,2,2026-01-24 05:44:58
10947,CUST_269,PROD_8,2,2026-01-14 07:24:06
10948,CUST_10,PROD_55,4,2025-12-31 18:27:29
10949,CUST_434,PROD_65,5,2026-01-10 07:44:09
10950,CUST_268,PROD_46,4,2026-01-06 12:37:08
10951,CUST_242,PROD_11,2,2026-01-06 08:50:22
10952,CUST_215,PROD_44,3,2026-01-06 08:38:58
10953,CUST_197,PROD_17,5,2026-01-04 06:40:21
10954,CUST_293,PROD_64,2,2026-01-13 11:50:04
10955,CUST_358,PROD_55,4,2026-01-05 23:38:15
10956,CUST_103,PROD_65,4,2026-01-09 02:46:07
10957,CUST_252,PROD_13,4,2025-12-30 13:45:16
10958,CUST_464,PROD_51,2,2026-01-04 19:32:41
10959,CUST_446,PROD_79,2,2026-01-09 16:01:28
10960,CUST_458,PROD_61,2,2025-12-31 06:12:29
10961,CUST_282,PROD_20,4,2026-01-24 11:34:35
10962,CUST_345,PROD_50,4,2026-01-26 10:39:25
10963,CUST_323,PROD_67,5,2026-01-16 06:11:49
10964,CUST_131,PROD_36,5,2026-01-02 19:16:57
10965,CUST_28,PROD_38,3,2026-01-17 10:21:57
10966,CUST_191,PROD_32,1,2026-01-16 01:22:14
10967,CUST_303,PROD_47,3,2026-01-03 23:48:18
10968,CUST_137,PROD_74,4,2026-01-19 05:29:52
10969,CUST_253,PROD_33,3,2026-01-15 14:14:20
10970,CUST_172,PROD_19,4,2026-01-12 07:41:53
10971,CUST_469,PROD_74,5,2025-12-30 00:33:44
10972,CUST_493,PROD_35,5,2026-01-05 12:55:20
10973,CUST_32,PROD_62,3,2026-01-11 15:31:49
10974,CUST_11,PROD_14,1,2026-01-21 02:46:02
10975,CUST_124,PROD_74,5,2026-01-02 19:44:17
10976,CUST_264,PROD_21,2,2026-01-06 08:02:31
10977,CUST_200,PROD_21,1,2026-01-14 19:42:21
10978,CUST_214,PROD_72,5,2026-01-23 02:57:06
10979,CUST_360,PROD_56,1,2026-01-06 19:32:14
10980,CUST_189,PROD_49,3,2026-01-26 00:36:39
10981,CUST_94,PROD_7,1,2026-01-15 05:03:31
10982,CUST_266,PROD_21,1,2026-01-27 14:57:16
10983,CUST_4,PROD_21,3,2026-01-08 08:08:26
10984,CUST_468,PROD_22,1,2026-01-11 22:30:51
10985,CUST_255,PROD_80,5,2026-01-24 09:54:01
10986,CUST_113,PROD_34,4,2026-01-22 17:32:04
10987,CUST_23,PROD_64,2,2026-01-22 18:03:23
10988,CUST_324,PROD_84,2,2026-01-25 01:38:34
10989,CUST_132,PROD_7,5,2026-01-19 22:29:52
10990,CUST_11,PROD_95,2,2026-01-15 19:34:03
10991,CUST_406,PROD_48,3,2026-01-11 01:37:32
10992,CUST_256,PROD_19,3,2026-01-27 10:35:32
10993,CUST_302,PROD_73,1,2026-01-08 15:23:41
10994,CUST_258,PROD_75,2,2026-01-18 01:10:26
10995,CUST_392,PROD_68,1,2026-01-17 04:19:36
10996,CUST_397,PROD_40,1,2026-01-20 22:46:52
10997,CUST_126,PROD_51,1,2026-01-03 16:12:23
10998,CUST_377,PROD_28,1,2026-01-11 23:49:05
10999,CUST_241,PROD_91,5,2026-01-20 19:04:31
11000,CUST_475,PROD_13,5,2026-01-25 22:47:38
11001,CUST_250,PROD_99,4,2026-01-16 17:20:35
11002,CUST_317,PROD_29,4,2026-01-10 05:07:56
11003,CUST_393,PROD_87,3,2026-01-03 02:18:05
11004,CUST_188,PROD_67,2,2026-01-21 08:00:54
11005,CUST_171,PROD_81,2,2026-01-05 23:28:25
11006,CUST_134,PROD_47,2,2026-01-14 11:28:20
11007,CUST_418,PROD_31,2,2026-01-25 15:39:11
11008,CUST_221,PROD_95,4,2026-01-06 08:17:45
11009,CUST_327,PROD_83,2,2026-01-06 19:53:44
11010,CUST_24,PROD_82,2,2026-01-26 11:19:05
11011,CUST_168,PROD_39,4,2026-01-20 02:04:13
11012,CUST_85,PROD_12,5,2025-12-31 12:36:20
11013,CUST_361,PROD_77,1,2026-01-18 23:55:01
11014,CUST_124,PROD_32,2,2025-12-29 01:09:14
11015,CUST_387,PROD_21,3,2026-01-08 02:14:01
11016,CUST_176,PROD_30,1,2026-01-10 09:04:56
11017,CUST_294,PROD_57,4,2025-12-31 23:06:44
11018,CUST_172,PROD_41,4,2026-01-24 02:25:33
11019,CUST_145,PROD_4,2,2026-01-16 00:19:26
11020,CUST_34,PROD_3,1,2026-01-18 15:31:51
11021,CUST_122,PROD_41,5,2026-01-22 04:11:41
11022,CUST_46,PROD_88,4,2026-01-14 00:24:36
11023,CUST_222,PROD_13,3,2026-01-15 03:13:30
11024,CUST_67,PROD_92,4,2026-01-06 16:31:12
11025,CUST_266,PROD_67,1,2026-01-18 14:18:51
11026,CUST_18,PROD_57,5,2026-01-11 09:31:48
11027,CUST_471,PROD_85,1,2026-01-14 21:34:01
11028,CUST_220,PROD_7,3,2026-01-06 14:55:56
11029,CUST_378,PROD_36,5,2026-01-09 10:18:48
11030,CUST_233,PROD_22,5,2026-01-08 12:38:56
11031,CUST_142,PROD_68,2,2026-01-14 00:36:01
11032,CUST_473,PROD_72,1,2026-01-15 06:37:07
11033,CUST_140,PROD_8,2,2026-01-24 01:34:57
11034,CUST_256,PROD_67,1,2026-01-15 18:00:09
11035,CUST_84,PROD_67,4,2025-12-28 22:56:03
11036,CUST_476,PROD_45,5,2025-12-31 13:06:51
11037,CUST_135,PROD_89,5,2026-01-07 14:46:42
11038,CUST_483,PROD_92,1,2026-01-19 20:58:04
11039,CUST_21,PROD_100,2,2026-01-20 01:39:33
11040,CUST_79,PROD_62,1,2025-12-30 09:09:36
11041,CUST_65,PROD_26,3,2025-12-30 06:00:16
11042,CUST_1,PROD_52,4,2026-01-24 14:32:02
11043,CUST_287,PROD_98,1,2026-01-17 10:20:56
11044,CUST_92,PROD_58,1,2025-12-30 02:52:29
11045,CUST_282,PROD_90,3,2026-01-01 02:58:27
11046,CUST_48,PROD_86,2,2025-12-29 10:52:41
11047,CUST_162,PROD_18,5,2026-01-02 11:50:36
11048,CUST_355,PROD_53,2,2026-01-12 08:42:04
11049,CUST_60,PROD_59,1,2026-01-27 18:01:22
11050,CUST_331,PROD_83,3,2026-01-17 11:47:52
11051,CUST_129,PROD_11,1,2026-01-23 16:38:24
11052,CUST_141,PROD_7,4,2026-01-01 14:20:59
11053,CUST_144,PROD_59,3,2026-01-10 10:50:36
11054,CUST_280,PROD_98,1,2026-01-03 10:15:19
11055,CUST_85,PROD_38,2,2026-01-04 10:31:08
11056,CUST_175,PROD_23,3,2026-01-21 22:55:23
11057,CUST_432,PROD_51,2,2026-01-11 12:15:10
11058,CUST_448,PROD_42,5,2025-12-30 13:51:31
11059,CUST_10,PROD_71,1,2026-01-18 11:26:36
11060,CUST_347,PROD_64,4,2026-01-11 22:58:46
11061,CUST_160,PROD_1,4,2025-12-31 09:28:01
11062,CUST_117,PROD_80,2,2026-01-19 07:00:59
11063,CUST_239,PROD_54,3,2026-01-13 07:15:27
11064,CUST_154,PROD_98,3,2026-01-10 01:42:20
11065,CUST_11,PROD_37,2,2026-01-20 19:37:48
11066,CUST_48,PROD_30,3,2026-01-03 19:57:30
11067,CUST_401,PROD_34,4,2026-01-16 16:08:03
11068,CUST_399,PROD_3,4,2026-01-23 04:33:45
11069,CUST_354,PROD_49,4,2026-01-08 01:51:05
11070,CUST_161,PROD_60,5,2026-01-07 03:47:16
11071,CUST_306,PROD_81,5,2026-01-09 09:45:34
11072,CUST_277,PROD_24,3,2026-01-11 00:37:32
11073,CUST_221,PROD_69,2,2026-01-15 23:03:14
11074,CUST_12,PROD_48,4,2026-01-16 03:00:07
11075,CUST_472,PROD_65,2,2026-01-22 23:34:11
11076,CUST_375,PROD_23,3,2026-01-05 21:40:30
11077,CUST_404,PROD_93,1,2026-01-27 09:24:41
11078,CUST_421,PROD_4,3,2026-01-16 19:36:02
11079,CUST_165,PROD_1,4,2026-01-21 18:10:23
11080,CUST_321,PROD_25,3,2026-01-18 07:24:10
11081,CUST_448,PROD_46,2,2025-12-29 21:37:29
11082,CUST_65,PROD_10,2,2025-12-29 08:36:02
11083,CUST_129,PROD_17,5,2026-01-10 19:23:04
11084,CUST_135,PROD_70,2,2026-01-23 19:57:21
11085,CUST_163,PROD_19,2,2026-01-19 02:20:44
11086,CUST_374,PROD_38,2,2026-01-12 10:37:19
11087,CUST_301,PROD_38,1,2026-01-18 00:57:42
11088,CUST_182,PROD_55,1,2026-01-24 05:28:31
11089,CUST_207,PROD_73,4,2026-01-17 01:27:21
11090,CUST_84,PROD_51,1,2026-01-08 18:59:58
11091,CUST_479,PROD_79,1,2026-01-17 08:36:44
11092,CUST_407,PROD_25,5,2026-01-25 21:24:31
11093,CUST_50,PROD_12,4,2026-01-25 05:56:39
11094,CUST_90,PROD_94,5,2026-01-04 04:38:53
11095,CUST_490,PROD_49,2,2026-01-01 04:57:26
11096,CUST_33,PROD_33,2,2026-01-12 08:21:41
11097,CUST_245,PROD_88,3,2026-01-22 13:19:42
11098,CUST_150,PROD_37,3,2026-01-16 20:51:37
11099,CUST_155,PROD_11,1,2025-12-29 01:27:49
11100,CUST_394,PROD_51,1,2026-01-15 04:47:23
11101,CUST_424,PROD_49,1,2026-01-10 18:37:43
11102,CUST_31,PROD_14,3,2026-01-04 23:02:13
11103,CUST_464,PROD_38,4,2026-01-25 12:30:54
11104,CUST_451,PROD_36,2,2026-01-23 10:09:04
11105,CUST_301,PROD_37,4,2026-01-12 20:41:34
11106,CUST_457,PROD_4,4,2026-01-03 22:09:03
11107,CUST_417,PROD_98,3,2026-01-01 05:52:18
11108,CUST_411,PROD_82,5,2026-01-20 21:22:59
11109,CUST_431,PROD_81,1,2026-01-24 08:08:17
11110,CUST_106,PROD_10,3,2026-01-22 19:59:11
11111,CUST_92,PROD_30,1,2026-01-20 19:54:01
11112,CUST_394,PROD_23,4,2026-01-17 15:14:52
11113,CUST_42,PROD_87,2,2026-01-14 10:12:39
11114,CUST_399,PROD_1,1,2026-01-08 15:36:59
11115,CUST_29,PROD_80,2,2026-01-14 13:52:34
11116,CUST_196,PROD_88,5,2025-12-28 22:39:02
11117,CUST_251,PROD_4,1,2026-01-14 14:22:36
11118,CUST_50,PROD_51,2,2026-01-20 20:10:45
11119,CUST_482,PROD_65,2,2026-01-13 01:48:53
11120,CUST_301,PROD_94,2,2026-01-21 16:35:26
11121,CUST_451,PROD_66,3,2026-01-09 03:45:50
11122,CUST_305,PROD_92,3,2026-01-08 04:18:11
11123,CUST_300,PROD_29,1,2026-01-18 04:17:26
11124,CUST_481,PROD_39,1,2026-01-06 20:31:39
11125,CUST_181,PROD_19,3,2026-01-19 07:06:45
11126,CUST_85,PROD_65,4,2026-01-20 01:55:32
11127,CUST_260,PROD_4,3,2026-01-07 23:47:04
11128,CUST_472,PROD_51,2,2026-01-16 05:19:12
11129,CUST_312,PROD_24,1,2026-01-05 17:50:55
11130,CUST_76,PROD_76,4,2026-01-02 09:04:54
11131,CUST_143,PROD_96,3,2026-01-24 04:16:42
11132,CUST_328,PROD_14,4,2026-01-23 03:10:20
11133,CUST_172,PROD_99,4,2026-01-12 05:05:28
11134,CUST_52,PROD_3,4,2026-01-27 18:14:17
11135,CUST_397,PROD_93,4,2026-01-13 06:35:51
11136,CUST_472,PROD_20,1,2026-01-26 04:32:22
11137,CUST_394,PROD_99,3,2026-01-17 23:44:49
11138,CUST_173,PROD_73,2,2026-01-08 10:03:05
11139,CUST_453,PROD_36,2,2026-01-27 10:43:40
11140,CUST_442,PROD_62,5,2026-01-27 06:53:10
11141,CUST_291,PROD_56,2,2026-01-01 04:46:14
11142,CUST_224,PROD_27,3,2026-01-27 01:27:02
11143,CUST_374,PROD_36,4,2026-01-07 17:42:41
11144,CUST_424,PROD_52,5,2025-12-29 02:58:50
11145,CUST_268,PROD_96,5,2026-01-13 11:30:05
11146,CUST_403,PROD_33,4,2026-01-27 02:23:29
11147,CUST_171,PROD_77,1,2026-01-02 07:22:39
11148,CUST_495,PROD_59,1,2026-01-08 21:47:06
11149,CUST_190,PROD_34,3,2026-01-19 01:56:39
11150,CUST_24,PROD_70,2,2026-01-02 03:25:28
11151,CUST_324,PROD_41,3,2026-01-02 17:49:41
11152,CUST_474,PROD_87,4,2026-01-24 22:59:02
11153,CUST_439,PROD_75,1,2026-01-08 14:51:00
11154,CUST_381,PROD_42,2,2026-01-09 08:26:36
11155,CUST_390,PROD_28,5,2026-01-01 09:50:31
11156,CUST_3,PROD_69,1,2026-01-07 18:30:33
11157,CUST_38,PROD_98,3,2026-01-08 06:37:55
11158,CUST_11,PROD_96,4,2026-01-10 20:15:46
11159,CUST_28,PROD_71,5,2026-01-16 18:02:17
11160,CUST_492,PROD_15,2,2026-01-19 04:51:34
11161,CUST_17,PROD_93,4,2026-01-24 00:52:19
11162,CUST_500,PROD_28,2,2026-01-27 15:30:54
11163,CUST_120,PROD_59,1,2026-01-02 04:30:37
11164,CUST_461,PROD_99,1,2026-01-18 06:42:44
11165,CUST_224,PROD_27,2,2026-01-13 12:48:56
11166,CUST_226,PROD_73,5,2026-01-22 16:48:57
11167,CUST_32,PROD_27,5,2026-01-14 16:13:40
11168,CUST_196,PROD_51,5,2026-01-22 14:23:33
11169,CUST_475,PROD_90,4,2026-01-14 00:41:29
11170,CUST_5,PROD_29,2,2026-01-25 07:26:49
11171,CUST_379,PROD_72,5,2026-01-13 07:32:54
11172,CUST_285,PROD_87,2,2026-01-05 02:20:39
11173,CUST_428,PROD_43,5,2026-01-02 08:21:24
11174,CUST_38,PROD_56,3,2026-01-17 19:22:21
11175,CUST_306,PROD_82,1,2026-01-10 06:23:35
11176,CUST_109,PROD_20,5,2026-01-16 09:53:06
11177,CUST_171,PROD_61,5,2025-12-29 12:22:35
11178,CUST_77,PROD_87,3,2026-01-16 16:23:52
11179,CUST_71,PROD_42,1,2026-01-23 02:26:36
11180,CUST_486,PROD_92,3,2026-01-19 09:29:41
11181,CUST_1,PROD_42,2,2026-01-26 10:09:21
11182,CUST_462,PROD_18,3,2026-01-05 11:12:10
11183,CUST_193,PROD_90,4,2026-01-06 15:16:36
11184,CUST_40,PROD_64,2,2026-01-04 04:20:46
11185,CUST_444,PROD_11,3,2026-01-24 03:57:25
11186,CUST_158,PROD_39,3,2026-01-06 08:44:16
11187,CUST_42,PROD_75,5,2026-01-15 04:03:56
11188,CUST_128,PROD_76,5,2026-01-03 22:10:47
11189,CUST_393,PROD_72,3,2026-01-15 20:17:37
11190,CUST_34,PROD_65,3,2026-01-26 06:31:02
11191,CUST_396,PROD_39,5,2026-01-04 04:51:45
11192,CUST_360,PROD_54,2,2026-01-17 12:22:29
11193,CUST_479,PROD_63,1,2025-12-29 14:15:49
11194,CUST_83,PROD_99,1,2026-01-24 18:08:12
11195,CUST_393,PROD_89,4,2026-01-06 13:21:14
11196,CUST_350,PROD_22,3,2026-01-08 23:53:10
11197,CUST_374,PROD_69,4,2025-12-30 01:42:06
11198,CUST_483,PROD_79,2,2026-01-16 04:25:17
11199,CUST_254,PROD_35,2,2025-12-30 00:12:52
11200,CUST_179,PROD_63,1,2025-12-30 23:45:12
11201,CUST_309,PROD_2,5,2026-01-13 15:03:57
11202,CUST_406,PROD_26,4,2026-01-14 12:07:52
11203,CUST_263,PROD_43,4,2025-12-29 01:38:00
11204,CUST_208,PROD_59,1,2026-01-03 11:12:15
11205,CUST_397,PROD_62,1,2026-01-26 18:49:59
11206,CUST_172,PROD_29,2,2026-01-03 05:01:47
11207,CUST_302,PROD_22,1,2026-01-24 19:26:36
11208,CUST_354,PROD_95,2,2026-01-02 01:21:32
11209,CUST_165,PROD_35,2,2026-01-05 00:00:49
11210,CUST_388,PROD_49,4,2026-01-08 04:19:13
11211,CUST_131,PROD_48,4,2026-01-19 16:38:39
11212,CUST_165,PROD_60,5,2026-01-24 07:06:57
11213,CUST_142,PROD_95,4,2026-01-21 14:53:54
11214,CUST_382,PROD_17,5,2026-01-07 14:39:59
11215,CUST_429,PROD_66,2,2025-12-30 21:20:36
11216,CUST_82,PROD_12,2,2026-01-12 22:57:37
11217,CUST_102,PROD_44,1,2026-01-20 03:42:42
11218,CUST_451,PROD_54,3,2026-01-04 19:05:56
11219,CUST_246,PROD_22,3,2026-01-07 09:56:22
11220,CUST_152,PROD_74,5,2026-01-26 17:20:16
11221,CUST_122,PROD_42,1,2025-12-31 01:04:34
11222,CUST_4,PROD_24,4,2026-01-06 07:30:58
11223,CUST_117,PROD_67,2,2026-01-26 23:06:14
11224,CUST_239,PROD_70,4,2026-01-14 00:52:14
11225,CUST_239,PROD_65,1,2026-01-24 15:55:25
11226,CUST_237,PROD_38,2,2026-01-11 13:08:55
11227,CUST_254,PROD_77,3,2026-01-14 12:36:15
11228,CUST_374,PROD_1,3,2026-01-14 21:09:21
11229,CUST_261,PROD_38,5,2026-01-08 00:30:43
11230,CUST_336,PROD_39,2,2026-01-06 15:13:45
11231,CUST_424,PROD_59,3,2026-01-25 17:30:17
11232,CUST_226,PROD_48,2,2026-01-09 21:20:59
11233,CUST_115,PROD_24,2,2026-01-20 11:32:50
11234,CUST_87,PROD_30,4,2026-01-15 00:36:14
11235,CUST_499,PROD_45,3,2026-01-24 19:33:02
11236,CUST_143,PROD_99,4,2026-01-01 07:49:05
11237,CUST_40,PROD_55,1,2026-01-05 05:10:00
11238,CUST_348,PROD_50,2,2026-01-22 07:06:17
11239,CUST_270,PROD_73,5,2026-01-12 07:19:20
11240,CUST_338,PROD_92,3,2026-01-19 06:01:32
11241,CUST_462,PROD_84,3,2026-01-06 15:12:24
11242,CUST_413,PROD_85,1,2026-01-13 05:25:40
11243,CUST_180,PROD_13,5,2026-01-11 19:32:56
11244,CUST_309,PROD_64,2,2026-01-11 20:01:57
11245,CUST_270,PROD_34,2,2026-01-18 11:05:19
11246,CUST_440,PROD_85,5,2026-01-25 07:07:21
11247,CUST_357,PROD_83,3,2026-01-01 02:52:25
11248,CUST_75,PROD_69,2,2025-12-30 17:11:09
11249,CUST_480,PROD_60,4,2026-01-26 21:50:37
11250,CUST_227,PROD_1,5,2025-12-31 22:44:49
11251,CUST_220,PROD_14,3,2026-01-12 05:23:28
11252,CUST_358,PROD_24,4,2026-01-11 01:54:51
11253,CUST_35,PROD_93,2,2026-01-15 03:47:25
11254,CUST_34,PROD_70,4,2026-01-27 03:20:18
11255,CUST_135,PROD_63,4,2026-01-03 11:23:09
11256,CUST_105,PROD_56,1,2026-01-25 01:32:14
11257,CUST_323,PROD_4,1,2026-01-07 14:31:15
11258,CUST_404,PROD_99,5,2026-01-27 11:43:31
11259,CUST_106,PROD_7,3,2026-01-02 18:59:15
11260,CUST_379,PROD_91,2,2026-01-23 15:35:51
11261,CUST_312,PROD_65,4,2026-01-09 11:40:34
11262,CUST_84,PROD_41,2,2026-01-25 02:46:35
11263,CUST_155,PROD_51,5,2026-01-27 16:11:48
11264,CUST_440,PROD_21,1,2025-12-28 21:37:29
11265,CUST_300,PROD_32,3,2026-01-04 20:59:25
11266,CUST_462,PROD_81,4,2026-01-19 23:16:20
11267,CUST_432,PROD_93,4,2026-01-23 02:05:40
11268,CUST_172,PROD_67,5,2026-01-21 21:45:44
11269,CUST_156,PROD_35,2,2026-01-14 06:03:33
11270,CUST_42,PROD_20,2,2026-01-17 14:00:39
11271,CUST_369,PROD_59,1,2026-01-24 13:35:41
11272,CUST_97,PROD_10,3,2026-01-17 13:02:08
11273,CUST_135,PROD_37,2,2026-01-19 10:28:43
11274,CUST_99,PROD_68,2,2026-01-10 06:05:42
11275,CUST_390,PROD_82,4,2026-01-26 19:27:18
11276,CUST_9,PROD_40,4,2026-01-23 17:11:11
11277,CUST_171,PROD_43,2,2026-01-11 08:30:11
11278,CUST_198,PROD_22,2,2025-12-30 12:30:22
11279,CUST_392,PROD_98,2,2026-01-04 03:19:19
11280,CUST_240,PROD_100,2,2026-01-10 16:23:50
11281,CUST_397,PROD_70,4,2026-01-22 18:35:24
11282,CUST_467,PROD_60,3,2026-01-23 20:16:10
11283,CUST_484,PROD_15,5,2026-01-10 13:44:19
11284,CUST_172,PROD_88,3,2026-01-15 19:57:21
11285,CUST_88,PROD_69,3,2025-12-31 19:15:51
11286,CUST_92,PROD_53,4,2026-01-12 03:31:31
11287,CUST_185,PROD_56,5,2026-01-13 12:32:24
11288,CUST_313,PROD_34,3,2026-01-14 11:23:08
11289,CUST_154,PROD_91,3,2026-01-17 23:59:50
11290,CUST_275,PROD_67,2,2026-01-19 06:13:09
11291,CUST_411,PROD_39,5,2026-01-12 05:50:04
11292,CUST_175,PROD_89,3,2026-01-12 20:32:20
11293,CUST_397,PROD_44,3,2026-01-26 03:26:02
11294,CUST_276,PROD_37,5,2026-01-26 12:19:12
11295,CUST_73,PROD_30,5,2026-01-01 10:35:57
11296,CUST_428,PROD_97,2,2026-01-04 13:57:01
11297,CUST_158,PROD_3,5,2026-01-05 21:51:10
11298,CUST_17,PROD_8,2,2026-01-06 14:13:02
11299,CUST_75,PROD_40,4,2026-01-25 03:45:43
11300,CUST_41,PROD_1,5,2026-01-24 08:47:07
11301,CUST_420,PROD_88,3,2026-01-26 18:14:37
11302,CUST_6,PROD_99,4,2026-01-01 04:04:48
11303,CUST_251,PROD_60,2,2026-01-21 18:51:27
11304,CUST_189,PROD_43,5,2026-01-16 22:22:50
11305,CUST_317,PROD_9,4,2026-01-26 14:28:48
11306,CUST_55,PROD_28,3,2026-01-17 06:24:17
11307,CUST_21,PROD_14,5,2026-01-11 15:38:55
11308,CUST_202,PROD_39,3,2026-01-16 09:26:19
11309,CUST_153,PROD_71,4,2026-01-03 22:09:13
11310,CUST_27,PROD_17,1,2026-01-10 00:13:01
11311,CUST_204,PROD_37,3,2026-01-20 14:00:59
11312,CUST_363,PROD_23,4,2025-12-31 23:13:11
11313,CUST_319,PROD_22,5,2026-01-26 11:40:29
11314,CUST_312,PROD_10,5,2026-01-02 21:22:16
11315,CUST_415,PROD_42,1,2025-12-31 13:25:28
11316,CUST_12,PROD_58,2,2026-01-06 02:57:24
11317,CUST_388,PROD_26,1,2026-01-11 07:37:38
11318,CUST_476,PROD_97,5,2026-01-21 02:44:27
11319,CUST_147,PROD_71,1,2026-01-03 21:53:52
11320,CUST_51,PROD_45,5,2025-12-31 14:01:52
11321,CUST_255,PROD_44,1,2026-01-24 20:02:06
11322,CUST_305,PROD_17,4,2026-01-06 08:27:31
11323,CUST_35,PROD_19,2,2026-01-16 04:58:57
11324,CUST_369,PROD_31,2,2026-01-14 02:06:13
11325,CUST_421,PROD_24,3,2026-01-17 15:01:27
11326,CUST_492,PROD_76,2,2026-01-15 09:07:39
11327,CUST_135,PROD_63,1,2026-01-26 19:15:24
11328,CUST_287,PROD_62,5,2026-01-24 18:20:25
11329,CUST_336,PROD_11,3,2026-01-23 16:59:55
11330,CUST_364,PROD_54,4,2026-01-18 02:10:30
11331,CUST_399,PROD_96,5,2026-01-19 03:59:20
11332,CUST_204,PROD_67,1,2026-01-09 06:52:46
11333,CUST_428,PROD_10,5,2026-01-16 00:32:54
11334,CUST_161,PROD_15,4,2025-12-29 18:09:17
11335,CUST_212,PROD_62,1,2026-01-13 23:45:41
11336,CUST_308,PROD_70,1,2026-01-08 20:59:21
11337,CUST_102,PROD_58,1,2026-01-26 19:53:59
11338,CUST_391,PROD_96,4,2026-01-16 14:10:48
11339,CUST_400,PROD_13,4,2026-01-11 17:47:57
11340,CUST_165,PROD_42,1,2025-12-31 13:07:31
11341,CUST_65,PROD_58,2,2026-01-10 08:46:09
11342,CUST_212,PROD_47,2,2026-01-24 02:34:11
11343,CUST_353,PROD_5,2,2026-01-07 11:26:37
11344,CUST_66,PROD_81,5,2026-01-17 12:34:04
11345,CUST_348,PROD_95,2,2026-01-22 08:25:30
11346,CUST_482,PROD_54,1,2026-01-25 23:41:21
11347,CUST_161,PROD_96,1,2026-01-22 03:43:40
11348,CUST_462,PROD_62,2,2025-12-31 06:48:33
11349,CUST_195,PROD_16,1,2025-12-29 09:55:25
11350,CUST_371,PROD_15,1,2026-01-21 11:46:48
11351,CUST_7,PROD_66,4,2026-01-11 18:08:32
11352,CUST_131,PROD_29,1,2026-01-01 22:52:42
11353,CUST_100,PROD_69,5,2026-01-01 15:38:16
11354,CUST_140,PROD_89,5,2026-01-12 14:53:40
11355,CUST_458,PROD_60,1,2025-12-31 15:01:10
11356,CUST_395,PROD_99,1,2026-01-19 14:04:28
11357,CUST_319,PROD_16,1,2026-01-27 04:58:08
11358,CUST_74,PROD_85,5,2026-01-27 04:53:41
11359,CUST_31,PROD_6,5,2026-01-18 19:50:58
11360,CUST_242,PROD_29,5,2026-01-22 22:46:45
11361,CUST_95,PROD_64,1,2026-01-24 08:52:54
11362,CUST_96,PROD_32,5,2026-01-01 18:02:07
11363,CUST_114,PROD_23,3,2026-01-26 22:55:55
11364,CUST_236,PROD_26,4,2026-01-09 17:02:49
11365,CUST_416,PROD_94,2,2026-01-21 17:33:30
11366,CUST_454,PROD_52,2,2026-01-07 12:10:24
11367,CUST_177,PROD_93,3,2026-01-02 20:55:17
11368,CUST_396,PROD_43,2,2025-12-29 20:13:19
11369,CUST_21,PROD_67,4,2026-01-13 10:55:57
11370,CUST_485,PROD_86,1,2026-01-17 23:18:18
11371,CUST_82,PROD_38,5,2025-12-31 17:24:31
11372,CUST_377,PROD_35,2,2025-12-30 04:48:05
11373,CUST_352,PROD_53,3,2026-01-23 16:50:22
11374,CUST_165,PROD_40,4,2026-01-10 02:38:43
11375,CUST_8,PROD_31,2,2026-01-19 14:55:20
11376,CUST_391,PROD_45,4,2026-01-12 16:58:17
11377,CUST_299,PROD_7,4,2026-01-25 15:43:09
11378,CUST_74,PROD_21,1,2026-01-16 11:34:03
11379,CUST_227,PROD_51,4,2026-01-25 03:03:36
11380,CUST_500,PROD_60,3,2026-01-09 02:47:21
11381,CUST_377,PROD_51,2,2026-01-05 18:50:16
11382,CUST_290,PROD_41,3,2026-01-15 12:13:13
11383,CUST_478,PROD_50,2,2026-01-06 20:19:15
11384,CUST_468,PROD_40,1,2026-01-21 13:14:36
11385,CUST_241,PROD_65,5,2026-01-04 01:44:24
11386,CUST_486,PROD_23,5,2026-01-11 17:20:58
11387,CUST_87,PROD_5,4,2026-01-18 22:02:26
11388,CUST_280,PROD_95,3,2025-12-30 21:56:20
11389,CUST_8,PROD_67,3,2026-01-09 04:16:53
11390,CUST_40,PROD_23,5,2026-01-04 00:34:32
11391,CUST_239,PROD_11,1,2026-01-25 05:25:30
11392,CUST_243,PROD_66,1,2026-01-09 20:09:31
11393,CUST_325,PROD_28,3,2026-01-20 23:34:48
11394,CUST_72,PROD_54,2,2026-01-21 03:47:57
11395,CUST_246,PROD_97,3,2026-01-13 00:03:59
11396,CUST_88,PROD_87,1,2026-01-09 20:31:12
11397,CUST_109,PROD_82,3,2026-01-01 13:08:31
11398,CUST_47,PROD_45,1,2026-01-22 07:01:24
11399,CUST_261,PROD_86,4,2026-01-12 18:27:07
11400,CUST_463,PROD_55,1,2025-12-31 19:52:46
11401,CUST_38,PROD_52,4,2025-12-30 16:03:25
11402,CUST_16,PROD_84,3,2026-01-23 16:12:25
11403,CUST_371,PROD_20,3,2026-01-22 04:23:34
11404,CUST_493,PROD_98,3,2026-01-20 04:43:13
11405,CUST_291,PROD_55,1,2026-01-23 13:48:31
11406,CUST_267,PROD_75,3,2026-01-07 20:21:45
11407,CUST_221,PROD_37,3,2025-12-29 12:56:29
11408,CUST_11,PROD_5,2,2026-01-22 21:46:19
11409,CUST_368,PROD_24,3,2026-01-14 17:22:15
11410,CUST_266,PROD_16,2,2025-12-30 09:12:50
11411,CUST_309,PROD_24,2,2026-01-14 12:36:49
11412,CUST_246,PROD_56,3,2026-01-14 07:27:07
11413,CUST_456,PROD_57,3,2026-01-13 06:49:08
11414,CUST_388,PROD_45,5,2026-01-22 15:49:14
11415,CUST_8,PROD_75,3,2026-01-17 22:03:53
11416,CUST_417,PROD_49,4,2026-01-07 18:03:27
11417,CUST_482,PROD_71,4,2026-01-20 21:45:51
11418,CUST_268,PROD_88,1,2026-01-07 08:02:38
11419,CUST_257,PROD_53,5,2026-01-17 04:05:16
11420,CUST_147,PROD_89,2,2026-01-24 08:36:39
11421,CUST_220,PROD_6,2,2026-01-13 08:21:49
11422,CUST_323,PROD_47,4,2026-01-19 06:26:10
11423,CUST_488,PROD_92,3,2025-12-28 18:46:37
11424,CUST_177,PROD_47,3,2026-01-11 15:57:02
11425,CUST_352,PROD_92,1,2026-01-08 09:55:47
11426,CUST_193,PROD_50,3,2026-01-06 10:11:55
11427,CUST_6,PROD_86,2,2026-01-20 20:38:29
11428,CUST_456,PROD_90,2,2026-01-19 23:35:24
11429,CUST_53,PROD_48,5,2026-01-18 08:17:28
11430,CUST_48,PROD_54,3,2026-01-19 00:55:20
11431,CUST_193,PROD_18,2,2026-01-01 14:43:16
11432,CUST_368,PROD_78,4,2026-01-17 14:39:41
11433,CUST_62,PROD_14,1,2026-01-24 07:07:01
11434,CUST_458,PROD_75,5,2026-01-18 12:38:58
11435,CUST_254,PROD_29,5,2026-01-13 10:00:15
11436,CUST_364,PROD_7,2,2026-01-16 05:32:37
11437,CUST_94,PROD_57,4,2026-01-19 12:21:38
11438,CUST_263,PROD_64,3,2026-01-03 03:52:11
11439,CUST_349,PROD_15,1,2026-01-23 10:16:57
11440,CUST_448,PROD_38,5,2026-01-23 22:06:26
11441,CUST_449,PROD_32,2,2026-01-22 12:14:40
11442,CUST_32,PROD_49,3,2026-01-01 07:13:02
11443,CUST_266,PROD_96,5,2026-01-21 00:48:42
11444,CUST_412,PROD_70,2,2026-01-27 06:03:56
11445,CUST_149,PROD_58,2,2026-01-17 09:26:34
11446,CUST_107,PROD_11,4,2026-01-24 06:24:25
11447,CUST_449,PROD_86,2,2026-01-07 16:20:26
11448,CUST_96,PROD_10,2,2026-01-18 05:06:25
11449,CUST_312,PROD_26,2,2026-01-15 11:57:07
11450,CUST_361,PROD_49,2,2026-01-18 09:14:36
11451,CUST_394,PROD_93,5,2026-01-13 14:24:47
11452,CUST_323,PROD_42,5,2026-01-11 18:07:54
11453,CUST_415,PROD_29,5,2026-01-20 18:47:51
11454,CUST_353,PROD_46,2,2026-01-05 22:29:58
11455,CUST_429,PROD_18,2,2026-01-21 16:36:19
11456,CUST_342,PROD_86,4,2025-12-29 01:47:56
11457,CUST_440,PROD_8,2,2026-01-05 03:47:22
11458,CUST_328,PROD_55,3,2025-12-30 15:55:12
11459,CUST_338,PROD_50,2,2026-01-23 19:21:40
11460,CUST_63,PROD_6,3,2026-01-15 23:11:30
11461,CUST_3,PROD_50,5,2026-01-07 12:58:40
11462,CUST_234,PROD_36,1,2026-01-11 14:15:16
11463,CUST_117,PROD_43,2,2026-01-13 13:21:14
11464,CUST_175,PROD_1,4,2026-01-20 13:36:18
11465,CUST_30,PROD_56,5,2025-12-31 03:14:00
11466,CUST_399,PROD_76,2,2026-01-18 09:01:05
11467,CUST_490,PROD_98,1,2025-12-31 02:32:59
11468,CUST_7,PROD_19,3,2026-01-01 08:20:45
11469,CUST_283,PROD_38,5,2026-01-23 14:32:35
11470,CUST_181,PROD_33,2,2026-01-18 16:02:46
11471,CUST_305,PROD_3,5,2026-01-23 05:41:18
11472,CUST_112,PROD_49,4,2025-12-30 05:22:12
11473,CUST_91,PROD_37,5,2026-01-24 14:20:08
11474,CUST_74,PROD_87,2,2026-01-10 09:54:06
11475,CUST_68,PROD_3,1,2026-01-07 13:16:38
11476,CUST_237,PROD_67,2,2025-12-30 17:16:45
11477,CUST_5,PROD_50,3,2026-01-27 13:01:03
11478,CUST_343,PROD_100,5,2026-01-23 04:34:03
11479,CUST_51,PROD_39,2,2026-01-17 02:12:07
11480,CUST_271,PROD_21,3,2025-12-31 13:33:53
11481,CUST_223,PROD_94,1,2026-01-02 19:09:40
11482,CUST_424,PROD_43,2,2026-01-18 03:13:32
11483,CUST_214,PROD_12,4,2025-12-30 15:10:59
11484,CUST_41,PROD_76,3,2026-01-23 03:48:12
11485,CUST_170,PROD_1,5,2026-01-15 07:17:20
11486,CUST_393,PROD_92,1,2026-01-06 15:50:11
11487,CUST_231,PROD_32,4,2026-01-22 08:45:19
11488,CUST_350,PROD_32,4,2026-01-15 22:40:00
11489,CUST_257,PROD_44,4,2026-01-21 03:06:20
11490,CUST_268,PROD_95,3,2026-01-27 01:35:56
11491,CUST_322,PROD_43,5,2026-01-02 07:51:32
11492,CUST_323,PROD_94,4,2026-01-18 04:15:17
11493,CUST_363,PROD_57,1,2026-01-08 23:06:36
11494,CUST_112,PROD_83,4,2025-12-28 23:07:02
11495,CUST_480,PROD_93,5,2026-01-27 04:35:25
11496,CUST_113,PROD_53,3,2025-12-31 16:27:12
11497,CUST_382,PROD_10,4,2026-01-27 15:04:12
11498,CUST_106,PROD_63,4,2026-01-01 02:31:17
11499,CUST_298,PROD_50,3,2026-01-16 06:02:45
11500,CUST_92,PROD_68,5,2026-01-26 22:03:16
11501,CUST_447,PROD_38,2,2026-01-04 16:25:42
11502,CUST_147,PROD_89,1,2026-01-18 20:10:10
11503,CUST_429,PROD_92,2,2026-01-08 16:08:22
11504,CUST_63,PROD_13,5,2025-12-29 15:14:06
11505,CUST_114,PROD_55,5,2026-01-13 20:12:45
11506,CUST_478,PROD_31,4,2025-12-29 20:00:21
11507,CUST_494,PROD_4,5,2026-01-09 16:40:57
11508,CUST_303,PROD_95,5,2026-01-07 16:03:36
11509,CUST_19,PROD_79,2,2026-01-03 00:02:21
11510,CUST_236,PROD_70,2,2026-01-04 18:34:41
11511,CUST_36,PROD_54,4,2026-01-25 14:14:11
11512,CUST_136,PROD_32,1,2025-12-29 21:18:18
11513,CUST_196,PROD_18,4,2026-01-11 16:19:26
11514,CUST_124,PROD_70,2,2026-01-25 22:16:37
11515,CUST_466,PROD_70,5,2026-01-14 17:14:25
11516,CUST_71,PROD_91,5,2026-01-09 05:21:56
11517,CUST_177,PROD_67,5,2025-12-29 00:16:30
11518,CUST_319,PROD_43,5,2026-01-01 14:22:38
11519,CUST_78,PROD_31,5,2026-01-02 08:03:56
11520,CUST_106,PROD_19,1,2026-01-14 18:47:43
11521,CUST_44,PROD_44,5,2026-01-20 22:59:04
11522,CUST_370,PROD_96,4,2026-01-25 01:13:29
11523,CUST_132,PROD_71,1,2026-01-27 02:40:10
11524,CUST_183,PROD_20,5,2026-01-14 09:19:20
11525,CUST_442,PROD_100,1,2026-01-01 20:19:13
11526,CUST_78,PROD_51,4,2026-01-11 12:15:40
11527,CUST_217,PROD_92,4,2026-01-14 19:00:59
11528,CUST_48,PROD_28,2,2026-01-02 18:22:30
11529,CUST_11,PROD_75,3,2026-01-22 13:42:27
11530,CUST_331,PROD_80,5,2026-01-22 07:59:24
11531,CUST_344,PROD_71,4,2026-01-09 01:02:04
11532,CUST_167,PROD_91,2,2026-01-06 03:20:23
11533,CUST_191,PROD_29,3,2026-01-01 17:12:07
11534,CUST_93,PROD_27,5,2026-01-16 10:52:32
11535,CUST_193,PROD_4,5,2026-01-08 17:20:31
11536,CUST_297,PROD_30,4,2026-01-09 08:09:10
11537,CUST_460,PROD_29,2,2025-12-30 03:08:07
11538,CUST_104,PROD_67,5,2026-01-12 18:31:56
11539,CUST_228,PROD_29,5,2026-01-09 17:52:04
11540,CUST_112,PROD_27,4,2026-01-22 18:12:04
11541,CUST_229,PROD_26,2,2026-01-19 16:22:54
11542,CUST_401,PROD_57,5,2026-01-02 06:56:15
11543,CUST_252,PROD_26,2,2026-01-25 19:20:56
11544,CUST_162,PROD_92,5,2026-01-15 07:26:09
11545,CUST_186,PROD_65,2,2025-12-31 22:52:30
11546,CUST_473,PROD_80,5,2026-01-11 07:29:18
11547,CUST_193,PROD_99,4,2026-01-17 13:37:05
11548,CUST_352,PROD_45,4,2026-01-16 15:06:03
11549,CUST_470,PROD_65,4,2026-01-14 13:31:12
11550,CUST_462,PROD_47,3,2026-01-17 11:47:56
11551,CUST_100,PROD_21,1,2026-01-06 04:30:55
11552,CUST_261,PROD_48,3,2025-12-29 17:59:51
11553,CUST_300,PROD_16,1,2026-01-10 00:35:27
11554,CUST_121,PROD_47,5,2026-01-14 04:20:12
11555,CUST_220,PROD_54,5,2026-01-09 00:21:13
11556,CUST_46,PROD_77,4,2026-01-22 06:28:14
11557,CUST_60,PROD_86,5,2026-01-13 02:11:39
11558,CUST_232,PROD_74,5,2026-01-16 05:30:37
11559,CUST_117,PROD_37,5,2026-01-17 17:48:19
11560,CUST_445,PROD_34,3,2026-01-12 15:14:04
11561,CUST_106,PROD_57,4,2025-12-30 00:12:02
11562,CUST_100,PROD_13,4,2026-01-03 15:33:41
11563,CUST_482,PROD_66,1,2026-01-23 05:06:03
11564,CUST_195,PROD_98,4,2026-01-15 09:12:34
11565,CUST_258,PROD_11,5,2026-01-08 10:54:27
11566,CUST_161,PROD_75,5,2025-12-29 23:36:36
11567,CUST_230,PROD_58,1,2026-01-10 07:20:02
11568,CUST_436,PROD_86,1,2026-01-13 12:01:55
11569,CUST_39,PROD_3,1,2026-01-20 12:54:18
11570,CUST_335,PROD_56,1,2026-01-02 10:55:06
11571,CUST_255,PROD_16,4,2026-01-21 21:17:26
11572,CUST_405,PROD_55,2,2026-01-19 21:28:45
11573,CUST_128,PROD_68,2,2026-01-25 20:13:54
11574,CUST_231,PROD_95,2,2026-01-11 15:51:54
11575,CUST_182,PROD_81,4,2026-01-13 20:15:50
11576,CUST_132,PROD_66,2,2026-01-04 09:09:28
11577,CUST_229,PROD_8,4,2026-01-04 07:53:50
11578,CUST_243,PROD_8,4,2026-01-21 00:16:05
11579,CUST_418,PROD_91,3,2026-01-14 00:00:44
11580,CUST_258,PROD_51,2,2025-12-29 21:47:18
11581,CUST_224,PROD_11,1,2026-01-17 06:53:25
11582,CUST_123,PROD_14,3,2025-12-29 09:57:23
11583,CUST_363,PROD_25,1,2026-01-03 10:14:22
11584,CUST_391,PROD_11,4,2026-01-20 21:01:13
11585,CUST_116,PROD_46,5,2026-01-08 23:30:29
11586,CUST_105,PROD_28,3,2026-01-24 06:39:19
11587,CUST_327,PROD_96,5,2026-01-23 11:38:37
11588,CUST_486,PROD_35,4,2026-01-08 01:30:18
11589,CUST_139,PROD_23,5,2026-01-18 11:21:48
11590,CUST_438,PROD_56,2,2026-01-16 13:35:57
11591,CUST_318,PROD_4,2,2026-01-06 16:14:06
11592,CUST_321,PROD_75,2,2026-01-15 05:12:02
11593,CUST_178,PROD_92,2,2025-12-30 01:22:52
11594,CUST_480,PROD_73,1,2026-01-23 14:08:26
11595,CUST_196,PROD_32,2,2026-01-01 15:05:34
11596,CUST_101,PROD_52,3,2026-01-11 12:18:12
11597,CUST_269,PROD_73,3,2026-01-21 00:16:29
11598,CUST_462,PROD_58,5,2026-01-02 22:51:13
11599,CUST_99,PROD_22,2,2026-01-09 04:22:14
11600,CUST_252,PROD_31,5,2026-01-05 20:20:05
11601,CUST_163,PROD_30,5,2026-01-07 15:41:04
11602,CUST_22,PROD_67,5,2026-01-24 15:49:07
11603,CUST_456,PROD_30,5,2026-01-07 20:43:23
11604,CUST_455,PROD_34,4,2026-01-18 08:23:44
11605,CUST_314,PROD_27,5,2025-12-29 07:35:32
11606,CUST_251,PROD_48,3,2026-01-24 17:54:07
11607,CUST_299,PROD_52,1,2026-01-21 16:13:56
11608,CUST_12,PROD_66,5,2026-01-20 03:10:44
11609,CUST_47,PROD_62,2,2026-01-02 02:01:33
11610,CUST_203,PROD_39,2,2026-01-01 00:25:18
11611,CUST_290,PROD_75,5,2026-01-04 13:15:33
11612,CUST_354,PROD_69,2,2026-01-08 06:37:59
11613,CUST_96,PROD_11,3,2026-01-10 18:50:31
11614,CUST_448,PROD_27,1,2026-01-05 08:52:32
11615,CUST_407,PROD_29,4,2026-01-19 14:34:27
11616,CUST_320,PROD_84,3,2025-12-30 00:35:06
11617,CUST_122,PROD_17,4,2026-01-07 22:21:30
11618,CUST_359,PROD_95,5,2026-01-27 06:32:45
11619,CUST_178,PROD_72,2,2026-01-18 05:46:30
11620,CUST_354,PROD_73,4,2026-01-22 05:41:16
11621,CUST_315,PROD_51,1,2026-01-01 01:28:19
11622,CUST_158,PROD_29,4,2026-01-04 06:28:28
11623,CUST_385,PROD_11,4,2026-01-20 04:11:14
11624,CUST_408,PROD_71,1,2026-01-15 10:56:59
11625,CUST_330,PROD_36,1,2026-01-03 20:48:35
11626,CUST_237,PROD_96,5,2026-01-04 04:24:27
11627,CUST_141,PROD_15,1,2026-01-26 10:08:17
11628,CUST_402,PROD_86,1,2026-01-23 02:27:00
11629,CUST_222,PROD_79,2,2026-01-10 11:20:11
11630,CUST_203,PROD_13,3,2026-01-16 11:58:12
11631,CUST_471,PROD_99,4,2026-01-03 21:12:22
11632,CUST_281,PROD_74,2,2026-01-27 08:43:00
11633,CUST_267,PROD_74,5,2026-01-11 12:17:29
11634,CUST_24,PROD_79,4,2026-01-19 09:27:56
11635,CUST_199,PROD_46,3,2026-01-18 20:39:21
11636,CUST_381,PROD_87,2,2026-01-08 18:01:20
11637,CUST_123,PROD_77,4,2026-01-05 10:42:51
11638,CUST_254,PROD_90,2,2026-01-01 21:31:32
11639,CUST_23,PROD_92,4,2026-01-07 07:31:38
11640,CUST_127,PROD_18,3,2026-01-19 09:24:48
11641,CUST_462,PROD_33,5,2026-01-12 17:47:07
11642,CUST_403,PROD_53,2,2026-01-13 02:24:28
11643,CUST_316,PROD_74,3,2026-01-13 12:47:01
11644,CUST_411,PROD_36,5,2026-01-27 04:08:11
11645,CUST_387,PROD_52,1,2026-01-25 08:05:43
11646,CUST_224,PROD_28,5,2026-01-18 20:13:33
11647,CUST_105,PROD_33,3,2026-01-06 17:31:51
11648,CUST_454,PROD_14,1,2026-01-21 15:08:34
11649,CUST_98,PROD_32,2,2026-01-08 05:40:18
11650,CUST_376,PROD_100,1,2026-01-24 06:10:05
11651,CUST_143,PROD_9,5,2026-01-12 16:35:17
11652,CUST_419,PROD_92,1,2026-01-14 15:38:22
11653,CUST_63,PROD_26,5,2026-01-15 09:47:02
11654,CUST_174,PROD_84,3,2026-01-25 05:02:28
11655,CUST_334,PROD_16,3,2026-01-26 00:17:17
11656,CUST_24,PROD_1,2,2026-01-18 18:18:56
11657,CUST_135,PROD_8,4,2026-01-08 01:07:47
11658,CUST_10,PROD_82,3,2026-01-24 10:13:34
11659,CUST_96,PROD_46,4,2026-01-09 07:56:57
11660,CUST_333,PROD_50,2,2026-01-15 09:54:54
11661,CUST_21,PROD_42,1,2026-01-24 22:48:25
11662,CUST_50,PROD_16,5,2026-01-18 03:21:44
11663,CUST_484,PROD_45,1,2026-01-15 11:24:18
11664,CUST_236,PROD_61,1,2026-01-13 07:05:23
11665,CUST_208,PROD_73,5,2026-01-21 22:23:44
11666,CUST_242,PROD_19,3,2026-01-04 23:14:29
11667,CUST_46,PROD_13,3,2026-01-23 16:35:13
11668,CUST_297,PROD_21,4,2026-01-21 07:11:53
11669,CUST_410,PROD_73,3,2026-01-10 03:11:15
11670,CUST_215,PROD_37,4,2026-01-02 12:11:28
11671,CUST_157,PROD_11,5,2026-01-08 07:22:57
11672,CUST_66,PROD_89,1,2025-12-29 11:11:20
11673,CUST_121,PROD_89,2,2026-01-27 05:04:20
11674,CUST_44,PROD_36,4,2025-12-29 09:25:59
11675,CUST_216,PROD_99,5,2026-01-06 01:10:37
11676,CUST_248,PROD_100,3,2026-01-17 06:17:26
11677,CUST_355,PROD_39,5,2026-01-05 21:11:27
11678,CUST_10,PROD_37,4,2025-12-31 10:47:33
11679,CUST_402,PROD_82,4,2026-01-15 07:27:03
11680,CUST_248,PROD_67,2,2025-12-29 21:05:25
11681,CUST_295,PROD_96,5,2026-01-21 09:36:56
11682,CUST_128,PROD_26,2,2026-01-11 14:21:20
11683,CUST_262,PROD_1,5,2026-01-01 15:55:19
11684,CUST_220,PROD_17,5,2026-01-20 13:47:38
11685,CUST_372,PROD_98,1,2026-01-01 09:15:47
11686,CUST_113,PROD_82,3,2026-01-10 06:59:59
11687,CUST_128,PROD_49,3,2026-01-09 16:30:53
11688,CUST_467,PROD_39,3,2025-12-30 18:59:26
11689,CUST_222,PROD_7,1,2026-01-16 09:22:22
11690,CUST_474,PROD_87,3,2026-01-17 00:03:16
11691,CUST_491,PROD_1,4,2026-01-20 16:19:29
11692,CUST_148,PROD_84,3,2026-01-08 21:56:23
11693,CUST_138,PROD_59,3,2026-01-05 05:00:49
11694,CUST_499,PROD_70,1,2026-01-12 11:20:03
11695,CUST_114,PROD_86,1,2026-01-07 21:21:49
11696,CUST_448,PROD_42,3,2026-01-14 16:31:41
11697,CUST_246,PROD_99,2,2025-12-31 20:03:57
11698,CUST_299,PROD_77,3,2026-01-03 04:25:37
11699,CUST_117,PROD_100,1,2026-01-27 10:00:21
11700,CUST_345,PROD_52,4,2025-12-30 19:20:37
11701,CUST_1,PROD_49,5,2026-01-03 21:23:32
11702,CUST_356,PROD_55,2,2026-01-20 22:19:49
11703,CUST_43,PROD_95,4,2026-01-13 04:43:57
11704,CUST_376,PROD_39,2,2026-01-14 11:49:35
11705,CUST_266,PROD_16,1,2026-01-16 13:55:51
11706,CUST_414,PROD_14,2,2026-01-03 02:37:12
11707,CUST_111,PROD_50,3,2026-01-11 06:20:37
11708,CUST_150,PROD_24,3,2026-01-18 21:41:04
11709,CUST_258,PROD_45,2,2026-01-04 19:37:38
11710,CUST_411,PROD_37,1,2026-01-04 20:47:08
11711,CUST_411,PROD_44,1,2026-01-14 21:11:47
11712,CUST_164,PROD_45,5,2026-01-18 21:41:08
11713,CUST_395,PROD_27,3,2026-01-03 20:47:50
11714,CUST_82,PROD_76,3,2026-01-15 10:52:46
11715,CUST_450,PROD_73,3,2026-01-07 08:35:55
11716,CUST_410,PROD_33,1,2026-01-24 09:32:41
11717,CUST_9,PROD_49,5,2026-01-02 09:53:25
11718,CUST_418,PROD_68,2,2026-01-17 23:24:55
11719,CUST_325,PROD_59,4,2026-01-23 10:36:58
11720,CUST_36,PROD_23,3,2026-01-25 09:30:05
11721,CUST_418,PROD_93,2,2026-01-09 14:58:27
11722,CUST_105,PROD_50,5,2026-01-23 00:44:37
11723,CUST_208,PROD_99,4,2026-01-25 17:28:20
11724,CUST_219,PROD_89,3,2026-01-21 20:27:06
11725,CUST_317,PROD_48,3,2026-01-17 02:02:59
11726,CUST_251,PROD_56,2,2026-01-24 08:20:59
11727,CUST_332,PROD_93,3,2026-01-07 03:36:50
11728,CUST_340,PROD_19,5,2026-01-18 10:27:24
11729,CUST_433,PROD_86,4,2026-01-19 19:12:28
11730,CUST_364,PROD_86,4,2026-01-21 19:10:42
11731,CUST_390,PROD_12,3,2025-12-29 23:22:55
11732,CUST_411,PROD_31,5,2026-01-12 02:35:47
11733,CUST_266,PROD_79,2,2026-01-20 06:56:02
11734,CUST_317,PROD_34,1,2026-01-07 14:31:42
11735,CUST_234,PROD_16,2,2026-01-14 16:35:33
11736,CUST_123,PROD_18,4,2026-01-15 05:44:15
11737,CUST_221,PROD_13,5,2026-01-22 19:18:28
11738,CUST_43,PROD_21,1,2026-01-27 03:23:11
11739,CUST_205,PROD_11,3,2025-12-31 22:39:16
11740,CUST_331,PROD_33,5,2026-01-01 13:42:41
11741,CUST_361,PROD_98,2,2026-01-15 23:52:18
11742,CUST_81,PROD_21,1,2026-01-08 12:53:45
11743,CUST_249,PROD_8,1,2026-01-24 15:12:52
11744,CUST_290,PROD_33,4,2026-01-17 14:51:50
11745,CUST_107,PROD_99,4,2026-01-15 01:28:11
11746,CUST_265,PROD_48,2,2026-01-01 22:16:26
11747,CUST_103,PROD_4,1,2026-01-01 22:51:51
11748,CUST_456,PROD_49,3,2025-12-28 21:47:38
11749,CUST_308,PROD_92,1,2026-01-25 22:28:11
11750,CUST_46,PROD_69,1,2026-01-04 14:49:13
11751,CUST_245,PROD_44,4,2026-01-24 18:46:38
11752,CUST_6,PROD_47,5,2026-01-23 04:48:35
11753,CUST_343,PROD_26,1,2026-01-21 06:36:59
11754,CUST_296,PROD_5,2,2026-01-01 11:16:46
11755,CUST_2,PROD_44,5,2026-01-26 12:22:15
11756,CUST_320,PROD_56,1,2026-01-06 23:28:47
11757,CUST_25,PROD_83,4,2026-01-27 12:39:20
11758,CUST_20,PROD_90,4,2026-01-09 09:23:44
11759,CUST_355,PROD_85,5,2026-01-18 21:50:37
11760,CUST_311,PROD_47,2,2026-01-13 00:36:04
11761,CUST_392,PROD_67,1,2026-01-14 01:24:54
11762,CUST_107,PROD_1,3,2026-01-24 02:58:15
11763,CUST_251,PROD_7,3,2026-01-18 05:10:01
11764,CUST_339,PROD_51,4,2026-01-24 10:08:39
11765,CUST_443,PROD_34,2,2026-01-18 01:37:46
11766,CUST_377,PROD_25,5,2026-01-24 05:46:31
11767,CUST_140,PROD_87,5,2026-01-24 01:19:45
11768,CUST_449,PROD_13,3,2026-01-27 11:26:55
11769,CUST_274,PROD_5,2,2026-01-12 02:50:10
11770,CUST_52,PROD_95,2,2026-01-26 13:56:25
11771,CUST_134,PROD_22,4,2026-01-21 08:07:58
11772,CUST_81,PROD_60,1,2026-01-23 15:45:50
11773,CUST_30,PROD_45,2,2026-01-07 01:17:50
11774,CUST_357,PROD_84,3,2026-01-05 02:15:26
11775,CUST_21,PROD_52,5,2026-01-17 18:33:14
11776,CUST_231,PROD_3,3,2025-12-30 03:36:18
11777,CUST_363,PROD_88,2,2026-01-23 22:55:50
11778,CUST_27,PROD_26,5,2026-01-06 18:01:29
11779,CUST_351,PROD_83,1,2026-01-18 17:20:11
11780,CUST_436,PROD_48,2,2026-01-14 15:43:15
11781,CUST_360,PROD_93,4,2025-12-29 05:09:40
11782,CUST_304,PROD_50,5,2026-01-18 15:11:44
11783,CUST_437,PROD_71,2,2026-01-03 10:56:24
11784,CUST_395,PROD_18,5,2026-01-16 10:01:12
11785,CUST_291,PROD_27,5,2026-01-06 09:42:57
11786,CUST_205,PROD_73,3,2026-01-19 06:54:05
11787,CUST_425,PROD_81,5,2026-01-18 05:11:50
11788,CUST_385,PROD_70,4,2026-01-03 10:33:54
11789,CUST_159,PROD_36,4,2026-01-12 05:54:46
11790,CUST_45,PROD_60,3,2026-01-06 19:41:44
11791,CUST_269,PROD_62,3,2025-12-30 09:36:38
11792,CUST_302,PROD_37,2,2026-01-11 12:34:52
11793,CUST_138,PROD_38,2,2025-12-29 07:06:05
11794,CUST_157,PROD_3,2,2026-01-16 00:56:17
11795,CUST_343,PROD_77,2,2026-01-13 00:50:52
11796,CUST_55,PROD_16,4,2026-01-25 05:36:30
11797,CUST_4,PROD_42,4,2026-01-17 00:03:32
11798,CUST_197,PROD_30,3,2026-01-11 05:52:37
11799,CUST_293,PROD_27,4,2026-01-21 01:33:03
11800,CUST_64,PROD_32,4,2026-01-08 23:54:55
11801,CUST_487,PROD_51,1,2026-01-03 19:55:01
11802,CUST_206,PROD_26,5,2026-01-13 17:17:50
11803,CUST_20,PROD_97,1,2025-12-29 02:28:29
11804,CUST_192,PROD_43,5,2026-01-22 14:28:19
11805,CUST_56,PROD_79,3,2026-01-14 23:30:17
11806,CUST_326,PROD_31,5,2026-01-02 23:22:53
11807,CUST_25,PROD_63,2,2026-01-15 03:35:45
11808,CUST_482,PROD_100,3,2025-12-29 14:03:31
11809,CUST_33,PROD_14,2,2026-01-01 01:21:28
11810,CUST_15,PROD_12,4,2026-01-14 18:46:25
11811,CUST_282,PROD_76,1,2026-01-17 12:26:27
11812,CUST_132,PROD_85,2,2026-01-05 15:29:58
11813,CUST_355,PROD_69,1,2026-01-05 19:51:45
11814,CUST_448,PROD_67,1,2026-01-22 12:42:40
11815,CUST_26,PROD_16,5,2026-01-27 02:35:10
11816,CUST_445,PROD_86,2,2026-01-07 08:15:04
11817,CUST_191,PROD_22,4,2026-01-24 03:53:41
11818,CUST_16,PROD_24,4,2025-12-30 07:44:10
11819,CUST_32,PROD_86,4,2026-01-10 23:20:32
11820,CUST_162,PROD_73,3,2026-01-24 07:03:32
11821,CUST_170,PROD_68,1,2026-01-12 16:24:42
11822,CUST_90,PROD_37,5,2026-01-12 22:26:37
11823,CUST_149,PROD_87,5,2025-12-28 20:28:21
11824,CUST_343,PROD_40,3,2026-01-20 06:10:53
11825,CUST_166,PROD_20,2,2026-01-19 09:50:09
11826,CUST_284,PROD_62,3,2026-01-16 06:44:16
11827,CUST_381,PROD_84,2,2026-01-24 04:40:32
11828,CUST_342,PROD_48,4,2026-01-04 09:47:10
11829,CUST_266,PROD_9,3,2025-12-31 12:48:04
11830,CUST_1,PROD_70,3,2026-01-20 23:15:54
11831,CUST_155,PROD_94,1,2026-01-21 01:43:36
11832,CUST_112,PROD_99,4,2026-01-27 15:29:43
11833,CUST_499,PROD_93,3,2026-01-02 16:16:01
11834,CUST_148,PROD_89,1,2026-01-27 12:57:44
11835,CUST_228,PROD_20,5,2026-01-06 03:30:28
11836,CUST_173,PROD_89,3,2026-01-22 11:19:31
11837,CUST_389,PROD_88,5,2026-01-26 15:22:33
11838,CUST_264,PROD_97,3,2025-12-29 14:04:47
11839,CUST_6,PROD_57,4,2026-01-12 15:14:22
11840,CUST_246,PROD_34,3,2026-01-20 12:31:27
11841,CUST_288,PROD_88,5,2025-12-31 07:47:23
11842,CUST_89,PROD_94,1,2026-01-02 19:25:51
11843,CUST_302,PROD_32,4,2026-01-20 23:22:05
11844,CUST_68,PROD_94,2,2026-01-21 04:53:09
11845,CUST_74,PROD_65,1,2026-01-15 11:25:19
11846,CUST_306,PROD_98,4,2026-01-03 08:06:38
11847,CUST_456,PROD_24,4,2026-01-01 14:00:42
11848,CUST_455,PROD_43,4,2026-01-26 00:19:45
11849,CUST_321,PROD_20,3,2026-01-15 09:22:01
11850,CUST_389,PROD_53,3,2026-01-25 15:56:26
11851,CUST_167,PROD_66,4,2025-12-30 16:43:14
11852,CUST_459,PROD_30,4,2026-01-18 01:00:16
11853,CUST_218,PROD_45,5,2026-01-25 02:43:23
11854,CUST_468,PROD_77,1,2026-01-26 20:54:34
11855,CUST_128,PROD_54,1,2025-12-29 07:21:07
11856,CUST_313,PROD_11,3,2026-01-08 07:50:25
11857,CUST_97,PROD_65,5,2026-01-06 21:33:28
11858,CUST_379,PROD_41,2,2026-01-20 07:59:50
11859,CUST_439,PROD_75,5,2026-01-23 04:57:33
11860,CUST_273,PROD_76,4,2026-01-23 17:25:11
11861,CUST_380,PROD_78,1,2026-01-19 01:00:34
11862,CUST_209,PROD_50,5,2026-01-25 08:07:33
11863,CUST_337,PROD_54,4,2025-12-30 23:40:21
11864,CUST_384,PROD_12,3,2026-01-02 10:16:55
11865,CUST_21,PROD_45,1,2026-01-09 05:44:53
11866,CUST_455,PROD_98,3,2026-01-19 14:05:58
11867,CUST_272,PROD_55,3,2025-12-30 13:17:38
11868,CUST_302,PROD_74,4,2026-01-12 03:50:04
11869,CUST_237,PROD_97,1,2026-01-23 13:23:02
11870,CUST_338,PROD_74,4,2025-12-29 16:56:36
11871,CUST_133,PROD_3,1,2026-01-13 03:04:29
11872,CUST_208,PROD_13,4,2025-12-29 09:26:34
11873,CUST_68,PROD_63,2,2026-01-11 19:53:18
11874,CUST_385,PROD_62,4,2026-01-21 20:26:27
11875,CUST_337,PROD_55,3,2025-12-29 13:08:27
11876,CUST_352,PROD_1,3,2026-01-15 20:22:58
11877,CUST_27,PROD_64,5,2026-01-17 02:09:34
11878,CUST_399,PROD_45,2,2026-01-26 20:19:31
11879,CUST_247,PROD_50,5,2026-01-02 12:21:21
11880,CUST_352,PROD_37,3,2026-01-11 06:10:44
11881,CUST_401,PROD_15,3,2026-01-14 17:56:27
11882,CUST_385,PROD_41,2,2026-01-18 21:44:59
11883,CUST_129,PROD_68,5,2026-01-04 11:38:14
11884,CUST_76,PROD_28,3,2026-01-25 14:44:07
11885,CUST_353,PROD_2,4,2026-01-09 16:55:31
11886,CUST_448,PROD_1,1,2026-01-21 06:58:28
11887,CUST_217,PROD_16,4,2025-12-30 21:13:00
11888,CUST_64,PROD_69,2,2026-01-01 10:08:12
11889,CUST_384,PROD_70,5,2026-01-20 13:55:14
11890,CUST_11,PROD_12,1,2026-01-10 12:16:33
11891,CUST_381,PROD_78,3,2026-01-08 04:58:50
11892,CUST_239,PROD_24,2,2026-01-19 11:39:38
11893,CUST_475,PROD_10,4,2026-01-12 08:34:50
11894,CUST_295,PROD_7,4,2026-01-06 17:03:01
11895,CUST_287,PROD_53,5,2026-01-21 09:27:51
11896,CUST_345,PROD_48,4,2026-01-08 11:36:00
11897,CUST_256,PROD_68,2,2026-01-15 17:00:43
11898,CUST_190,PROD_23,2,2026-01-27 04:43:51
11899,CUST_39,PROD_72,4,2026-01-11 01:28:15
11900,CUST_210,PROD_18,1,2026-01-13 20:14:40
11901,CUST_453,PROD_53,2,2026-01-18 20:34:36
11902,CUST_485,PROD_60,3,2026-01-18 23:00:20
11903,CUST_111,PROD_41,3,2026-01-11 08:53:41
11904,CUST_355,PROD_86,3,2026-01-03 22:12:16
11905,CUST_337,PROD_31,1,2026-01-25 06:06:45
11906,CUST_258,PROD_47,4,2026-01-19 02:28:58
11907,CUST_163,PROD_73,5,2026-01-08 21:23:43
11908,CUST_290,PROD_93,5,2026-01-07 03:24:06
11909,CUST_61,PROD_12,1,2026-01-02 15:20:48
11910,CUST_134,PROD_63,2,2026-01-20 19:21:02
11911,CUST_357,PROD_10,5,2026-01-16 23:50:22
11912,CUST_323,PROD_56,3,2026-01-04 06:00:19
11913,CUST_18,PROD_17,3,2026-01-15 23:57:06
11914,CUST_297,PROD_59,4,2026-01-16 14:55:16
11915,CUST_99,PROD_70,1,2026-01-09 23:44:37
11916,CUST_156,PROD_81,1,2026-01-06 02:28:22
11917,CUST_147,PROD_74,3,2026-01-05 13:00:01
11918,CUST_352,PROD_10,4,2026-01-17 17:25:44
11919,CUST_306,PROD_33,2,2026-01-11 11:05:18
11920,CUST_62,PROD_52,1,2026-01-06 12:03:10
11921,CUST_231,PROD_6,5,2026-01-14 07:52:56
11922,CUST_341,PROD_40,4,2026-01-27 17:47:07
11923,CUST_442,PROD_90,1,2026-01-05 09:41:21
11924,CUST_475,PROD_71,5,2026-01-17 01:16:30
11925,CUST_9,PROD_54,4,2026-01-20 01:31:44
11926,CUST_38,PROD_48,3,2026-01-12 06:06:32
11927,CUST_317,PROD_79,3,2025-12-29 21:18:38
11928,CUST_13,PROD_80,3,2026-01-02 03:32:04
11929,CUST_314,PROD_22,5,2026-01-19 02:14:18
11930,CUST_343,PROD_91,1,2026-01-24 21:57:40
11931,CUST_334,PROD_9,2,2026-01-20 12:38:06
11932,CUST_246,PROD_59,5,2026-01-19 11:46:36
11933,CUST_277,PROD_94,1,2026-01-19 21:39:56
11934,CUST_414,PROD_49,4,2026-01-11 10:07:15
11935,CUST_487,PROD_27,2,2026-01-08 08:03:08
11936,CUST_425,PROD_30,5,2025-12-29 17:02:40
11937,CUST_416,PROD_52,2,2026-01-04 02:15:32
11938,CUST_110,PROD_51,1,2026-01-14 01:41:05
11939,CUST_467,PROD_39,5,2026-01-14 06:21:42
11940,CUST_475,PROD_81,5,2026-01-09 06:10:26
11941,CUST_187,PROD_3,1,2026-01-23 17:14:58
11942,CUST_431,PROD_32,4,2026-01-02 03:02:51
11943,CUST_319,PROD_32,5,2026-01-18 08:42:33
11944,CUST_277,PROD_5,3,2026-01-04 20:15:45
11945,CUST_367,PROD_68,4,2026-01-09 22:07:24
11946,CUST_408,PROD_24,4,2026-01-03 08:54:17
11947,CUST_484,PROD_90,4,2026-01-08 22:49:39
11948,CUST_362,PROD_41,3,2026-01-15 05:04:51
11949,CUST_355,PROD_97,1,2026-01-23 04:11:52
11950,CUST_277,PROD_29,2,2026-01-13 18:03:03
11951,CUST_129,PROD_1,1,2026-01-11 06:17:33
11952,CUST_339,PROD_68,2,2026-01-05 22:27:11
11953,CUST_30,PROD_13,3,2026-01-16 05:04:46
11954,CUST_428,PROD_96,1,2026-01-18 06:53:01
11955,CUST_166,PROD_55,5,2026-01-03 20:16:20
11956,CUST_36,PROD_34,2,2026-01-09 12:43:14
11957,CUST_4,PROD_13,1,2026-01-19 05:09:26
11958,CUST_193,PROD_7,1,2026-01-01 05:32:32
11959,CUST_169,PROD_21,1,2026-01-17 01:48:31
11960,CUST_457,PROD_81,4,2026-01-03 15:55:21
11961,CUST_272,PROD_68,5,2026-01-22 14:04:46
11962,CUST_96,PROD_41,1,2026-01-07 20:31:14
11963,CUST_299,PROD_70,2,2025-12-30 06:29:06
11964,CUST_251,PROD_20,5,2026-01-20 08:39:35
11965,CUST_29,PROD_82,2,2026-01-17 19:53:56
11966,CUST_147,PROD_56,5,2025-12-29 14:07:32
11967,CUST_165,PROD_30,1,2026-01-24 11:49:23
11968,CUST_210,PROD_61,3,2025-12-29 00:24:13
11969,CUST_278,PROD_9,4,2026-01-15 20:53:55
11970,CUST_363,PROD_63,2,2025-12-31 18:23:15
11971,CUST_120,PROD_30,2,2026-01-10 17:22:29
11972,CUST_143,PROD_18,5,2026-01-20 02:19:47
11973,CUST_80,PROD_16,5,2026-01-12 11:29:54
11974,CUST_291,PROD_8,3,2026-01-09 12:35:43
11975,CUST_26,PROD_29,2,2026-01-07 10:28:27
11976,CUST_149,PROD_92,1,2026-01-18 08:22:03
11977,CUST_94,PROD_6,3,2026-01-26 13:06:26
11978,CUST_349,PROD_75,1,2026-01-23 11:46:08
11979,CUST_324,PROD_68,4,2026-01-10 14:44:04
11980,CUST_102,PROD_10,5,2026-01-21 03:29:27
11981,CUST_140,PROD_8,4,2026-01-07 05:54:41
11982,CUST_183,PROD_19,2,2026-01-26 14:22:46
11983,CUST_400,PROD_77,3,2026-01-01 16:58:04
11984,CUST_261,PROD_58,3,2026-01-21 23:21:22
11985,CUST_252,PROD_40,2,2026-01-20 06:32:49
11986,CUST_323,PROD_42,4,2026-01-17 20:00:57
11987,CUST_230,PROD_89,4,2026-01-17 18:26:01
11988,CUST_128,PROD_11,5,2026-01-10 08:49:28
11989,CUST_442,PROD_48,2,2026-01-25 04:39:01
11990,CUST_430,PROD_95,4,2026-01-24 17:52:12
11991,CUST_410,PROD_22,3,2026-01-04 05:55:06
11992,CUST_380,PROD_78,4,2026-01-18 21:32:35
11993,CUST_421,PROD_77,1,2026-01-08 15:15:01
11994,CUST_362,PROD_92,1,2026-01-23 08:05:37
11995,CUST_155,PROD_99,4,2025-12-31 08:12:23
11996,CUST_303,PROD_55,2,2026-01-09 20:14:39
11997,CUST_404,PROD_22,4,2026-01-15 08:19:41
11998,CUST_115,PROD_53,5,2026-01-01 16:37:29
11999,CUST_256,PROD_22,1,2026-01-26 01:59:06
12000,CUST_479,PROD_28,1,2026-01-20 20:44:20
12001,CUST_226,PROD_41,4,2025-12-29 23:10:56
12002,CUST_87,PROD_37,4,2026-01-18 22:15:59
12003,CUST_72,PROD_26,3,2026-01-13 07:49:21
12004,CUST_418,PROD_83,3,2026-01-09 18:08:56
12005,CUST_330,PROD_88,1,2026-01-16 08:43:21
12006,CUST_75,PROD_30,1,2026-01-15 20:56:59
12007,CUST_42,PROD_13,5,2026-01-11 16:46:08
12008,CUST_53,PROD_51,5,2026-01-12 01:59:51
12009,CUST_225,PROD_29,4,2025-12-29 01:20:44
12010,CUST_293,PROD_85,3,2026-01-12 11:25:56
12011,CUST_325,PROD_90,2,2026-01-08 13:48:11
12012,CUST_67,PROD_8,5,2026-01-07 11:21:11
12013,CUST_162,PROD_52,2,2026-01-18 06:16:13
12014,CUST_10,PROD_52,2,2026-01-01 18:13:28
12015,CUST_320,PROD_91,1,2026-01-05 15:42:58
12016,CUST_29,PROD_54,4,2026-01-19 09:29:45
12017,CUST_478,PROD_75,4,2026-01-21 14:08:12
12018,CUST_492,PROD_37,5,2026-01-19 19:14:42
12019,CUST_247,PROD_80,4,2026-01-22 15:00:29
12020,CUST_425,PROD_34,1,2026-01-21 03:40:48
12021,CUST_326,PROD_90,2,2026-01-10 11:01:40
12022,CUST_41,PROD_22,5,2026-01-22 09:08:25
12023,CUST_441,PROD_27,5,2026-01-05 11:46:54
12024,CUST_8,PROD_82,4,2026-01-21 00:10:45
12025,CUST_302,PROD_40,2,2026-01-04 10:06:43
12026,CUST_194,PROD_66,3,2026-01-12 11:01:56
12027,CUST_417,PROD_83,4,2026-01-03 03:45:53
12028,CUST_162,PROD_17,2,2026-01-01 01:09:16
12029,CUST_392,PROD_86,3,2026-01-21 16:48:17
12030,CUST_435,PROD_25,1,2026-01-11 13:27:35
12031,CUST_427,PROD_49,4,2026-01-22 09:39:32
12032,CUST_36,PROD_88,2,2026-01-15 05:51:20
12033,CUST_277,PROD_78,2,2026-01-20 09:57:21
12034,CUST_433,PROD_73,5,2026-01-18 14:56:50
12035,CUST_286,PROD_44,3,2026-01-03 00:33:26
12036,CUST_325,PROD_63,3,2026-01-15 01:21:37
12037,CUST_382,PROD_26,1,2026-01-04 13:29:58
12038,CUST_66,PROD_6,5,2026-01-08 01:24:14
12039,CUST_474,PROD_45,1,2026-01-12 16:53:20
12040,CUST_438,PROD_7,3,2026-01-26 08:28:19
12041,CUST_275,PROD_43,4,2026-01-05 17:51:04
12042,CUST_410,PROD_23,5,2026-01-15 23:31:14
12043,CUST_343,PROD_15,2,2026-01-13 23:14:47
12044,CUST_433,PROD_48,1,2026-01-23 11:58:50
12045,CUST_469,PROD_38,5,2026-01-06 04:35:51
12046,CUST_344,PROD_87,5,2026-01-13 13:01:28
12047,CUST_22,PROD_87,4,2026-01-19 19:36:09
12048,CUST_180,PROD_43,1,2026-01-21 03:52:04
12049,CUST_373,PROD_28,4,2026-01-05 22:39:23
12050,CUST_100,PROD_90,3,2026-01-21 11:54:13
12051,CUST_57,PROD_27,3,2026-01-20 15:28:07
12052,CUST_220,PROD_38,3,2026-01-18 09:55:16
12053,CUST_121,PROD_43,5,2026-01-20 18:12:03
12054,CUST_83,PROD_73,2,2026-01-08 17:12:42
12055,CUST_327,PROD_73,3,2026-01-04 14:10:00
12056,CUST_52,PROD_91,4,2026-01-20 21:06:16
12057,CUST_324,PROD_98,3,2026-01-18 20:18:42
12058,CUST_433,PROD_58,2,2026-01-23 15:08:00
12059,CUST_20,PROD_96,3,2026-01-16 20:25:25
12060,CUST_301,PROD_59,5,2026-01-15 19:42:02
12061,CUST_372,PROD_6,5,2026-01-03 07:08:30
12062,CUST_349,PROD_87,1,2025-12-31 10:35:20
12063,CUST_119,PROD_51,5,2026-01-24 04:13:14
12064,CUST_476,PROD_81,1,2026-01-10 08:05:22
12065,CUST_351,PROD_18,2,2026-01-18 07:19:01
12066,CUST_106,PROD_86,2,2026-01-09 22:24:50
12067,CUST_138,PROD_35,5,2026-01-10 12:33:25
12068,CUST_60,PROD_27,1,2026-01-07 00:24:28
12069,CUST_206,PROD_90,4,2026-01-21 03:54:52
12070,CUST_451,PROD_2,5,2026-01-21 09:53:47
12071,CUST_14,PROD_27,3,2025-12-29 21:59:08
12072,CUST_39,PROD_96,3,2026-01-11 13:51:13
12073,CUST_247,PROD_53,1,2026-01-03 10:53:32
12074,CUST_427,PROD_10,3,2026-01-17 21:28:30
12075,CUST_467,PROD_11,2,2026-01-18 11:22:54
12076,CUST_475,PROD_72,4,2026-01-11 17:28:10
12077,CUST_334,PROD_22,1,2026-01-09 00:03:58
12078,CUST_212,PROD_31,3,2026-01-17 03:59:11
12079,CUST_383,PROD_56,5,2026-01-09 00:46:44
12080,CUST_431,PROD_43,3,2025-12-30 05:04:11
12081,CUST_151,PROD_57,3,2026-01-12 18:23:57
12082,CUST_298,PROD_58,3,2026-01-09 07:11:44
12083,CUST_105,PROD_100,5,2026-01-13 03:53:08
12084,CUST_50,PROD_29,4,2026-01-26 16:07:13
12085,CUST_359,PROD_56,3,2026-01-13 02:23:00
12086,CUST_126,PROD_76,4,2026-01-09 17:34:07
12087,CUST_424,PROD_27,4,2026-01-22 23:43:11
12088,CUST_243,PROD_45,4,2026-01-19 23:40:45
12089,CUST_25,PROD_62,5,2026-01-23 04:02:33
12090,CUST_49,PROD_100,5,2026-01-09 09:12:52
12091,CUST_304,PROD_66,5,2026-01-13 16:57:45
12092,CUST_329,PROD_36,5,2026-01-03 03:59:12
12093,CUST_131,PROD_38,5,2026-01-18 20:22:38
12094,CUST_129,PROD_6,2,2026-01-11 14:10:01
12095,CUST_328,PROD_12,5,2025-12-30 02:42:41
12096,CUST_89,PROD_23,3,2026-01-26 13:39:59
12097,CUST_21,PROD_39,5,2026-01-05 10:43:04
12098,CUST_113,PROD_49,3,2026-01-14 12:43:15
12099,CUST_484,PROD_88,5,2026-01-26 09:06:59
12100,CUST_142,PROD_100,1,2026-01-18 06:30:23
12101,CUST_478,PROD_11,2,2025-12-30 09:32:12
12102,CUST_22,PROD_17,3,2026-01-03 06:19:34
12103,CUST_23,PROD_28,1,2026-01-16 02:18:07
12104,CUST_40,PROD_11,5,2026-01-26 04:28:58
12105,CUST_199,PROD_1,5,2026-01-02 02:35:13
12106,CUST_254,PROD_87,3,2026-01-19 07:40:57
12107,CUST_454,PROD_70,5,2026-01-26 21:38:03
12108,CUST_147,PROD_41,1,2026-01-15 04:18:12
12109,CUST_241,PROD_94,4,2026-01-24 08:33:49
12110,CUST_153,PROD_36,1,2026-01-07 07:34:27
12111,CUST_59,PROD_84,5,2026-01-03 07:58:12
12112,CUST_291,PROD_25,2,2026-01-15 12:30:37
12113,CUST_371,PROD_100,2,2026-01-20 09:07:59
12114,CUST_249,PROD_91,4,2026-01-15 11:44:00
12115,CUST_453,PROD_5,3,2026-01-13 04:56:05
12116,CUST_278,PROD_44,4,2026-01-14 04:46:06
12117,CUST_87,PROD_85,2,2026-01-21 18:06:55
12118,CUST_272,PROD_19,2,2026-01-01 16:14:14
12119,CUST_86,PROD_38,4,2026-01-17 23:20:29
12120,CUST_103,PROD_31,4,2026-01-14 04:25:31
12121,CUST_189,PROD_44,2,2026-01-23 10:09:19
12122,CUST_135,PROD_28,5,2026-01-15 21:45:03
12123,CUST_140,PROD_44,2,2026-01-24 02:03:10
12124,CUST_226,PROD_6,4,2026-01-21 05:38:23
12125,CUST_251,PROD_80,3,2026-01-25 10:14:49
12126,CUST_384,PROD_95,5,2026-01-07 03:37:40
12127,CUST_28,PROD_74,4,2026-01-21 16:32:16
12128,CUST_70,PROD_54,1,2026-01-23 20:53:33
12129,CUST_389,PROD_23,5,2026-01-21 21:01:44
12130,CUST_30,PROD_36,3,2026-01-20 13:44:25
12131,CUST_385,PROD_48,2,2026-01-18 23:25:47
12132,CUST_35,PROD_99,2,2026-01-19 15:44:13
12133,CUST_278,PROD_96,3,2026-01-05 15:47:31
12134,CUST_153,PROD_47,4,2026-01-15 19:15:28
12135,CUST_43,PROD_94,1,2026-01-24 11:01:37
12136,CUST_474,PROD_54,2,2026-01-22 04:24:28
12137,CUST_169,PROD_54,2,2026-01-17 10:39:43
12138,CUST_497,PROD_91,5,2026-01-10 21:41:22
12139,CUST_144,PROD_98,3,2026-01-09 03:54:16
12140,CUST_445,PROD_26,2,2026-01-21 13:29:10
12141,CUST_309,PROD_98,1,2026-01-06 15:25:46
12142,CUST_260,PROD_43,5,2026-01-05 15:12:57
12143,CUST_306,PROD_83,4,2026-01-05 19:21:44
12144,CUST_120,PROD_60,1,2026-01-06 01:44:26
12145,CUST_287,PROD_74,4,2026-01-25 14:32:19
12146,CUST_327,PROD_4,2,2026-01-26 08:11:43
12147,CUST_434,PROD_68,3,2025-12-28 18:57:24
12148,CUST_272,PROD_19,2,2026-01-13 03:11:31
12149,CUST_359,PROD_62,3,2026-01-03 06:22:42
12150,CUST_302,PROD_19,5,2026-01-16 12:47:07
12151,CUST_104,PROD_58,1,2026-01-13 11:22:20
12152,CUST_249,PROD_76,1,2026-01-24 03:50:36
12153,CUST_201,PROD_80,1,2026-01-09 11:33:55
12154,CUST_240,PROD_81,4,2026-01-11 02:37:15
12155,CUST_358,PROD_37,1,2026-01-19 12:53:20
12156,CUST_221,PROD_45,4,2026-01-26 15:20:59
12157,CUST_388,PROD_86,4,2026-01-14 19:30:37
12158,CUST_138,PROD_89,3,2026-01-01 13:48:12
12159,CUST_443,PROD_56,2,2025-12-31 11:11:53
12160,CUST_464,PROD_81,1,2026-01-25 16:24:56
12161,CUST_13,PROD_32,2,2026-01-17 06:25:29
12162,CUST_154,PROD_27,5,2026-01-19 02:10:05
12163,CUST_328,PROD_69,2,2026-01-20 19:33:58
12164,CUST_254,PROD_20,3,2026-01-16 15:37:41
12165,CUST_482,PROD_73,3,2026-01-21 21:52:34
12166,CUST_372,PROD_88,1,2026-01-16 21:06:51
12167,CUST_232,PROD_93,5,2026-01-02 14:28:04
12168,CUST_172,PROD_89,2,2026-01-25 18:40:31
12169,CUST_296,PROD_42,1,2026-01-17 04:13:27
12170,CUST_437,PROD_41,2,2026-01-10 11:46:50
12171,CUST_128,PROD_43,5,2026-01-10 17:03:08
12172,CUST_261,PROD_26,5,2026-01-26 03:29:45
12173,CUST_61,PROD_74,1,2026-01-15 21:43:38
12174,CUST_40,PROD_56,2,2026-01-25 03:34:13
12175,CUST_290,PROD_29,4,2026-01-15 05:44:42
12176,CUST_114,PROD_99,3,2026-01-21 03:14:17
12177,CUST_36,PROD_65,5,2026-01-13 04:51:07
12178,CUST_182,PROD_21,5,2026-01-17 16:43:09
12179,CUST_203,PROD_15,5,2026-01-20 17:12:40
12180,CUST_364,PROD_61,4,2026-01-16 13:34:13
12181,CUST_363,PROD_60,5,2026-01-21 12:59:48
12182,CUST_147,PROD_28,4,2026-01-26 01:13:15
12183,CUST_170,PROD_18,2,2025-12-30 19:56:28
12184,CUST_344,PROD_53,3,2026-01-05 12:23:58
12185,CUST_404,PROD_47,1,2026-01-13 15:48:30
12186,CUST_184,PROD_55,2,2026-01-24 20:14:17
12187,CUST_26,PROD_2,5,2026-01-06 21:03:33
12188,CUST_355,PROD_43,5,2026-01-15 06:35:03
12189,CUST_240,PROD_95,5,2026-01-01 15:49:44
12190,CUST_349,PROD_6,2,2026-01-25 18:02:56
12191,CUST_435,PROD_7,5,2026-01-08 10:33:33
12192,CUST_483,PROD_51,5,2026-01-26 15:56:55
12193,CUST_102,PROD_1,2,2025-12-30 20:27:03
12194,CUST_184,PROD_75,1,2025-12-29 23:34:37
12195,CUST_137,PROD_34,3,2026-01-18 19:57:23
12196,CUST_305,PROD_59,1,2026-01-25 05:50:16
12197,CUST_72,PROD_35,4,2026-01-06 16:24:00
12198,CUST_351,PROD_34,4,2026-01-20 00:57:10
12199,CUST_457,PROD_72,2,2026-01-16 06:22:33
12200,CUST_300,PROD_16,5,2026-01-02 12:33:16
12201,CUST_327,PROD_80,1,2026-01-18 16:17:53
12202,CUST_390,PROD_76,2,2026-01-23 16:57:59
12203,CUST_361,PROD_47,3,2026-01-12 20:28:59
12204,CUST_438,PROD_28,5,2026-01-25 22:10:13
12205,CUST_259,PROD_90,5,2026-01-25 05:08:53
12206,CUST_497,PROD_33,3,2026-01-21 07:45:30
12207,CUST_479,PROD_80,5,2026-01-25 23:56:44
12208,CUST_345,PROD_72,2,2026-01-22 12:21:01
12209,CUST_450,PROD_6,5,2026-01-04 17:10:12
12210,CUST_316,PROD_99,4,2026-01-17 16:07:18
12211,CUST_484,PROD_51,3,2026-01-02 22:18:39
12212,CUST_232,PROD_10,1,2026-01-14 00:51:43
12213,CUST_105,PROD_73,3,2026-01-23 07:03:23
12214,CUST_441,PROD_79,5,2026-01-08 12:01:06
12215,CUST_412,PROD_29,2,2026-01-12 23:30:44
12216,CUST_67,PROD_25,4,2026-01-05 14:20:45
12217,CUST_230,PROD_11,5,2026-01-19 01:27:06
12218,CUST_18,PROD_72,5,2026-01-14 08:57:41
12219,CUST_431,PROD_22,1,2026-01-08 20:15:13
12220,CUST_219,PROD_61,5,2026-01-27 05:17:03
12221,CUST_481,PROD_27,3,2026-01-05 18:01:40
12222,CUST_467,PROD_72,3,2026-01-25 16:04:27
12223,CUST_150,PROD_93,4,2026-01-14 05:59:04
12224,CUST_422,PROD_82,1,2026-01-20 04:04:30
12225,CUST_250,PROD_94,1,2026-01-20 21:30:11
12226,CUST_429,PROD_59,4,2026-01-15 02:09:10
12227,CUST_392,PROD_15,5,2026-01-17 06:56:08
12228,CUST_329,PROD_40,3,2026-01-11 11:01:47
12229,CUST_138,PROD_39,4,2026-01-22 06:11:14
12230,CUST_378,PROD_1,4,2026-01-09 04:17:07
12231,CUST_368,PROD_20,2,2026-01-20 12:01:27
12232,CUST_7,PROD_10,1,2026-01-21 08:08:52
12233,CUST_15,PROD_14,4,2026-01-26 08:07:51
12234,CUST_41,PROD_83,2,2026-01-04 17:20:17
12235,CUST_388,PROD_23,4,2026-01-04 20:37:11
12236,CUST_299,PROD_34,5,2025-12-30 23:00:15
12237,CUST_334,PROD_82,1,2026-01-13 00:46:33
12238,CUST_52,PROD_25,4,2026-01-20 22:40:35
12239,CUST_259,PROD_75,3,2026-01-17 08:29:18
12240,CUST_180,PROD_6,1,2026-01-05 13:25:23
12241,CUST_98,PROD_17,5,2026-01-17 01:31:15
12242,CUST_147,PROD_87,1,2026-01-24 15:13:19
12243,CUST_398,PROD_90,4,2025-12-30 19:17:21
12244,CUST_340,PROD_32,3,2025-12-30 00:12:24
12245,CUST_269,PROD_46,3,2026-01-08 03:33:22
12246,CUST_309,PROD_6,2,2026-01-11 01:20:54
12247,CUST_479,PROD_26,2,2026-01-22 06:09:44
12248,CUST_409,PROD_5,5,2026-01-26 10:32:14
12249,CUST_460,PROD_5,4,2026-01-17 12:27:47
12250,CUST_193,PROD_42,4,2026-01-24 01:14:56
12251,CUST_142,PROD_63,3,2026-01-27 05:23:30
12252,CUST_116,PROD_15,3,2025-12-30 05:17:42
12253,CUST_152,PROD_74,2,2026-01-11 09:35:25
12254,CUST_74,PROD_82,4,2026-01-12 22:01:08
12255,CUST_391,PROD_38,1,2026-01-27 05:02:01
12256,CUST_209,PROD_27,2,2026-01-22 19:00:45
12257,CUST_216,PROD_41,2,2026-01-19 17:04:44
12258,CUST_492,PROD_18,3,2026-01-26 21:28:09
12259,CUST_285,PROD_4,4,2026-01-14 18:33:33
12260,CUST_444,PROD_41,5,2026-01-20 10:43:29
12261,CUST_60,PROD_19,4,2026-01-03 10:41:35
12262,CUST_170,PROD_17,5,2026-01-13 13:46:05
12263,CUST_185,PROD_85,4,2026-01-05 23:34:06
12264,CUST_118,PROD_39,3,2026-01-27 08:07:30
12265,CUST_412,PROD_8,1,2026-01-21 02:53:02
12266,CUST_167,PROD_17,1,2026-01-21 13:41:29
12267,CUST_445,PROD_7,4,2026-01-18 21:50:41
12268,CUST_498,PROD_69,2,2026-01-23 11:18:59
12269,CUST_229,PROD_97,4,2026-01-25 18:01:12
12270,CUST_257,PROD_34,4,2026-01-16 02:17:29
12271,CUST_478,PROD_49,2,2026-01-23 12:08:29
12272,CUST_363,PROD_64,3,2026-01-07 16:34:05
12273,CUST_78,PROD_50,1,2026-01-19 19:58:29
12274,CUST_11,PROD_36,3,2026-01-22 23:00:09
12275,CUST_215,PROD_5,5,2025-12-31 11:51:35
12276,CUST_365,PROD_11,5,2025-12-29 21:15:05
12277,CUST_196,PROD_91,1,2026-01-15 03:18:07
12278,CUST_471,PROD_19,2,2026-01-26 22:29:36
12279,CUST_11,PROD_67,5,2026-01-11 15:30:40
12280,CUST_377,PROD_2,2,2025-12-31 10:13:13
12281,CUST_373,PROD_16,4,2026-01-18 00:14:47
12282,CUST_367,PROD_34,4,2026-01-04 15:18:50
12283,CUST_312,PROD_70,4,2026-01-08 04:45:31
12284,CUST_10,PROD_56,4,2026-01-26 04:57:20
12285,CUST_424,PROD_58,3,2026-01-18 19:39:37
12286,CUST_235,PROD_3,4,2026-01-11 05:34:52
12287,CUST_243,PROD_19,3,2026-01-19 16:29:21
12288,CUST_326,PROD_78,5,2026-01-13 17:35:00
12289,CUST_378,PROD_31,5,2026-01-02 09:14:58
12290,CUST_368,PROD_79,3,2025-12-28 19:56:19
12291,CUST_375,PROD_79,3,2026-01-17 04:51:31
12292,CUST_461,PROD_67,1,2026-01-20 13:08:15
12293,CUST_122,PROD_14,2,2026-01-09 08:32:53
12294,CUST_276,PROD_74,4,2026-01-16 16:17:01
12295,CUST_390,PROD_26,2,2026-01-15 09:05:18
12296,CUST_47,PROD_100,1,2026-01-23 04:33:59
12297,CUST_473,PROD_4,1,2025-12-30 16:35:45
12298,CUST_51,PROD_72,2,2026-01-08 21:09:59
12299,CUST_214,PROD_85,2,2025-12-31 11:09:17
12300,CUST_484,PROD_41,5,2026-01-01 18:37:59
12301,CUST_217,PROD_64,3,2026-01-15 05:19:37
12302,CUST_412,PROD_33,4,2026-01-01 21:33:58
12303,CUST_491,PROD_3,4,2026-01-06 10:15:08
12304,CUST_52,PROD_20,5,2026-01-06 07:55:32
12305,CUST_133,PROD_71,1,2026-01-05 19:33:34
12306,CUST_408,PROD_93,2,2026-01-27 06:00:26
12307,CUST_140,PROD_62,2,2026-01-19 01:04:10
12308,CUST_256,PROD_72,5,2026-01-27 11:12:37
12309,CUST_83,PROD_100,2,2025-12-29 01:53:22
12310,CUST_100,PROD_84,4,2026-01-11 21:15:56
12311,CUST_328,PROD_37,5,2026-01-10 23:30:33
12312,CUST_277,PROD_40,5,2026-01-08 23:35:46
12313,CUST_53,PROD_65,3,2026-01-15 13:35:40
12314,CUST_89,PROD_4,2,2026-01-25 03:29:33
12315,CUST_18,PROD_8,1,2025-12-29 04:12:36
12316,CUST_176,PROD_20,1,2026-01-11 16:18:13
12317,CUST_292,PROD_89,5,2026-01-11 08:48:01
12318,CUST_338,PROD_21,3,2026-01-21 22:26:09
12319,CUST_90,PROD_95,5,2026-01-24 15:43:43
12320,CUST_78,PROD_32,4,2026-01-12 16:03:51
12321,CUST_448,PROD_57,1,2026-01-05 17:31:01
12322,CUST_320,PROD_76,3,2026-01-18 03:23:23
12323,CUST_100,PROD_60,5,2026-01-11 20:19:43
12324,CUST_317,PROD_15,2,2025-12-29 02:40:27
12325,CUST_251,PROD_68,4,2025-12-29 16:51:09
12326,CUST_173,PROD_92,3,2026-01-16 14:54:45
12327,CUST_470,PROD_74,5,2025-12-31 10:30:19
12328,CUST_206,PROD_78,2,2026-01-06 11:29:18
12329,CUST_84,PROD_63,5,2025-12-31 16:48:38
12330,CUST_410,PROD_3,3,2026-01-03 08:29:24
12331,CUST_500,PROD_89,4,2026-01-26 19:17:30
12332,CUST_257,PROD_90,3,2026-01-09 03:52:48
12333,CUST_283,PROD_56,3,2026-01-25 22:32:54
12334,CUST_64,PROD_45,5,2026-01-16 18:11:42
12335,CUST_191,PROD_42,3,2025-12-31 00:15:00
12336,CUST_424,PROD_41,5,2026-01-03 06:55:58
12337,CUST_454,PROD_15,1,2026-01-19 09:11:42
12338,CUST_324,PROD_21,4,2026-01-03 05:05:36
12339,CUST_345,PROD_99,1,2026-01-01 20:57:59
12340,CUST_483,PROD_23,2,2026-01-12 13:22:35
12341,CUST_124,PROD_100,4,2026-01-20 05:08:18
12342,CUST_179,PROD_20,2,2026-01-02 13:33:23
12343,CUST_380,PROD_81,4,2026-01-26 01:40:31
12344,CUST_194,PROD_83,1,2026-01-08 18:12:31
12345,CUST_107,PROD_99,4,2026-01-06 06:39:22
12346,CUST_387,PROD_91,5,2026-01-24 21:18:02
12347,CUST_242,PROD_43,3,2025-12-29 17:18:58
12348,CUST_320,PROD_3,5,2026-01-08 09:45:36
12349,CUST_171,PROD_1,2,2025-12-30 06:29:04
12350,CUST_138,PROD_93,2,2026-01-15 07:54:49
12351,CUST_94,PROD_27,3,2026-01-09 08:35:21
12352,CUST_457,PROD_73,1,2026-01-03 22:30:25
12353,CUST_382,PROD_1,2,2026-01-24 05:32:10
12354,CUST_437,PROD_55,4,2026-01-19 22:32:15
12355,CUST_193,PROD_25,3,2026-01-02 03:10:16
12356,CUST_342,PROD_79,2,2026-01-14 10:08:52
12357,CUST_358,PROD_79,3,2026-01-12 09:44:13
12358,CUST_411,PROD_33,4,2026-01-14 18:12:18
12359,CUST_363,PROD_50,5,2025-12-30 12:15:41
12360,CUST_48,PROD_51,3,2026-01-20 18:37:41
12361,CUST_482,PROD_53,5,2026-01-27 17:24:30
12362,CUST_116,PROD_96,3,2026-01-13 06:59:45
12363,CUST_436,PROD_35,2,2026-01-15 20:07:22
12364,CUST_251,PROD_1,2,2026-01-16 10:33:44
12365,CUST_379,PROD_19,3,2026-01-13 22:10:40
12366,CUST_135,PROD_8,5,2026-01-26 19:41:21
12367,CUST_417,PROD_1,4,2026-01-25 12:55:12
12368,CUST_177,PROD_56,4,2026-01-08 15:03:17
12369,CUST_82,PROD_79,1,2026-01-19 04:25:03
12370,CUST_370,PROD_81,5,2026-01-22 16:31:07
12371,CUST_210,PROD_91,3,2026-01-07 17:27:47
12372,CUST_204,PROD_75,2,2026-01-17 01:22:03
12373,CUST_449,PROD_62,1,2026-01-15 16:06:21
12374,CUST_137,PROD_48,4,2026-01-04 22:45:18
12375,CUST_238,PROD_17,5,2026-01-26 00:30:15
12376,CUST_317,PROD_68,5,2026-01-26 13:06:09
12377,CUST_163,PROD_47,4,2026-01-13 23:47:04
12378,CUST_298,PROD_49,3,2026-01-19 18:36:15
12379,CUST_496,PROD_27,5,2025-12-31 05:52:29
12380,CUST_253,PROD_29,5,2026-01-04 03:53:37
12381,CUST_102,PROD_1,1,2026-01-24 14:22:14
12382,CUST_118,PROD_94,1,2026-01-14 01:40:43
12383,CUST_239,PROD_7,5,2026-01-03 21:00:06
12384,CUST_162,PROD_1,1,2026-01-09 05:05:22
12385,CUST_98,PROD_76,5,2026-01-04 00:37:57
12386,CUST_178,PROD_81,2,2026-01-20 04:43:32
12387,CUST_456,PROD_81,2,2026-01-14 11:50:10
12388,CUST_343,PROD_5,3,2026-01-01 16:32:00
12389,CUST_129,PROD_11,5,2026-01-01 18:48:57
12390,CUST_127,PROD_51,3,2026-01-01 18:46:20
12391,CUST_176,PROD_88,1,2026-01-19 04:50:52
12392,CUST_275,PROD_22,3,2026-01-18 06:04:49
12393,CUST_314,PROD_98,1,2026-01-19 14:41:52
12394,CUST_340,PROD_41,2,2026-01-15 11:03:09
12395,CUST_164,PROD_60,3,2026-01-19 13:02:22
12396,CUST_465,PROD_26,1,2026-01-16 13:55:51
12397,CUST_192,PROD_78,3,2026-01-01 19:00:51
12398,CUST_364,PROD_36,4,2026-01-05 13:04:50
12399,CUST_425,PROD_53,5,2026-01-20 11:32:22
12400,CUST_56,PROD_32,1,2026-01-06 03:25:17
12401,CUST_52,PROD_12,3,2026-01-13 14:39:29
12402,CUST_9,PROD_78,5,2026-01-09 17:34:54
12403,CUST_348,PROD_18,5,2026-01-05 10:30:55
12404,CUST_271,PROD_48,3,2026-01-24 07:03:18
12405,CUST_490,PROD_89,1,2026-01-25 22:00:22
12406,CUST_327,PROD_80,2,2026-01-05 08:10:22
12407,CUST_92,PROD_79,2,2026-01-21 20:39:10
12408,CUST_368,PROD_27,5,2026-01-01 18:37:34
12409,CUST_129,PROD_87,5,2026-01-06 01:39:43
12410,CUST_473,PROD_77,3,2026-01-07 07:30:37
12411,CUST_90,PROD_13,3,2025-12-31 09:57:02
12412,CUST_253,PROD_68,1,2025-12-31 00:07:20
12413,CUST_265,PROD_52,4,2026-01-19 02:57:34
12414,CUST_12,PROD_98,4,2026-01-25 03:41:27
12415,CUST_113,PROD_93,4,2026-01-10 07:48:12
12416,CUST_114,PROD_62,3,2026-01-01 09:37:11
12417,CUST_240,PROD_100,3,2025-12-31 21:27:43
12418,CUST_448,PROD_45,5,2026-01-10 09:08:26
12419,CUST_436,PROD_37,2,2026-01-08 07:13:02
12420,CUST_354,PROD_85,1,2026-01-05 18:43:20
12421,CUST_386,PROD_52,2,2025-12-29 01:27:30
12422,CUST_401,PROD_33,2,2026-01-24 20:04:56
12423,CUST_74,PROD_79,2,2026-01-09 10:21:38
12424,CUST_407,PROD_78,2,2026-01-25 16:58:51
12425,CUST_387,PROD_90,2,2026-01-13 10:47:01
12426,CUST_290,PROD_91,3,2026-01-14 06:11:06
12427,CUST_298,PROD_32,4,2026-01-21 12:42:57
12428,CUST_302,PROD_57,5,2026-01-12 16:26:21
12429,CUST_32,PROD_83,3,2026-01-06 03:10:46
12430,CUST_490,PROD_11,3,2026-01-26 20:49:04
12431,CUST_195,PROD_26,1,2026-01-04 07:17:29
12432,CUST_30,PROD_80,2,2026-01-08 16:38:51
12433,CUST_445,PROD_36,5,2026-01-11 08:31:57
12434,CUST_393,PROD_77,4,2026-01-02 08:39:32
12435,CUST_439,PROD_18,2,2026-01-01 05:30:09
12436,CUST_25,PROD_11,1,2026-01-24 00:17:14
12437,CUST_196,PROD_63,3,2026-01-25 07:48:54
12438,CUST_304,PROD_78,1,2026-01-05 05:33:21
12439,CUST_489,PROD_29,4,2026-01-26 12:55:12
12440,CUST_110,PROD_41,4,2026-01-17 02:48:35
12441,CUST_282,PROD_24,5,2026-01-21 17:26:42
12442,CUST_92,PROD_49,3,2026-01-18 11:09:04
12443,CUST_197,PROD_75,3,2026-01-01 22:58:54
12444,CUST_205,PROD_71,3,2026-01-18 07:20:23
12445,CUST_293,PROD_96,3,2026-01-25 03:56:45
12446,CUST_365,PROD_17,4,2026-01-21 23:27:48
12447,CUST_60,PROD_31,5,2026-01-14 09:35:43
12448,CUST_49,PROD_65,4,2025-12-31 10:58:33
12449,CUST_64,PROD_13,5,2026-01-09 14:59:28
12450,CUST_430,PROD_16,4,2026-01-22 18:18:49
12451,CUST_333,PROD_3,5,2025-12-29 18:13:27
12452,CUST_427,PROD_65,5,2026-01-09 19:21:14
12453,CUST_25,PROD_52,2,2026-01-11 13:37:52
12454,CUST_13,PROD_19,4,2026-01-10 17:27:22
12455,CUST_442,PROD_31,2,2025-12-30 01:22:27
12456,CUST_37,PROD_87,3,2026-01-14 08:09:17
12457,CUST_353,PROD_15,1,2026-01-10 06:46:46
12458,CUST_345,PROD_5,2,2026-01-08 21:33:25
12459,CUST_425,PROD_48,4,2026-01-15 10:24:08
12460,CUST_150,PROD_48,5,2026-01-12 21:48:21
12461,CUST_401,PROD_55,3,2026-01-22 23:48:07
12462,CUST_92,PROD_83,4,2026-01-24 09:12:58
12463,CUST_26,PROD_27,1,2026-01-02 05:48:25
12464,CUST_376,PROD_48,4,2026-01-02 12:56:32
12465,CUST_216,PROD_66,4,2026-01-03 16:38:04
12466,CUST_50,PROD_26,1,2026-01-08 05:01:17
12467,CUST_492,PROD_98,5,2026-01-24 20:13:13
12468,CUST_282,PROD_51,4,2026-01-10 21:06:43
12469,CUST_404,PROD_40,4,2026-01-01 01:02:14
12470,CUST_373,PROD_9,5,2026-01-26 19:58:12
12471,CUST_459,PROD_73,5,2026-01-02 07:27:56
12472,CUST_277,PROD_38,1,2026-01-04 06:27:40
12473,CUST_40,PROD_23,3,2026-01-22 22:09:46
12474,CUST_258,PROD_91,4,2026-01-17 04:09:26
12475,CUST_16,PROD_30,5,2026-01-21 10:56:04
12476,CUST_20,PROD_11,3,2026-01-16 18:46:04
12477,CUST_309,PROD_91,2,2026-01-04 08:02:43
12478,CUST_399,PROD_82,5,2026-01-01 03:50:52
12479,CUST_149,PROD_9,1,2026-01-03 02:46:07
12480,CUST_119,PROD_19,1,2025-12-31 18:44:07
12481,CUST_42,PROD_25,5,2026-01-20 21:28:38
12482,CUST_226,PROD_67,4,2026-01-21 14:02:19
12483,CUST_46,PROD_55,3,2026-01-14 19:32:59
12484,CUST_321,PROD_59,1,2026-01-17 14:42:30
12485,CUST_332,PROD_95,2,2026-01-07 15:57:30
12486,CUST_422,PROD_28,3,2026-01-14 13:47:14
12487,CUST_285,PROD_88,1,2026-01-02 07:43:11
12488,CUST_154,PROD_27,3,2026-01-21 14:02:10
12489,CUST_78,PROD_57,5,2026-01-23 17:36:04
12490,CUST_142,PROD_4,5,2026-01-26 18:55:36
12491,CUST_171,PROD_41,1,2026-01-03 13:35:57
12492,CUST_244,PROD_21,4,2026-01-12 10:45:51
12493,CUST_477,PROD_9,1,2026-01-23 16:23:49
12494,CUST_172,PROD_73,2,2026-01-04 07:42:51
12495,CUST_337,PROD_92,1,2026-01-14 05:11:50
12496,CUST_301,PROD_94,1,2026-01-02 08:13:08
12497,CUST_374,PROD_82,4,2026-01-08 13:34:07
12498,CUST_424,PROD_7,2,2026-01-07 13:31:40
12499,CUST_205,PROD_64,5,2026-01-08 19:53:24
12500,CUST_339,PROD_26,2,2026-01-22 21:38:09
12501,CUST_330,PROD_77,2,2026-01-12 17:22:47
12502,CUST_342,PROD_55,1,2026-01-22 03:29:49
12503,CUST_445,PROD_69,3,2026-01-06 02:43:55
12504,CUST_473,PROD_81,3,2026-01-11 06:03:42
12505,CUST_217,PROD_13,4,2026-01-12 18:38:32
12506,CUST_284,PROD_30,4,2026-01-13 13:44:48
12507,CUST_115,PROD_90,1,2026-01-15 07:28:43
12508,CUST_350,PROD_62,1,2026-01-25 12:07:34
12509,CUST_71,PROD_78,4,2026-01-25 00:46:57
12510,CUST_242,PROD_9,5,2026-01-09 07:17:40
12511,CUST_151,PROD_27,2,2026-01-24 05:49:22
12512,CUST_264,PROD_12,1,2026-01-14 04:03:00
12513,CUST_469,PROD_43,2,2026-01-22 23:36:11
12514,CUST_339,PROD_78,4,2026-01-24 04:12:38
12515,CUST_238,PROD_30,4,2026-01-03 10:33:07
12516,CUST_475,PROD_16,1,2026-01-20 19:37:26
12517,CUST_401,PROD_14,3,2026-01-17 00:14:05
12518,CUST_258,PROD_76,3,2025-12-29 17:46:23
12519,CUST_371,PROD_85,2,2026-01-16 00:00:57
12520,CUST_123,PROD_49,4,2026-01-11 15:39:20
12521,CUST_278,PROD_25,5,2026-01-26 21:11:22
12522,CUST_73,PROD_32,1,2026-01-14 10:04:15
12523,CUST_33,PROD_23,3,2026-01-20 15:39:55
12524,CUST_67,PROD_86,4,2026-01-08 13:26:51
12525,CUST_74,PROD_51,1,2025-12-31 04:22:43
12526,CUST_207,PROD_75,4,2026-01-05 03:10:13
12527,CUST_179,PROD_12,1,2026-01-10 08:23:58
12528,CUST_106,PROD_24,4,2026-01-02 03:58:46
12529,CUST_170,PROD_45,1,2026-01-12 15:33:42
12530,CUST_73,PROD_39,4,2025-12-31 02:51:51
12531,CUST_20,PROD_60,1,2026-01-22 06:33:21
12532,CUST_75,PROD_11,1,2026-01-16 06:00:15
12533,CUST_39,PROD_13,5,2026-01-27 15:23:29
12534,CUST_449,PROD_17,5,2026-01-01 21:01:23
12535,CUST_146,PROD_35,4,2025-12-29 21:35:56
12536,CUST_354,PROD_99,5,2026-01-10 11:20:55
12537,CUST_108,PROD_57,1,2026-01-10 00:21:33
12538,CUST_22,PROD_97,5,2026-01-06 02:15:27
12539,CUST_159,PROD_83,1,2026-01-01 00:53:18
12540,CUST_316,PROD_12,3,2025-12-31 13:02:34
12541,CUST_289,PROD_6,4,2026-01-09 12:56:17
12542,CUST_367,PROD_72,2,2026-01-26 06:03:33
12543,CUST_395,PROD_50,1,2026-01-14 14:41:30
12544,CUST_260,PROD_43,1,2026-01-20 02:44:26
12545,CUST_253,PROD_50,3,2026-01-06 03:51:49
12546,CUST_54,PROD_16,4,2025-12-29 19:23:05
12547,CUST_78,PROD_89,2,2026-01-02 01:29:37
12548,CUST_103,PROD_51,5,2026-01-12 16:00:06
12549,CUST_196,PROD_96,5,2026-01-09 05:39:57
12550,CUST_196,PROD_20,5,2026-01-20 16:55:00
12551,CUST_266,PROD_71,2,2025-12-28 19:01:20
12552,CUST_92,PROD_22,5,2026-01-26 07:31:09
12553,CUST_46,PROD_35,1,2026-01-25 12:02:08
12554,CUST_378,PROD_52,2,2026-01-09 21:11:37
12555,CUST_389,PROD_85,5,2026-01-03 05:32:56
12556,CUST_16,PROD_7,1,2025-12-29 07:49:08
12557,CUST_114,PROD_1,4,2026-01-09 22:02:18
12558,CUST_459,PROD_48,4,2026-01-26 01:06:10
12559,CUST_225,PROD_16,3,2026-01-13 23:22:42
12560,CUST_412,PROD_21,4,2026-01-23 17:55:21
12561,CUST_245,PROD_89,2,2026-01-10 02:19:46
12562,CUST_322,PROD_75,2,2026-01-08 14:02:04
12563,CUST_218,PROD_32,1,2026-01-15 10:03:10
12564,CUST_188,PROD_26,4,2026-01-27 01:56:31
12565,CUST_98,PROD_25,4,2026-01-14 20:01:30
12566,CUST_35,PROD_95,3,2026-01-10 16:29:35
12567,CUST_178,PROD_81,5,2026-01-23 09:25:41
12568,CUST_131,PROD_31,5,2026-01-26 15:58:03
12569,CUST_60,PROD_30,2,2026-01-19 18:57:59
12570,CUST_95,PROD_81,5,2026-01-04 23:48:25
12571,CUST_3,PROD_74,2,2026-01-09 14:22:55
12572,CUST_384,PROD_90,5,2026-01-06 14:20:38
12573,CUST_497,PROD_45,2,2026-01-03 04:04:08
12574,CUST_281,PROD_94,1,2025-12-31 12:10:05
12575,CUST_202,PROD_56,4,2026-01-09 13:00:48
12576,CUST_62,PROD_42,1,2026-01-22 20:16:06
12577,CUST_348,PROD_65,5,2026-01-14 16:23:52
12578,CUST_322,PROD_87,3,2026-01-05 07:02:40
12579,CUST_221,PROD_13,4,2026-01-08 05:56:13
12580,CUST_240,PROD_49,5,2026-01-14 15:23:37
12581,CUST_277,PROD_90,3,2026-01-17 03:03:32
12582,CUST_80,PROD_3,4,2025-12-31 11:11:37
12583,CUST_51,PROD_86,3,2026-01-04 09:10:08
12584,CUST_115,PROD_82,3,2026-01-07 11:04:52
12585,CUST_18,PROD_61,2,2026-01-12 11:41:25
12586,CUST_29,PROD_44,5,2026-01-10 18:23:03
12587,CUST_148,PROD_13,1,2026-01-02 11:56:11
12588,CUST_200,PROD_67,5,2026-01-17 03:06:56
12589,CUST_366,PROD_65,1,2026-01-10 13:27:24
12590,CUST_146,PROD_55,1,2026-01-09 19:08:13
12591,CUST_483,PROD_30,3,2026-01-02 14:58:56
12592,CUST_396,PROD_44,3,2026-01-27 10:26:38
12593,CUST_405,PROD_19,1,2026-01-22 07:52:31
12594,CUST_224,PROD_29,2,2026-01-12 12:35:11
12595,CUST_232,PROD_27,1,2025-12-31 00:54:29
12596,CUST_353,PROD_78,3,2026-01-15 11:38:34
12597,CUST_446,PROD_28,1,2026-01-18 16:10:30
12598,CUST_359,PROD_28,4,2026-01-01 16:51:05
12599,CUST_77,PROD_44,3,2026-01-21 06:54:42
12600,CUST_227,PROD_53,3,2026-01-22 07:52:11
12601,CUST_320,PROD_43,2,2026-01-12 16:36:13
12602,CUST_51,PROD_97,3,2025-12-29 00:12:39
12603,CUST_234,PROD_20,1,2026-01-19 19:02:17
12604,CUST_351,PROD_85,5,2026-01-16 01:31:23
12605,CUST_335,PROD_82,4,2026-01-11 01:34:50
12606,CUST_349,PROD_100,5,2026-01-13 23:36:00
12607,CUST_269,PROD_10,1,2025-12-31 19:51:19
12608,CUST_130,PROD_1,4,2026-01-12 07:05:41
12609,CUST_293,PROD_48,2,2026-01-17 16:20:05
12610,CUST_438,PROD_71,4,2026-01-04 09:40:46
12611,CUST_287,PROD_78,4,2026-01-21 04:08:47
12612,CUST_161,PROD_54,5,2025-12-31 23:57:42
12613,CUST_80,PROD_88,3,2026-01-27 05:03:30
12614,CUST_152,PROD_63,4,2026-01-02 08:00:12
12615,CUST_403,PROD_56,4,2026-01-21 14:47:11
12616,CUST_491,PROD_99,1,2026-01-17 07:02:56
12617,CUST_226,PROD_100,3,2026-01-11 14:18:03
12618,CUST_68,PROD_72,4,2026-01-02 00:26:35
12619,CUST_183,PROD_70,3,2026-01-23 09:32:52
12620,CUST_489,PROD_60,3,2026-01-15 20:02:46
12621,CUST_206,PROD_7,4,2026-01-05 11:12:30
12622,CUST_464,PROD_68,4,2026-01-23 02:17:13
12623,CUST_489,PROD_65,5,2026-01-11 17:46:24
12624,CUST_486,PROD_5,2,2026-01-19 03:52:36
12625,CUST_347,PROD_43,5,2026-01-02 07:25:25
12626,CUST_465,PROD_59,4,2026-01-22 23:34:23
12627,CUST_216,PROD_56,5,2026-01-21 01:11:25
12628,CUST_231,PROD_2,4,2026-01-24 03:29:57
12629,CUST_477,PROD_54,2,2026-01-06 06:02:08
12630,CUST_274,PROD_39,5,2025-12-31 12:45:15
12631,CUST_432,PROD_67,3,2026-01-11 16:46:33
12632,CUST_255,PROD_82,5,2026-01-25 13:54:29
12633,CUST_37,PROD_56,2,2026-01-12 00:24:56
12634,CUST_184,PROD_32,3,2026-01-06 16:44:57
12635,CUST_167,PROD_59,4,2026-01-18 10:18:32
12636,CUST_194,PROD_30,2,2026-01-18 19:04:20
12637,CUST_241,PROD_26,2,2026-01-22 11:31:45
12638,CUST_35,PROD_16,3,2026-01-05 01:40:39
12639,CUST_168,PROD_66,4,2026-01-07 10:32:53
12640,CUST_481,PROD_2,2,2026-01-26 01:35:28
12641,CUST_339,PROD_36,5,2026-01-09 03:14:13
12642,CUST_227,PROD_5,2,2026-01-25 20:05:44
12643,CUST_289,PROD_33,4,2026-01-04 03:51:33
12644,CUST_246,PROD_63,3,2026-01-06 04:39:21
12645,CUST_307,PROD_7,3,2026-01-11 07:34:59
12646,CUST_228,PROD_19,5,2026-01-24 01:47:19
12647,CUST_396,PROD_91,1,2025-12-29 12:52:49
12648,CUST_435,PROD_50,5,2026-01-24 14:05:49
12649,CUST_406,PROD_92,3,2025-12-29 13:39:57
12650,CUST_95,PROD_15,5,2026-01-27 04:07:30
12651,CUST_466,PROD_19,3,2026-01-23 11:38:35
12652,CUST_95,PROD_8,1,2026-01-09 14:29:09
12653,CUST_319,PROD_3,3,2026-01-03 08:11:25
12654,CUST_195,PROD_99,2,2026-01-15 12:22:28
12655,CUST_457,PROD_96,2,2026-01-15 16:01:11
12656,CUST_343,PROD_69,2,2026-01-02 20:10:58
12657,CUST_309,PROD_26,3,2025-12-29 12:28:09
12658,CUST_32,PROD_30,3,2026-01-15 01:22:29
12659,CUST_251,PROD_86,5,2026-01-04 18:33:59
12660,CUST_178,PROD_40,4,2026-01-02 00:08:21
12661,CUST_439,PROD_65,4,2026-01-16 05:31:06
12662,CUST_303,PROD_72,3,2025-12-29 14:45:46
12663,CUST_340,PROD_32,3,2026-01-05 05:05:22
12664,CUST_221,PROD_88,3,2025-12-30 13:50:26
12665,CUST_205,PROD_34,5,2026-01-06 12:23:49
12666,CUST_447,PROD_47,3,2026-01-22 13:43:49
12667,CUST_287,PROD_63,2,2026-01-07 18:38:56
12668,CUST_313,PROD_30,4,2026-01-18 18:58:50
12669,CUST_247,PROD_27,1,2026-01-12 07:36:42
12670,CUST_27,PROD_27,5,2026-01-18 22:04:13
12671,CUST_462,PROD_29,3,2026-01-22 00:03:52
12672,CUST_374,PROD_43,1,2026-01-10 11:04:45
12673,CUST_219,PROD_6,2,2026-01-05 16:33:22
12674,CUST_390,PROD_59,5,2026-01-20 09:01:29
12675,CUST_435,PROD_56,3,2026-01-04 03:02:06
12676,CUST_246,PROD_28,3,2026-01-23 05:19:23
12677,CUST_474,PROD_37,2,2026-01-11 12:37:22
12678,CUST_451,PROD_87,1,2026-01-09 13:31:10
12679,CUST_233,PROD_62,3,2026-01-21 15:07:14
12680,CUST_412,PROD_2,4,2026-01-12 11:48:26
12681,CUST_212,PROD_93,4,2026-01-05 19:39:21
12682,CUST_347,PROD_100,4,2026-01-19 18:47:39
12683,CUST_341,PROD_85,2,2026-01-07 03:09:39
12684,CUST_24,PROD_16,5,2026-01-20 10:21:00
12685,CUST_368,PROD_74,2,2026-01-08 23:49:14
12686,CUST_273,PROD_26,2,2026-01-22 12:12:43
12687,CUST_149,PROD_89,2,2026-01-08 07:18:55
12688,CUST_321,PROD_28,1,2026-01-18 07:18:21
12689,CUST_165,PROD_89,4,2026-01-16 21:31:35
12690,CUST_95,PROD_57,3,2026-01-04 16:14:35
12691,CUST_437,PROD_21,3,2026-01-18 07:15:18
12692,CUST_487,PROD_9,3,2025-12-29 05:11:19
12693,CUST_251,PROD_28,4,2026-01-24 06:04:06
12694,CUST_124,PROD_11,1,2025-12-28 19:30:06
12695,CUST_216,PROD_81,5,2026-01-12 12:02:47
12696,CUST_411,PROD_92,4,2026-01-05 09:47:55
12697,CUST_308,PROD_72,2,2026-01-22 21:40:15
12698,CUST_39,PROD_38,3,2026-01-10 04:37:54
12699,CUST_403,PROD_5,3,2026-01-12 02:19:36
12700,CUST_399,PROD_58,4,2026-01-06 16:23:20
12701,CUST_241,PROD_49,3,2026-01-11 12:16:15
12702,CUST_197,PROD_86,5,2026-01-21 16:30:18
12703,CUST_160,PROD_94,4,2026-01-14 01:54:42
12704,CUST_498,PROD_34,4,2026-01-21 18:25:56
12705,CUST_48,PROD_56,4,2026-01-04 05:56:40
12706,CUST_452,PROD_15,5,2026-01-25 03:49:20
12707,CUST_14,PROD_71,4,2026-01-23 02:54:20
12708,CUST_374,PROD_2,2,2026-01-09 09:52:49
12709,CUST_30,PROD_65,3,2026-01-04 09:00:19
12710,CUST_248,PROD_95,1,2026-01-02 10:40:20
12711,CUST_406,PROD_62,4,2026-01-19 00:39:28
12712,CUST_124,PROD_15,5,2026-01-27 11:56:22
12713,CUST_209,PROD_4,4,2026-01-22 05:37:23
12714,CUST_481,PROD_59,5,2026-01-20 01:08:49
12715,CUST_27,PROD_3,3,2026-01-11 16:35:03
12716,CUST_130,PROD_63,4,2026-01-26 00:39:13
12717,CUST_65,PROD_13,1,2026-01-06 18:05:05
12718,CUST_377,PROD_49,3,2025-12-29 13:36:15
12719,CUST_19,PROD_40,5,2026-01-20 12:44:44
12720,CUST_128,PROD_39,1,2026-01-02 02:04:11
12721,CUST_99,PROD_27,1,2026-01-27 00:40:15
12722,CUST_401,PROD_52,3,2026-01-15 22:24:45
12723,CUST_104,PROD_70,5,2026-01-17 04:30:36
12724,CUST_171,PROD_69,3,2025-12-31 23:32:29
12725,CUST_297,PROD_85,2,2026-01-01 01:38:14
12726,CUST_48,PROD_25,1,2026-01-23 00:53:55
12727,CUST_313,PROD_35,4,2026-01-17 02:45:39
12728,CUST_481,PROD_8,2,2026-01-14 22:29:32
12729,CUST_14,PROD_94,2,2026-01-15 02:00:07
12730,CUST_198,PROD_61,3,2026-01-11 06:50:43
12731,CUST_118,PROD_68,4,2026-01-06 11:09:07
12732,CUST_265,PROD_53,4,2026-01-19 18:22:31
12733,CUST_104,PROD_37,2,2026-01-23 05:28:27
12734,CUST_54,PROD_93,4,2026-01-02 10:11:20
12735,CUST_456,PROD_23,1,2026-01-26 12:23:43
12736,CUST_253,PROD_50,1,2026-01-09 20:32:03
12737,CUST_428,PROD_40,3,2026-01-02 20:21:51
12738,CUST_142,PROD_32,2,2026-01-27 11:38:59
12739,CUST_68,PROD_56,1,2026-01-19 03:29:53
12740,CUST_82,PROD_89,1,2026-01-04 18:20:28
12741,CUST_345,PROD_6,2,2026-01-15 11:02:55
12742,CUST_442,PROD_77,1,2026-01-18 11:44:34
12743,CUST_203,PROD_48,4,2026-01-17 02:24:04
12744,CUST_55,PROD_91,1,2026-01-06 22:34:20
12745,CUST_13,PROD_79,2,2025-12-28 19:28:27
12746,CUST_418,PROD_98,2,2026-01-18 04:19:17
12747,CUST_136,PROD_58,4,2026-01-03 11:48:43
12748,CUST_465,PROD_85,3,2026-01-20 01:32:20
12749,CUST_477,PROD_1,1,2025-12-31 07:45:54
12750,CUST_354,PROD_92,3,2026-01-13 11:28:37
12751,CUST_365,PROD_8,4,2026-01-16 14:32:12
12752,CUST_448,PROD_26,1,2026-01-11 19:44:21
12753,CUST_158,PROD_42,1,2026-01-15 07:03:23
12754,CUST_421,PROD_21,5,2026-01-14 14:02:31
12755,CUST_450,PROD_16,1,2025-12-28 21:54:31
12756,CUST_143,PROD_75,4,2026-01-22 15:59:01
12757,CUST_497,PROD_7,1,2026-01-13 13:42:45
12758,CUST_500,PROD_76,4,2025-12-31 20:08:14
12759,CUST_423,PROD_53,1,2026-01-08 13:45:34
12760,CUST_448,PROD_31,4,2026-01-24 01:30:41
12761,CUST_373,PROD_59,4,2026-01-15 00:22:31
12762,CUST_310,PROD_7,1,2026-01-14 13:16:06
12763,CUST_355,PROD_46,3,2026-01-26 16:31:31
12764,CUST_64,PROD_7,3,2026-01-14 14:24:07
12765,CUST_296,PROD_57,2,2026-01-15 07:05:15
12766,CUST_115,PROD_48,1,2026-01-02 01:13:35
12767,CUST_71,PROD_65,2,2026-01-07 03:05:15
12768,CUST_304,PROD_91,2,2026-01-16 23:05:33
12769,CUST_146,PROD_37,4,2026-01-12 06:43:48
12770,CUST_124,PROD_31,2,2026-01-05 02:28:40
12771,CUST_140,PROD_21,1,2026-01-26 04:27:50
12772,CUST_208,PROD_54,5,2026-01-06 10:05:40
12773,CUST_102,PROD_83,2,2026-01-05 01:59:46
12774,CUST_405,PROD_16,3,2026-01-10 07:18:44
12775,CUST_267,PROD_33,4,2025-12-29 16:26:25
12776,CUST_87,PROD_51,2,2026-01-22 06:24:29
12777,CUST_189,PROD_93,4,2025-12-30 23:44:17
12778,CUST_93,PROD_16,2,2025-12-28 23:21:14
12779,CUST_54,PROD_5,5,2026-01-19 02:38:51
12780,CUST_170,PROD_55,4,2026-01-21 06:47:22
12781,CUST_436,PROD_75,2,2026-01-16 01:48:05
12782,CUST_304,PROD_38,4,2026-01-24 01:06:08
12783,CUST_40,PROD_40,5,2026-01-11 19:19:41
12784,CUST_273,PROD_79,5,2026-01-23 02:15:05
12785,CUST_79,PROD_36,3,2026-01-22 01:17:49
12786,CUST_97,PROD_98,1,2026-01-21 06:22:17
12787,CUST_296,PROD_63,3,2026-01-09 03:45:01
12788,CUST_334,PROD_74,4,2026-01-02 12:46:32
12789,CUST_230,PROD_5,3,2026-01-25 01:01:13
12790,CUST_498,PROD_13,3,2026-01-04 02:23:20
12791,CUST_45,PROD_31,4,2025-12-28 23:09:40
12792,CUST_475,PROD_10,5,2026-01-01 19:50:15
12793,CUST_347,PROD_81,1,2026-01-09 07:13:16
12794,CUST_149,PROD_93,2,2026-01-08 01:01:58
12795,CUST_80,PROD_9,3,2026-01-19 21:17:51
12796,CUST_17,PROD_63,2,2026-01-19 16:55:27
12797,CUST_337,PROD_31,4,2026-01-19 10:12:18
12798,CUST_388,PROD_94,4,2026-01-13 04:21:23
12799,CUST_490,PROD_20,3,2026-01-03 19:56:35
12800,CUST_454,PROD_81,1,2026-01-23 14:11:14
12801,CUST_71,PROD_99,4,2026-01-13 01:06:46
12802,CUST_200,PROD_33,5,2026-01-12 01:04:27
12803,CUST_95,PROD_89,5,2026-01-20 07:04:32
12804,CUST_403,PROD_20,4,2026-01-24 23:55:39
12805,CUST_6,PROD_25,1,2026-01-16 08:45:03
12806,CUST_269,PROD_84,2,2026-01-18 08:18:56
12807,CUST_402,PROD_7,4,2026-01-26 00:47:23
12808,CUST_468,PROD_91,3,2026-01-24 17:00:04
12809,CUST_243,PROD_24,3,2026-01-26 06:11:45
12810,CUST_8,PROD_77,5,2026-01-25 19:16:20
12811,CUST_304,PROD_19,2,2025-12-30 22:41:54
12812,CUST_420,PROD_73,1,2026-01-10 22:32:45
12813,CUST_300,PROD_3,5,2026-01-14 21:43:19
12814,CUST_428,PROD_38,4,2025-12-29 20:59:45
12815,CUST_428,PROD_85,1,2026-01-18 15:51:40
12816,CUST_273,PROD_30,1,2026-01-09 14:57:33
12817,CUST_195,PROD_60,5,2025-12-30 08:03:39
12818,CUST_446,PROD_20,2,2026-01-19 08:47:15
12819,CUST_443,PROD_42,3,2026-01-25 07:25:22
12820,CUST_299,PROD_22,2,2026-01-21 01:14:42
12821,CUST_162,PROD_88,1,2026-01-19 01:59:12
12822,CUST_313,PROD_62,3,2026-01-19 01:29:03
12823,CUST_175,PROD_72,3,2026-01-21 06:13:02
12824,CUST_1,PROD_16,2,2026-01-12 05:34:58
12825,CUST_17,PROD_53,4,2026-01-16 05:25:24
12826,CUST_211,PROD_57,5,2026-01-11 05:41:29
12827,CUST_118,PROD_90,1,2026-01-26 02:59:23
12828,CUST_285,PROD_68,5,2026-01-02 20:40:56
12829,CUST_168,PROD_27,5,2026-01-14 06:47:38
12830,CUST_218,PROD_7,3,2026-01-08 18:26:46
12831,CUST_243,PROD_37,4,2026-01-24 17:40:19
12832,CUST_182,PROD_29,4,2026-01-18 03:53:23
12833,CUST_270,PROD_19,3,2026-01-01 11:35:44
12834,CUST_402,PROD_53,2,2026-01-20 10:05:17
12835,CUST_47,PROD_13,1,2026-01-20 08:59:08
12836,CUST_205,PROD_82,4,2026-01-07 16:09:44
12837,CUST_493,PROD_86,3,2026-01-07 23:15:01
12838,CUST_413,PROD_97,1,2026-01-22 03:19:43
12839,CUST_184,PROD_50,1,2026-01-23 18:28:06
12840,CUST_221,PROD_87,5,2026-01-14 00:30:47
12841,CUST_362,PROD_6,4,2026-01-17 04:44:29
12842,CUST_433,PROD_98,3,2025-12-31 03:09:10
12843,CUST_445,PROD_37,1,2026-01-12 23:27:13
12844,CUST_193,PROD_12,1,2026-01-03 04:01:05
12845,CUST_209,PROD_59,1,2025-12-30 08:41:01
12846,CUST_364,PROD_3,3,2026-01-12 18:08:00
12847,CUST_408,PROD_60,1,2026-01-06 14:52:29
12848,CUST_121,PROD_33,4,2026-01-26 16:53:59
12849,CUST_182,PROD_94,3,2026-01-03 06:12:01
12850,CUST_133,PROD_62,2,2026-01-05 02:17:57
12851,CUST_169,PROD_18,5,2026-01-20 06:13:02
12852,CUST_170,PROD_68,2,2026-01-14 04:57:53
12853,CUST_435,PROD_40,3,2025-12-31 12:00:12
12854,CUST_109,PROD_75,2,2026-01-07 11:16:32
12855,CUST_457,PROD_93,1,2026-01-23 14:10:04
12856,CUST_435,PROD_19,5,2026-01-18 08:01:57
12857,CUST_248,PROD_44,3,2026-01-27 07:48:18
12858,CUST_437,PROD_16,4,2026-01-11 04:36:50
12859,CUST_468,PROD_45,1,2026-01-21 13:33:05
12860,CUST_440,PROD_94,1,2026-01-25 06:54:42
12861,CUST_161,PROD_37,2,2025-12-30 22:25:46
12862,CUST_364,PROD_60,2,2026-01-05 16:26:47
12863,CUST_467,PROD_20,5,2026-01-23 14:29:34
12864,CUST_220,PROD_20,1,2026-01-11 21:21:12
12865,CUST_8,PROD_93,1,2026-01-07 12:03:02
12866,CUST_204,PROD_67,1,2026-01-26 00:24:31
12867,CUST_49,PROD_55,5,2026-01-04 21:39:28
12868,CUST_351,PROD_31,1,2026-01-02 23:18:28
12869,CUST_386,PROD_56,5,2026-01-17 18:36:33
12870,CUST_468,PROD_22,3,2026-01-02 13:02:02
12871,CUST_195,PROD_11,5,2026-01-08 11:27:51
12872,CUST_35,PROD_84,1,2026-01-22 19:28:47
12873,CUST_17,PROD_77,4,2026-01-26 20:32:04
12874,CUST_313,PROD_22,3,2026-01-20 11:59:53
12875,CUST_14,PROD_89,2,2026-01-10 04:38:25
12876,CUST_398,PROD_12,2,2026-01-01 08:03:24
12877,CUST_163,PROD_14,5,2026-01-23 07:44:13
12878,CUST_23,PROD_81,5,2026-01-10 17:13:45
12879,CUST_410,PROD_78,2,2025-12-31 06:30:46
12880,CUST_62,PROD_73,5,2026-01-14 02:20:21
12881,CUST_135,PROD_67,2,2026-01-26 11:01:35
12882,CUST_160,PROD_45,2,2026-01-22 20:12:52
12883,CUST_485,PROD_15,5,2025-12-31 10:04:44
12884,CUST_232,PROD_2,4,2026-01-11 17:01:27
12885,CUST_372,PROD_29,5,2026-01-20 22:05:39
12886,CUST_383,PROD_21,5,2026-01-21 06:18:59
12887,CUST_359,PROD_31,2,2026-01-22 23:25:52
12888,CUST_273,PROD_68,4,2026-01-22 07:46:32
12889,CUST_22,PROD_64,2,2026-01-01 07:31:06
12890,CUST_281,PROD_23,3,2026-01-08 23:21:25
12891,CUST_67,PROD_48,2,2026-01-24 07:03:06
12892,CUST_167,PROD_56,5,2026-01-20 04:46:47
12893,CUST_450,PROD_95,3,2026-01-08 13:50:05
12894,CUST_158,PROD_35,1,2026-01-24 04:12:20
12895,CUST_325,PROD_46,4,2026-01-20 11:38:34
12896,CUST_446,PROD_43,5,2026-01-19 11:54:39
12897,CUST_167,PROD_15,4,2026-01-25 00:33:43
12898,CUST_489,PROD_87,4,2026-01-21 17:51:53
12899,CUST_485,PROD_64,3,2026-01-05 12:26:15
12900,CUST_60,PROD_84,5,2026-01-05 13:07:18
12901,CUST_322,PROD_67,3,2025-12-29 10:46:57
12902,CUST_320,PROD_32,2,2026-01-08 06:06:18
12903,CUST_295,PROD_15,1,2026-01-27 07:33:34
12904,CUST_222,PROD_36,5,2026-01-19 17:50:23
12905,CUST_95,PROD_69,3,2025-12-29 02:13:09
12906,CUST_249,PROD_58,3,2026-01-25 20:28:02
12907,CUST_272,PROD_47,1,2025-12-29 23:06:17
12908,CUST_138,PROD_35,5,2026-01-10 16:45:25
12909,CUST_34,PROD_96,4,2025-12-29 07:34:34
12910,CUST_406,PROD_32,4,2026-01-15 19:00:18
12911,CUST_230,PROD_83,4,2026-01-08 20:13:32
12912,CUST_311,PROD_95,2,2026-01-16 20:32:36
12913,CUST_365,PROD_52,3,2026-01-05 01:47:21
12914,CUST_468,PROD_76,1,2026-01-06 06:44:40
12915,CUST_167,PROD_49,3,2026-01-24 01:36:09
12916,CUST_95,PROD_77,4,2026-01-10 23:25:38
12917,CUST_84,PROD_54,5,2026-01-08 02:34:21
12918,CUST_48,PROD_98,5,2025-12-30 14:42:36
12919,CUST_73,PROD_82,3,2026-01-01 22:01:35
12920,CUST_163,PROD_74,1,2026-01-23 06:56:25
12921,CUST_264,PROD_41,5,2026-01-27 02:15:39
12922,CUST_336,PROD_37,5,2026-01-07 09:14:34
12923,CUST_269,PROD_6,1,2026-01-15 16:32:50
12924,CUST_260,PROD_79,2,2025-12-28 19:48:01
12925,CUST_143,PROD_57,2,2026-01-17 12:00:00
12926,CUST_122,PROD_23,3,2026-01-19 17:13:41
12927,CUST_195,PROD_35,2,2026-01-03 11:46:44
12928,CUST_146,PROD_38,2,2026-01-26 17:21:35
12929,CUST_485,PROD_65,1,2026-01-20 19:40:43
12930,CUST_242,PROD_97,2,2026-01-26 14:24:41
12931,CUST_150,PROD_67,5,2026-01-20 05:05:20
12932,CUST_236,PROD_81,2,2026-01-17 12:00:57
12933,CUST_23,PROD_90,4,2026-01-23 20:33:22
12934,CUST_287,PROD_67,5,2026-01-07 18:45:44
12935,CUST_461,PROD_8,1,2026-01-14 21:12:29
12936,CUST_250,PROD_96,3,2026-01-12 15:06:05
12937,CUST_79,PROD_45,2,2026-01-06 09:26:42
12938,CUST_318,PROD_23,4,2026-01-17 18:28:35
12939,CUST_422,PROD_17,2,2026-01-13 07:25:13
12940,CUST_179,PROD_10,5,2026-01-14 07:22:32
12941,CUST_425,PROD_6,5,2026-01-22 07:55:48
12942,CUST_62,PROD_85,5,2025-12-31 09:49:56
12943,CUST_150,PROD_26,2,2025-12-30 14:14:41
12944,CUST_125,PROD_18,3,2026-01-16 03:29:25
12945,CUST_438,PROD_3,4,2026-01-26 22:30:19
12946,CUST_232,PROD_25,4,2026-01-14 11:01:03
12947,CUST_432,PROD_99,1,2026-01-20 15:49:59
12948,CUST_398,PROD_51,5,2026-01-19 03:49:16
12949,CUST_442,PROD_82,1,2026-01-19 18:24:47
12950,CUST_294,PROD_62,1,2026-01-17 06:46:51
12951,CUST_413,PROD_79,2,2026-01-07 00:10:30
12952,CUST_487,PROD_74,5,2026-01-13 14:26:47
12953,CUST_243,PROD_11,1,2026-01-07 22:08:31
12954,CUST_344,PROD_53,4,2026-01-07 17:56:52
12955,CUST_497,PROD_74,3,2026-01-03 14:16:30
12956,CUST_17,PROD_58,4,2026-01-25 07:09:02
12957,CUST_80,PROD_18,2,2026-01-25 08:08:19
12958,CUST_425,PROD_49,4,2025-12-30 14:06:25
12959,CUST_344,PROD_68,1,2026-01-17 14:02:03
12960,CUST_344,PROD_56,5,2026-01-24 21:58:38
12961,CUST_225,PROD_23,3,2026-01-23 21:07:46
12962,CUST_386,PROD_80,4,2026-01-17 01:23:29
12963,CUST_472,PROD_94,1,2026-01-19 17:11:09
12964,CUST_267,PROD_38,1,2026-01-15 08:22:00
12965,CUST_355,PROD_41,4,2026-01-07 22:11:04
12966,CUST_303,PROD_55,1,2026-01-11 15:24:38
12967,CUST_141,PROD_76,1,2026-01-23 08:20:59
12968,CUST_153,PROD_100,1,2025-12-31 19:15:54
12969,CUST_168,PROD_2,5,2026-01-27 17:31:41
12970,CUST_363,PROD_56,5,2026-01-01 16:58:50
12971,CUST_43,PROD_20,4,2026-01-19 16:59:01
12972,CUST_466,PROD_4,3,2025-12-31 12:28:53
12973,CUST_147,PROD_26,3,2026-01-25 04:03:55
12974,CUST_399,PROD_79,2,2026-01-27 14:59:41
12975,CUST_332,PROD_86,2,2026-01-10 18:20:49
12976,CUST_371,PROD_73,3,2026-01-01 10:46:15
12977,CUST_415,PROD_49,4,2026-01-20 23:19:58
12978,CUST_240,PROD_47,4,2026-01-23 15:32:53
12979,CUST_264,PROD_61,3,2026-01-14 01:57:18
12980,CUST_277,PROD_24,3,2026-01-07 13:08:57
12981,CUST_315,PROD_58,2,2026-01-04 05:10:43
12982,CUST_433,PROD_50,2,2026-01-18 15:53:34
12983,CUST_423,PROD_62,1,2026-01-14 13:39:03
12984,CUST_255,PROD_90,5,2026-01-04 06:16:31
12985,CUST_241,PROD_43,2,2026-01-16 18:38:36
12986,CUST_392,PROD_65,3,2026-01-19 06:58:43
12987,CUST_396,PROD_20,3,2026-01-08 14:14:19
12988,CUST_207,PROD_1,1,2026-01-20 16:26:20
12989,CUST_131,PROD_36,2,2026-01-25 19:53:41
12990,CUST_301,PROD_54,2,2026-01-07 02:06:49
12991,CUST_158,PROD_88,4,2026-01-14 00:48:57
12992,CUST_348,PROD_55,2,2026-01-15 11:05:55
12993,CUST_202,PROD_19,4,2026-01-24 08:09:34
12994,CUST_129,PROD_29,3,2026-01-19 17:16:29
12995,CUST_375,PROD_11,5,2026-01-17 02:52:00
12996,CUST_123,PROD_82,4,2026-01-12 02:20:22
12997,CUST_484,PROD_89,1,2026-01-10 21:13:29
12998,CUST_296,PROD_84,1,2026-01-07 14:12:40
12999,CUST_68,PROD_93,1,2026-01-16 20:17:30
13000,CUST_484,PROD_73,2,2026-01-04 16:48:32
13001,CUST_489,PROD_31,4,2026-01-23 09:36:27
13002,CUST_240,PROD_94,2,2026-01-12 07:50:11
13003,CUST_479,PROD_63,2,2026-01-02 23:15:04
13004,CUST_355,PROD_34,3,2026-01-24 06:23:18
13005,CUST_176,PROD_25,3,2026-01-01 00:18:45
13006,CUST_222,PROD_60,2,2026-01-04 18:40:57
13007,CUST_439,PROD_40,1,2026-01-19 09:12:47
13008,CUST_290,PROD_64,5,2026-01-21 18:01:06
13009,CUST_42,PROD_25,2,2025-12-31 05:46:43
13010,CUST_120,PROD_70,3,2026-01-25 04:19:34
13011,CUST_11,PROD_63,4,2026-01-25 17:10:03
13012,CUST_5,PROD_5,5,2026-01-13 05:06:07
13013,CUST_418,PROD_29,4,2026-01-11 00:36:09
13014,CUST_414,PROD_38,5,2026-01-19 16:58:50
13015,CUST_446,PROD_49,4,2026-01-10 05:33:10
13016,CUST_380,PROD_48,4,2026-01-14 06:09:49
13017,CUST_444,PROD_68,3,2026-01-09 02:31:43
13018,CUST_338,PROD_18,2,2026-01-25 14:55:37
13019,CUST_410,PROD_20,3,2025-12-30 17:32:55
13020,CUST_230,PROD_58,5,2026-01-27 03:33:18
13021,CUST_365,PROD_9,1,2026-01-24 06:37:55
13022,CUST_490,PROD_40,3,2026-01-23 05:22:21
13023,CUST_241,PROD_26,3,2026-01-07 23:35:02
13024,CUST_66,PROD_14,2,2026-01-03 22:28:50
13025,CUST_59,PROD_13,5,2026-01-07 22:30:10
13026,CUST_442,PROD_86,3,2026-01-01 00:24:26
13027,CUST_193,PROD_61,2,2026-01-08 04:31:49
13028,CUST_241,PROD_48,1,2025-12-31 11:26:34
13029,CUST_244,PROD_94,1,2026-01-18 21:22:21
13030,CUST_436,PROD_66,1,2026-01-20 00:10:39
13031,CUST_147,PROD_57,5,2026-01-07 19:48:12
13032,CUST_397,PROD_17,4,2026-01-26 16:09:46
13033,CUST_40,PROD_60,5,2026-01-26 01:10:56
13034,CUST_141,PROD_24,2,2026-01-25 07:25:20
13035,CUST_161,PROD_71,4,2026-01-01 08:49:23
13036,CUST_154,PROD_23,4,2026-01-08 03:21:24
13037,CUST_410,PROD_5,5,2026-01-14 12:34:05
13038,CUST_180,PROD_48,3,2026-01-11 16:03:02
13039,CUST_175,PROD_39,5,2026-01-17 18:55:19
13040,CUST_297,PROD_67,1,2026-01-24 11:40:20
13041,CUST_82,PROD_33,4,2026-01-27 16:28:30
13042,CUST_13,PROD_75,5,2026-01-14 05:22:18
13043,CUST_64,PROD_90,5,2026-01-27 18:02:39
13044,CUST_442,PROD_41,1,2025-12-29 16:26:39
13045,CUST_394,PROD_79,4,2026-01-18 13:54:17
13046,CUST_91,PROD_75,5,2026-01-02 06:32:19
13047,CUST_355,PROD_82,5,2025-12-30 07:07:21
13048,CUST_348,PROD_14,5,2026-01-25 15:45:09
13049,CUST_19,PROD_17,2,2026-01-09 18:09:12
13050,CUST_210,PROD_63,5,2026-01-22 18:49:39
13051,CUST_462,PROD_24,2,2026-01-24 19:29:03
13052,CUST_178,PROD_67,1,2026-01-03 16:19:11
13053,CUST_283,PROD_44,3,2026-01-17 09:06:15
13054,CUST_289,PROD_17,3,2026-01-10 12:57:36
13055,CUST_300,PROD_90,4,2025-12-29 14:29:00
13056,CUST_460,PROD_26,2,2025-12-30 13:19:40
13057,CUST_313,PROD_55,5,2026-01-08 14:20:16
13058,CUST_452,PROD_52,5,2025-12-31 18:32:36
13059,CUST_104,PROD_9,4,2026-01-07 12:55:44
13060,CUST_440,PROD_86,2,2026-01-21 18:59:36
13061,CUST_208,PROD_53,1,2026-01-08 11:48:45
13062,CUST_450,PROD_15,3,2026-01-09 09:27:26
13063,CUST_330,PROD_97,1,2026-01-10 17:11:15
13064,CUST_85,PROD_31,5,2026-01-03 17:00:32
13065,CUST_221,PROD_91,1,2026-01-04 03:57:11
13066,CUST_473,PROD_32,3,2026-01-10 05:59:26
13067,CUST_304,PROD_4,3,2026-01-19 11:17:08
13068,CUST_304,PROD_1,1,2026-01-04 23:15:54
13069,CUST_396,PROD_23,3,2026-01-25 23:57:57
13070,CUST_133,PROD_30,4,2026-01-12 06:57:24
13071,CUST_241,PROD_34,5,2026-01-08 09:03:54
13072,CUST_331,PROD_49,5,2026-01-25 23:27:29
13073,CUST_400,PROD_1,2,2026-01-12 12:50:05
13074,CUST_211,PROD_49,1,2026-01-25 09:25:30
13075,CUST_167,PROD_30,5,2026-01-02 05:14:38
13076,CUST_264,PROD_15,4,2026-01-01 20:57:53
13077,CUST_28,PROD_29,2,2026-01-24 00:32:28
13078,CUST_137,PROD_49,2,2026-01-25 22:33:56
13079,CUST_283,PROD_46,5,2025-12-29 15:15:37
13080,CUST_492,PROD_97,4,2026-01-16 17:42:54
13081,CUST_335,PROD_9,4,2026-01-26 22:54:48
13082,CUST_27,PROD_79,1,2026-01-27 18:13:13
13083,CUST_321,PROD_26,3,2026-01-25 21:34:29
13084,CUST_207,PROD_80,4,2026-01-24 20:20:03
13085,CUST_442,PROD_82,4,2026-01-12 13:30:26
13086,CUST_210,PROD_60,2,2026-01-12 21:01:58
13087,CUST_268,PROD_25,5,2025-12-31 04:11:35
13088,CUST_284,PROD_18,3,2026-01-11 03:40:07
13089,CUST_476,PROD_84,2,2026-01-03 04:38:07
13090,CUST_433,PROD_33,3,2026-01-08 17:44:23
13091,CUST_483,PROD_53,4,2026-01-13 16:50:34
13092,CUST_346,PROD_91,3,2026-01-09 13:29:17
13093,CUST_163,PROD_54,3,2026-01-09 06:28:56
13094,CUST_376,PROD_53,3,2026-01-10 02:13:57
13095,CUST_409,PROD_10,2,2026-01-11 03:58:16
13096,CUST_291,PROD_6,3,2026-01-08 07:15:08
13097,CUST_186,PROD_31,5,2026-01-10 15:41:44
13098,CUST_175,PROD_31,4,2025-12-29 02:07:29
13099,CUST_16,PROD_24,5,2026-01-02 09:42:29
13100,CUST_426,PROD_90,1,2025-12-31 22:20:03
13101,CUST_486,PROD_71,4,2026-01-21 20:37:51
13102,CUST_265,PROD_28,3,2026-01-16 12:09:59
13103,CUST_44,PROD_25,5,2026-01-12 16:26:48
13104,CUST_123,PROD_16,3,2026-01-27 05:16:59
13105,CUST_296,PROD_49,4,2026-01-01 13:31:54
13106,CUST_478,PROD_30,5,2026-01-17 23:07:33
13107,CUST_162,PROD_78,3,2026-01-13 11:45:36
13108,CUST_320,PROD_31,2,2025-12-31 18:52:52
13109,CUST_170,PROD_97,4,2026-01-22 03:50:10
13110,CUST_434,PROD_61,4,2025-12-30 02:42:49
13111,CUST_175,PROD_31,4,2026-01-16 01:09:38
13112,CUST_425,PROD_6,2,2026-01-08 03:12:38
13113,CUST_325,PROD_33,5,2025-12-30 06:49:28
13114,CUST_6,PROD_15,5,2025-12-30 02:12:41
13115,CUST_450,PROD_44,3,2026-01-02 06:55:59
13116,CUST_438,PROD_88,5,2026-01-14 03:30:17
13117,CUST_321,PROD_85,1,2026-01-04 20:07:24
13118,CUST_275,PROD_54,3,2026-01-03 22:58:49
13119,CUST_162,PROD_44,2,2026-01-10 23:19:44
13120,CUST_441,PROD_36,5,2026-01-06 23:02:42
13121,CUST_135,PROD_44,5,2026-01-07 00:42:11
13122,CUST_60,PROD_98,4,2026-01-09 03:05:03
13123,CUST_203,PROD_27,1,2026-01-04 03:51:52
13124,CUST_270,PROD_42,1,2026-01-09 17:04:38
13125,CUST_357,PROD_20,1,2026-01-11 07:21:58
13126,CUST_74,PROD_36,2,2026-01-05 17:32:55
13127,CUST_117,PROD_63,5,2026-01-17 02:19:12
13128,CUST_352,PROD_99,4,2026-01-24 23:29:18
13129,CUST_418,PROD_73,1,2026-01-08 05:56:36
13130,CUST_179,PROD_69,1,2026-01-14 16:25:30
13131,CUST_82,PROD_42,1,2026-01-03 11:04:01
13132,CUST_126,PROD_37,3,2026-01-23 02:06:14
13133,CUST_231,PROD_97,4,2026-01-03 08:28:53
13134,CUST_296,PROD_35,1,2026-01-04 21:39:02
13135,CUST_106,PROD_18,1,2026-01-02 16:08:16
13136,CUST_117,PROD_20,4,2026-01-01 15:41:58
13137,CUST_95,PROD_75,1,2026-01-06 00:50:18
13138,CUST_122,PROD_32,5,2026-01-27 14:05:19
13139,CUST_390,PROD_24,4,2026-01-07 22:23:56
13140,CUST_222,PROD_48,3,2026-01-08 09:39:26
13141,CUST_381,PROD_9,5,2025-12-31 01:46:27
13142,CUST_484,PROD_72,2,2026-01-05 20:11:55
13143,CUST_296,PROD_33,1,2026-01-02 00:17:38
13144,CUST_229,PROD_53,3,2026-01-14 23:07:26
13145,CUST_9,PROD_68,3,2026-01-10 23:58:17
13146,CUST_99,PROD_14,3,2026-01-20 19:36:26
13147,CUST_471,PROD_50,1,2026-01-05 12:38:15
13148,CUST_440,PROD_71,3,2025-12-29 09:13:25
13149,CUST_174,PROD_48,3,2026-01-25 12:32:20
13150,CUST_309,PROD_17,1,2026-01-01 14:22:36
13151,CUST_75,PROD_76,5,2026-01-05 12:37:37
13152,CUST_271,PROD_40,1,2026-01-25 07:38:12
13153,CUST_66,PROD_100,1,2026-01-23 20:03:31
13154,CUST_26,PROD_18,2,2025-12-30 17:23:02
13155,CUST_126,PROD_92,3,2026-01-02 17:31:20
13156,CUST_249,PROD_94,3,2026-01-16 08:41:17
13157,CUST_26,PROD_8,5,2026-01-05 11:38:55
13158,CUST_282,PROD_60,4,2026-01-15 18:51:54
13159,CUST_20,PROD_83,4,2025-12-29 20:44:47
13160,CUST_371,PROD_57,2,2026-01-21 07:15:05
13161,CUST_142,PROD_3,5,2026-01-24 19:19:37
13162,CUST_381,PROD_95,3,2026-01-21 10:26:51
13163,CUST_355,PROD_62,3,2025-12-30 21:09:58
13164,CUST_479,PROD_18,3,2026-01-06 06:32:54
13165,CUST_95,PROD_82,4,2025-12-30 09:10:23
13166,CUST_266,PROD_26,5,2026-01-23 15:18:57
13167,CUST_88,PROD_35,4,2026-01-23 05:47:14
13168,CUST_239,PROD_46,5,2026-01-21 14:22:42
13169,CUST_403,PROD_35,1,2026-01-17 00:43:01
13170,CUST_153,PROD_82,1,2026-01-21 08:59:58
13171,CUST_285,PROD_16,2,2026-01-23 08:28:27
13172,CUST_469,PROD_4,1,2026-01-15 11:10:32
13173,CUST_196,PROD_37,2,2026-01-10 00:42:37
13174,CUST_32,PROD_52,4,2026-01-20 14:59:22
13175,CUST_154,PROD_98,3,2025-12-31 13:37:14
13176,CUST_100,PROD_11,5,2026-01-22 13:48:21
13177,CUST_253,PROD_69,5,2026-01-26 17:55:13
13178,CUST_44,PROD_5,5,2026-01-21 19:54:43
13179,CUST_77,PROD_67,3,2026-01-03 17:42:12
13180,CUST_245,PROD_53,2,2026-01-18 09:53:26
13181,CUST_218,PROD_98,1,2025-12-31 17:47:56
13182,CUST_442,PROD_3,4,2026-01-25 02:01:08
13183,CUST_126,PROD_30,3,2026-01-22 22:30:32
13184,CUST_498,PROD_43,1,2026-01-07 07:06:54
13185,CUST_377,PROD_53,5,2025-12-31 04:50:36
13186,CUST_85,PROD_35,3,2026-01-20 13:42:30
13187,CUST_53,PROD_45,3,2026-01-14 04:33:18
13188,CUST_413,PROD_91,5,2026-01-09 02:59:12
13189,CUST_104,PROD_45,2,2026-01-03 02:32:04
13190,CUST_238,PROD_75,3,2026-01-16 19:45:46
13191,CUST_195,PROD_48,5,2025-12-28 18:55:15
13192,CUST_14,PROD_58,2,2026-01-04 17:37:59
13193,CUST_230,PROD_1,2,2025-12-30 18:10:09
13194,CUST_495,PROD_50,4,2026-01-25 11:36:53
13195,CUST_64,PROD_37,2,2026-01-10 05:17:58
13196,CUST_264,PROD_28,3,2026-01-17 10:23:57
13197,CUST_422,PROD_17,1,2026-01-21 04:33:39
13198,CUST_191,PROD_9,4,2026-01-03 11:22:51
13199,CUST_169,PROD_16,3,2026-01-13 23:06:52
13200,CUST_239,PROD_1,1,2026-01-04 01:10:12
13201,CUST_337,PROD_93,4,2025-12-31 05:07:28
13202,CUST_137,PROD_85,5,2026-01-17 11:05:35
13203,CUST_427,PROD_30,5,2026-01-13 03:48:30
13204,CUST_306,PROD_81,2,2026-01-10 03:02:49
13205,CUST_189,PROD_62,1,2026-01-27 15:43:09
13206,CUST_393,PROD_69,4,2026-01-01 13:47:53
13207,CUST_316,PROD_18,1,2025-12-30 12:27:34
13208,CUST_225,PROD_9,3,2026-01-26 09:27:24
13209,CUST_239,PROD_99,1,2026-01-12 17:10:53
13210,CUST_329,PROD_74,4,2026-01-22 19:41:08
13211,CUST_81,PROD_40,4,2026-01-14 00:03:34
13212,CUST_151,PROD_30,1,2025-12-31 22:15:18
13213,CUST_495,PROD_79,5,2026-01-16 01:52:02
13214,CUST_226,PROD_33,3,2026-01-15 14:57:47
13215,CUST_297,PROD_9,3,2026-01-09 10:41:05
13216,CUST_498,PROD_70,4,2026-01-04 23:10:46
13217,CUST_344,PROD_76,1,2026-01-05 23:17:44
13218,CUST_134,PROD_90,2,2025-12-31 06:22:30
13219,CUST_230,PROD_86,4,2026-01-06 18:33:30
13220,CUST_467,PROD_5,1,2026-01-12 21:27:52
13221,CUST_173,PROD_31,1,2026-01-19 16:22:18
13222,CUST_413,PROD_4,2,2026-01-25 09:22:20
13223,CUST_53,PROD_7,1,2026-01-24 09:16:12
13224,CUST_341,PROD_93,2,2026-01-02 14:45:54
13225,CUST_304,PROD_16,1,2026-01-21 14:01:42
13226,CUST_420,PROD_6,4,2026-01-12 18:05:25
13227,CUST_253,PROD_97,1,2026-01-13 05:54:49
13228,CUST_416,PROD_5,2,2026-01-14 23:01:24
13229,CUST_448,PROD_21,3,2026-01-15 04:47:26
13230,CUST_421,PROD_90,3,2025-12-31 18:52:55
13231,CUST_92,PROD_88,5,2026-01-05 18:53:14
13232,CUST_239,PROD_24,3,2025-12-28 19:53:10
13233,CUST_387,PROD_67,2,2026-01-12 14:29:23
13234,CUST_257,PROD_14,5,2026-01-07 22:46:05
13235,CUST_311,PROD_35,5,2026-01-03 20:52:55
13236,CUST_22,PROD_97,1,2026-01-06 00:12:44
13237,CUST_185,PROD_3,5,2026-01-22 03:58:02
13238,CUST_247,PROD_18,3,2026-01-01 07:51:35
13239,CUST_379,PROD_93,3,2026-01-15 14:08:39
13240,CUST_401,PROD_88,4,2026-01-02 15:49:24
13241,CUST_64,PROD_44,4,2026-01-12 01:52:14
13242,CUST_208,PROD_22,1,2026-01-05 23:12:03
13243,CUST_224,PROD_80,2,2025-12-30 18:37:47
13244,CUST_51,PROD_69,2,2026-01-07 23:27:36
13245,CUST_397,PROD_50,4,2026-01-27 05:58:19
13246,CUST_160,PROD_21,4,2026-01-12 06:16:27
13247,CUST_197,PROD_92,4,2026-01-20 10:08:27
13248,CUST_224,PROD_35,2,2025-12-31 00:33:23
13249,CUST_136,PROD_38,1,2026-01-11 12:06:29
13250,CUST_39,PROD_5,3,2026-01-07 03:11:05
13251,CUST_407,PROD_62,5,2026-01-01 04:49:17
13252,CUST_397,PROD_41,2,2026-01-16 02:50:25
13253,CUST_250,PROD_40,5,2026-01-14 07:00:43
13254,CUST_223,PROD_66,1,2026-01-07 15:28:49
13255,CUST_68,PROD_92,2,2025-12-30 23:16:23
13256,CUST_192,PROD_12,3,2025-12-31 13:16:09
13257,CUST_320,PROD_27,1,2026-01-10 12:22:32
13258,CUST_323,PROD_4,1,2026-01-13 23:58:20
13259,CUST_45,PROD_53,3,2026-01-17 03:10:30
13260,CUST_167,PROD_98,2,2026-01-08 15:23:53
13261,CUST_380,PROD_12,5,2026-01-25 13:04:14
13262,CUST_290,PROD_37,1,2026-01-01 10:35:56
13263,CUST_250,PROD_50,5,2025-12-31 06:15:04
13264,CUST_345,PROD_95,3,2026-01-13 05:25:41
13265,CUST_407,PROD_99,4,2026-01-03 22:30:35
13266,CUST_84,PROD_42,1,2026-01-03 18:56:17
13267,CUST_409,PROD_41,4,2026-01-07 10:24:40
13268,CUST_44,PROD_10,1,2026-01-24 00:22:51
13269,CUST_308,PROD_33,4,2026-01-06 12:36:26
13270,CUST_195,PROD_25,2,2026-01-02 10:38:59
13271,CUST_227,PROD_93,1,2026-01-14 08:08:59
13272,CUST_482,PROD_96,1,2026-01-08 17:51:22
13273,CUST_236,PROD_61,2,2026-01-19 03:35:59
13274,CUST_351,PROD_29,1,2026-01-09 19:34:15
13275,CUST_394,PROD_2,5,2026-01-12 06:57:46
13276,CUST_180,PROD_14,2,2026-01-04 08:46:10
13277,CUST_225,PROD_97,3,2026-01-19 08:12:22
13278,CUST_307,PROD_35,5,2026-01-22 23:43:47
13279,CUST_92,PROD_85,4,2025-12-31 14:54:29
13280,CUST_157,PROD_49,5,2026-01-18 11:36:39
13281,CUST_2,PROD_29,1,2026-01-09 23:18:26
13282,CUST_193,PROD_67,4,2026-01-10 02:30:12
13283,CUST_253,PROD_31,3,2026-01-25 06:56:53
13284,CUST_221,PROD_95,4,2026-01-20 16:40:22
13285,CUST_310,PROD_24,5,2026-01-25 12:38:17
13286,CUST_255,PROD_80,5,2026-01-21 03:21:05
13287,CUST_120,PROD_33,1,2026-01-26 11:26:15
13288,CUST_473,PROD_9,5,2026-01-19 03:18:55
13289,CUST_239,PROD_97,3,2025-12-28 21:58:45
13290,CUST_387,PROD_73,1,2026-01-27 13:16:54
13291,CUST_429,PROD_41,4,2026-01-07 16:51:43
13292,CUST_152,PROD_69,3,2026-01-08 14:56:21
13293,CUST_328,PROD_19,1,2026-01-22 11:01:44
13294,CUST_33,PROD_56,5,2025-12-31 06:39:41
13295,CUST_460,PROD_85,3,2026-01-18 03:31:46
13296,CUST_47,PROD_64,3,2026-01-20 11:18:19
13297,CUST_420,PROD_54,3,2026-01-18 00:27:42
13298,CUST_43,PROD_98,5,2026-01-12 18:57:47
13299,CUST_341,PROD_88,1,2026-01-18 05:08:26
13300,CUST_492,PROD_55,1,2026-01-05 14:17:14
13301,CUST_423,PROD_41,5,2026-01-25 14:57:09
13302,CUST_35,PROD_86,1,2026-01-10 03:45:48
13303,CUST_40,PROD_17,3,2026-01-21 12:29:42
13304,CUST_205,PROD_54,5,2026-01-09 15:41:26
13305,CUST_61,PROD_22,1,2026-01-04 20:22:54
13306,CUST_194,PROD_36,1,2026-01-11 09:46:07
13307,CUST_378,PROD_5,1,2026-01-10 17:47:15
13308,CUST_199,PROD_29,3,2026-01-23 09:46:59
13309,CUST_148,PROD_65,2,2026-01-12 01:16:10
13310,CUST_147,PROD_49,4,2026-01-19 03:21:28
13311,CUST_440,PROD_57,2,2026-01-08 18:06:06
13312,CUST_386,PROD_60,2,2026-01-22 03:47:17
13313,CUST_275,PROD_92,4,2026-01-10 06:49:50
13314,CUST_98,PROD_33,5,2026-01-16 07:35:27
13315,CUST_87,PROD_89,5,2026-01-05 12:28:22
13316,CUST_152,PROD_93,5,2026-01-20 18:41:11
13317,CUST_51,PROD_6,4,2026-01-11 02:33:08
13318,CUST_122,PROD_4,3,2026-01-16 19:54:16
13319,CUST_276,PROD_29,5,2026-01-10 04:30:42
13320,CUST_132,PROD_85,2,2026-01-06 04:21:33
13321,CUST_263,PROD_53,5,2026-01-23 01:31:02
13322,CUST_387,PROD_97,2,2025-12-31 07:58:06
13323,CUST_249,PROD_89,3,2026-01-10 01:07:53
13324,CUST_302,PROD_22,4,2026-01-02 19:42:32
13325,CUST_478,PROD_76,1,2026-01-13 08:55:09
13326,CUST_353,PROD_48,2,2026-01-13 08:10:20
13327,CUST_357,PROD_84,3,2026-01-17 05:40:01
13328,CUST_470,PROD_6,2,2026-01-08 21:50:31
13329,CUST_297,PROD_17,1,2026-01-08 20:40:07
13330,CUST_160,PROD_85,2,2026-01-17 00:27:02
13331,CUST_383,PROD_40,3,2026-01-19 20:24:03
13332,CUST_455,PROD_37,4,2026-01-19 17:28:05
13333,CUST_438,PROD_90,2,2026-01-08 18:35:35
13334,CUST_482,PROD_2,3,2025-12-30 11:01:26
13335,CUST_415,PROD_69,2,2026-01-12 17:57:17
13336,CUST_167,PROD_65,3,2026-01-13 23:35:37
13337,CUST_395,PROD_7,1,2026-01-12 19:37:42
13338,CUST_38,PROD_83,1,2026-01-27 12:05:07
13339,CUST_303,PROD_44,4,2026-01-19 10:43:54
13340,CUST_301,PROD_51,1,2025-12-31 15:49:15
13341,CUST_228,PROD_57,4,2026-01-14 02:41:06
13342,CUST_445,PROD_63,2,2026-01-17 09:15:14
13343,CUST_496,PROD_19,1,2026-01-11 03:23:30
13344,CUST_435,PROD_65,5,2026-01-09 09:10:00
13345,CUST_334,PROD_1,5,2026-01-17 21:21:32
13346,CUST_499,PROD_41,1,2026-01-02 16:59:48
13347,CUST_400,PROD_12,4,2026-01-11 21:55:06
13348,CUST_413,PROD_68,5,2026-01-19 04:38:31
13349,CUST_79,PROD_85,5,2026-01-26 23:39:49
13350,CUST_113,PROD_3,4,2026-01-18 13:42:07
13351,CUST_208,PROD_46,2,2026-01-24 01:12:34
13352,CUST_133,PROD_89,1,2026-01-23 22:10:34
13353,CUST_224,PROD_24,2,2026-01-17 08:30:35
13354,CUST_392,PROD_73,4,2026-01-07 09:27:06
13355,CUST_97,PROD_26,4,2026-01-15 14:59:55
13356,CUST_26,PROD_7,1,2026-01-17 08:31:24
13357,CUST_192,PROD_55,3,2026-01-19 11:06:28
13358,CUST_446,PROD_60,3,2026-01-11 18:41:58
13359,CUST_292,PROD_48,1,2026-01-16 16:12:27
13360,CUST_404,PROD_94,4,2026-01-20 03:32:37
13361,CUST_253,PROD_61,4,2026-01-11 05:13:05
13362,CUST_37,PROD_19,4,2026-01-02 15:49:41
13363,CUST_20,PROD_90,4,2026-01-16 15:33:22
13364,CUST_115,PROD_29,3,2026-01-06 04:05:54
13365,CUST_246,PROD_54,3,2026-01-27 01:48:23
13366,CUST_439,PROD_28,4,2025-12-30 19:59:08
13367,CUST_147,PROD_57,1,2026-01-14 08:16:48
13368,CUST_469,PROD_35,3,2026-01-07 21:43:48
13369,CUST_383,PROD_62,5,2025-12-29 19:26:37
13370,CUST_270,PROD_54,4,2026-01-25 14:44:11
13371,CUST_133,PROD_94,2,2026-01-16 16:05:52
13372,CUST_124,PROD_90,3,2026-01-12 23:38:14
13373,CUST_58,PROD_55,5,2026-01-02 10:36:26
13374,CUST_270,PROD_22,5,2026-01-19 00:32:58
13375,CUST_280,PROD_77,3,2026-01-20 04:12:33
13376,CUST_444,PROD_74,4,2026-01-17 15:34:18
13377,CUST_341,PROD_88,3,2026-01-14 14:40:10
13378,CUST_418,PROD_43,5,2026-01-21 08:57:24
13379,CUST_92,PROD_36,4,2026-01-09 18:49:15
13380,CUST_244,PROD_89,2,2025-12-31 21:45:51
13381,CUST_79,PROD_98,4,2025-12-30 20:16:03
13382,CUST_340,PROD_42,5,2026-01-19 12:12:14
13383,CUST_107,PROD_16,5,2026-01-19 21:53:36
13384,CUST_68,PROD_4,1,2026-01-26 13:42:04
13385,CUST_420,PROD_32,4,2026-01-22 19:23:32
13386,CUST_281,PROD_41,5,2026-01-24 00:40:49
13387,CUST_466,PROD_60,3,2026-01-17 21:21:47
13388,CUST_228,PROD_43,4,2026-01-11 19:18:12
13389,CUST_146,PROD_99,4,2026-01-16 23:55:27
13390,CUST_484,PROD_36,4,2026-01-02 08:40:33
13391,CUST_15,PROD_33,1,2025-12-30 01:23:58
13392,CUST_183,PROD_37,4,2026-01-08 15:46:18
13393,CUST_490,PROD_88,1,2026-01-07 04:11:10
13394,CUST_369,PROD_34,4,2025-12-28 19:45:42
13395,CUST_213,PROD_11,3,2026-01-04 14:22:15
13396,CUST_140,PROD_98,2,2026-01-04 01:50:42
13397,CUST_408,PROD_60,3,2026-01-16 06:38:25
13398,CUST_232,PROD_37,5,2026-01-01 03:21:59
13399,CUST_5,PROD_59,1,2026-01-07 07:31:54
13400,CUST_414,PROD_90,5,2026-01-19 23:30:16
13401,CUST_282,PROD_16,2,2026-01-24 20:20:45
13402,CUST_422,PROD_79,4,2026-01-02 05:03:20
13403,CUST_344,PROD_19,2,2025-12-29 12:28:13
13404,CUST_475,PROD_2,4,2026-01-17 16:27:42
13405,CUST_315,PROD_47,5,2026-01-02 18:40:20
13406,CUST_14,PROD_36,5,2026-01-15 15:56:04
13407,CUST_207,PROD_92,5,2026-01-26 04:21:02
13408,CUST_62,PROD_31,3,2026-01-11 15:17:48
13409,CUST_337,PROD_73,4,2026-01-19 12:27:15
13410,CUST_62,PROD_58,5,2026-01-15 09:31:03
13411,CUST_340,PROD_5,1,2026-01-10 12:00:04
13412,CUST_189,PROD_73,4,2025-12-29 23:23:38
13413,CUST_290,PROD_80,2,2026-01-27 01:08:44
13414,CUST_209,PROD_77,1,2026-01-11 21:55:00
13415,CUST_438,PROD_59,4,2026-01-12 12:18:54
13416,CUST_378,PROD_72,2,2026-01-08 09:09:54
13417,CUST_270,PROD_70,3,2026-01-26 16:39:45
13418,CUST_368,PROD_63,5,2026-01-26 22:44:27
13419,CUST_64,PROD_57,4,2026-01-20 00:14:04
13420,CUST_135,PROD_27,5,2026-01-02 12:20:55
13421,CUST_430,PROD_29,5,2026-01-25 17:51:14
13422,CUST_112,PROD_72,1,2026-01-05 02:58:15
13423,CUST_195,PROD_82,2,2026-01-03 11:18:52
13424,CUST_98,PROD_69,4,2026-01-06 16:57:19
13425,CUST_169,PROD_68,5,2026-01-19 23:22:58
13426,CUST_296,PROD_74,2,2025-12-29 16:11:16
13427,CUST_317,PROD_20,3,2026-01-25 06:47:40
13428,CUST_497,PROD_84,3,2026-01-16 04:45:29
13429,CUST_229,PROD_30,3,2026-01-03 12:28:10
13430,CUST_430,PROD_14,3,2026-01-03 09:38:46
13431,CUST_80,PROD_2,2,2026-01-02 12:07:27
13432,CUST_193,PROD_57,2,2026-01-10 22:03:25
13433,CUST_284,PROD_37,5,2025-12-30 02:03:00
13434,CUST_215,PROD_10,4,2026-01-23 18:22:54
13435,CUST_92,PROD_69,4,2026-01-26 03:11:41
13436,CUST_333,PROD_24,4,2026-01-09 21:14:16
13437,CUST_255,PROD_35,5,2026-01-10 01:25:20
13438,CUST_277,PROD_64,5,2026-01-21 22:33:50
13439,CUST_371,PROD_36,4,2025-12-30 08:30:00
13440,CUST_191,PROD_41,5,2026-01-12 12:37:54
13441,CUST_31,PROD_94,5,2026-01-19 20:47:36
13442,CUST_281,PROD_52,5,2026-01-14 16:42:23
13443,CUST_17,PROD_7,5,2026-01-04 20:40:29
13444,CUST_143,PROD_99,5,2026-01-20 01:33:06
13445,CUST_207,PROD_5,3,2026-01-14 13:47:27
13446,CUST_374,PROD_99,4,2026-01-24 17:12:23
13447,CUST_425,PROD_21,1,2026-01-02 19:53:39
13448,CUST_93,PROD_47,1,2026-01-27 04:21:25
13449,CUST_422,PROD_20,1,2026-01-03 07:55:59
13450,CUST_271,PROD_24,3,2026-01-05 20:47:10
13451,CUST_34,PROD_60,3,2026-01-22 21:37:08
13452,CUST_445,PROD_41,4,2026-01-21 03:32:03
13453,CUST_136,PROD_86,3,2026-01-25 15:35:22
13454,CUST_91,PROD_34,1,2026-01-14 19:13:29
13455,CUST_420,PROD_91,5,2026-01-04 23:39:37
13456,CUST_13,PROD_51,3,2026-01-03 09:42:03
13457,CUST_185,PROD_21,1,2026-01-15 17:36:48
13458,CUST_74,PROD_52,1,2026-01-25 12:15:08
13459,CUST_236,PROD_100,4,2026-01-13 21:35:18
13460,CUST_90,PROD_39,5,2026-01-12 20:45:22
13461,CUST_70,PROD_54,2,2026-01-19 09:21:08
13462,CUST_417,PROD_67,5,2026-01-03 05:13:08
13463,CUST_425,PROD_53,2,2026-01-15 14:57:16
13464,CUST_225,PROD_53,2,2026-01-11 18:51:43
13465,CUST_435,PROD_97,1,2026-01-03 12:38:26
13466,CUST_342,PROD_89,1,2025-12-28 23:25:41
13467,CUST_473,PROD_48,4,2026-01-01 03:28:04
13468,CUST_471,PROD_85,5,2025-12-30 05:02:34
13469,CUST_249,PROD_90,1,2026-01-11 21:34:07
13470,CUST_297,PROD_77,4,2026-01-26 03:22:50
13471,CUST_173,PROD_41,4,2026-01-01 07:23:55
13472,CUST_36,PROD_18,2,2026-01-17 08:28:26
13473,CUST_52,PROD_64,2,2026-01-11 19:24:18
13474,CUST_100,PROD_77,2,2026-01-16 17:24:35
13475,CUST_381,PROD_74,2,2026-01-17 09:40:12
13476,CUST_140,PROD_17,1,2026-01-18 03:18:44
13477,CUST_8,PROD_87,1,2026-01-27 17:04:00
13478,CUST_19,PROD_81,4,2026-01-08 08:44:25
13479,CUST_85,PROD_13,3,2026-01-21 08:50:15
13480,CUST_88,PROD_65,1,2026-01-15 19:29:28
13481,CUST_334,PROD_97,2,2026-01-05 18:20:35
13482,CUST_53,PROD_88,4,2026-01-25 22:53:48
13483,CUST_198,PROD_65,1,2026-01-13 15:25:46
13484,CUST_302,PROD_83,4,2026-01-07 13:45:21
13485,CUST_22,PROD_22,2,2026-01-17 11:27:51
13486,CUST_421,PROD_15,1,2026-01-21 22:47:48
13487,CUST_207,PROD_35,4,2026-01-11 00:27:10
13488,CUST_264,PROD_22,2,2026-01-04 01:00:12
13489,CUST_106,PROD_45,5,2026-01-20 20:48:50
13490,CUST_163,PROD_88,5,2026-01-18 09:00:33
13491,CUST_393,PROD_44,5,2026-01-04 06:34:10
13492,CUST_410,PROD_51,2,2026-01-10 11:14:02
13493,CUST_357,PROD_49,1,2026-01-26 23:54:31
13494,CUST_430,PROD_4,1,2026-01-13 11:34:39
13495,CUST_436,PROD_27,2,2025-12-31 15:07:29
13496,CUST_156,PROD_85,4,2026-01-01 03:33:18
13497,CUST_46,PROD_53,3,2026-01-26 22:19:14
13498,CUST_239,PROD_99,3,2025-12-29 04:28:50
13499,CUST_119,PROD_83,1,2026-01-06 09:33:09
13500,CUST_69,PROD_29,4,2026-01-23 02:50:33
13501,CUST_414,PROD_6,4,2026-01-18 19:23:02
13502,CUST_270,PROD_49,1,2025-12-31 17:23:04
13503,CUST_104,PROD_21,2,2026-01-10 22:52:43
13504,CUST_427,PROD_46,1,2026-01-16 13:08:40
13505,CUST_37,PROD_1,4,2026-01-17 19:21:13
13506,CUST_87,PROD_83,1,2026-01-11 05:02:52
13507,CUST_237,PROD_71,1,2026-01-20 11:23:10
13508,CUST_336,PROD_47,3,2026-01-23 23:42:24
13509,CUST_198,PROD_89,1,2026-01-24 15:22:51
13510,CUST_280,PROD_65,3,2026-01-16 10:16:23
13511,CUST_49,PROD_24,5,2026-01-27 14:40:49
13512,CUST_246,PROD_6,1,2026-01-08 18:21:07
13513,CUST_76,PROD_16,3,2026-01-15 06:12:53
13514,CUST_494,PROD_47,1,2026-01-02 23:12:35
13515,CUST_1,PROD_2,3,2026-01-09 16:03:10
13516,CUST_312,PROD_95,2,2026-01-22 05:07:15
13517,CUST_386,PROD_73,4,2026-01-02 09:18:02
13518,CUST_429,PROD_23,1,2026-01-04 17:32:16
13519,CUST_184,PROD_2,3,2026-01-26 05:26:25
13520,CUST_301,PROD_15,3,2026-01-11 13:36:51
13521,CUST_134,PROD_88,1,2026-01-03 22:22:58
13522,CUST_264,PROD_38,2,2025-12-31 03:38:22
13523,CUST_98,PROD_84,5,2026-01-07 10:16:18
13524,CUST_76,PROD_22,4,2026-01-15 16:33:08
13525,CUST_263,PROD_49,1,2026-01-13 19:02:00
13526,CUST_354,PROD_87,2,2025-12-28 21:13:46
13527,CUST_435,PROD_3,1,2026-01-27 16:09:40
13528,CUST_499,PROD_75,5,2026-01-03 04:17:53
13529,CUST_201,PROD_79,5,2026-01-03 08:37:47
13530,CUST_189,PROD_40,5,2026-01-24 13:10:52
13531,CUST_19,PROD_96,4,2026-01-03 22:51:31
13532,CUST_429,PROD_30,4,2026-01-26 19:22:47
13533,CUST_51,PROD_13,5,2026-01-27 17:17:28
13534,CUST_36,PROD_18,3,2025-12-28 23:12:41
13535,CUST_197,PROD_62,1,2026-01-25 22:30:53
13536,CUST_394,PROD_50,1,2025-12-29 21:50:28
13537,CUST_286,PROD_57,3,2026-01-12 00:02:40
13538,CUST_445,PROD_19,5,2026-01-22 15:45:11
13539,CUST_265,PROD_69,4,2026-01-16 13:24:02
13540,CUST_68,PROD_96,2,2026-01-07 23:55:18
13541,CUST_153,PROD_27,2,2026-01-11 13:26:22
13542,CUST_380,PROD_25,5,2026-01-06 21:32:35
13543,CUST_302,PROD_7,5,2026-01-17 17:27:30
13544,CUST_379,PROD_90,1,2026-01-24 17:44:03
13545,CUST_426,PROD_25,1,2026-01-08 11:25:20
13546,CUST_475,PROD_45,4,2026-01-18 07:37:02
13547,CUST_391,PROD_45,2,2026-01-25 00:02:43
13548,CUST_193,PROD_82,5,2026-01-26 14:07:15
13549,CUST_23,PROD_98,3,2026-01-21 19:21:45
13550,CUST_288,PROD_78,1,2026-01-19 09:58:33
13551,CUST_351,PROD_80,2,2026-01-02 02:38:07
13552,CUST_486,PROD_2,5,2026-01-13 13:11:51
13553,CUST_172,PROD_98,2,2026-01-01 02:08:44
13554,CUST_433,PROD_94,2,2026-01-07 22:37:41
13555,CUST_457,PROD_83,4,2026-01-17 09:51:51
13556,CUST_416,PROD_56,3,2025-12-28 23:49:52
13557,CUST_366,PROD_27,3,2025-12-30 06:16:25
13558,CUST_253,PROD_20,4,2026-01-17 03:53:10
13559,CUST_199,PROD_87,2,2025-12-31 15:44:57
13560,CUST_354,PROD_26,1,2026-01-10 10:42:01
13561,CUST_71,PROD_6,1,2026-01-18 13:55:10
13562,CUST_46,PROD_96,2,2025-12-29 10:42:18
13563,CUST_354,PROD_90,4,2026-01-11 17:26:15
13564,CUST_39,PROD_42,1,2026-01-17 14:20:42
13565,CUST_281,PROD_6,4,2026-01-07 13:27:35
13566,CUST_394,PROD_80,2,2026-01-25 21:14:02
13567,CUST_85,PROD_26,3,2026-01-15 15:49:29
13568,CUST_97,PROD_59,1,2025-12-29 09:42:45
13569,CUST_90,PROD_91,1,2026-01-11 04:18:01
13570,CUST_362,PROD_68,4,2026-01-17 04:18:48
13571,CUST_321,PROD_31,4,2026-01-05 17:00:04
13572,CUST_190,PROD_88,1,2026-01-05 00:20:41
13573,CUST_451,PROD_57,3,2026-01-06 00:48:36
13574,CUST_34,PROD_84,1,2026-01-27 16:28:34
13575,CUST_287,PROD_94,5,2026-01-05 00:13:29
13576,CUST_171,PROD_74,3,2026-01-16 14:04:25
13577,CUST_218,PROD_58,2,2026-01-10 07:36:12
13578,CUST_403,PROD_21,5,2025-12-30 07:32:27
13579,CUST_107,PROD_84,5,2026-01-07 03:41:28
13580,CUST_406,PROD_68,3,2025-12-30 13:05:23
13581,CUST_67,PROD_91,5,2026-01-11 23:55:55
13582,CUST_370,PROD_68,5,2026-01-14 01:22:40
13583,CUST_9,PROD_83,4,2026-01-22 03:03:34
13584,CUST_461,PROD_66,5,2026-01-17 17:38:04
13585,CUST_20,PROD_57,3,2026-01-01 15:27:57
13586,CUST_378,PROD_44,2,2025-12-30 06:34:19
13587,CUST_421,PROD_26,5,2026-01-07 03:14:48
13588,CUST_415,PROD_97,1,2026-01-09 16:10:09
13589,CUST_252,PROD_46,1,2026-01-11 06:38:20
13590,CUST_486,PROD_24,4,2026-01-02 12:49:24
13591,CUST_13,PROD_83,3,2026-01-10 18:54:41
13592,CUST_82,PROD_59,5,2026-01-05 16:02:04
13593,CUST_445,PROD_30,2,2026-01-02 08:56:51
13594,CUST_3,PROD_47,1,2026-01-04 21:08:56
13595,CUST_260,PROD_65,2,2026-01-10 05:45:56
13596,CUST_110,PROD_85,3,2026-01-18 13:32:51
13597,CUST_60,PROD_2,3,2026-01-26 06:55:02
13598,CUST_72,PROD_8,4,2026-01-11 08:03:43
13599,CUST_354,PROD_11,3,2026-01-18 20:14:03
13600,CUST_463,PROD_48,4,2026-01-08 21:07:47
13601,CUST_64,PROD_30,2,2026-01-05 16:09:53
13602,CUST_40,PROD_38,2,2026-01-05 18:02:42
13603,CUST_192,PROD_12,3,2026-01-14 16:51:30
13604,CUST_165,PROD_16,3,2026-01-21 19:49:13
13605,CUST_148,PROD_73,5,2026-01-25 19:47:36
13606,CUST_111,PROD_84,5,2026-01-22 13:40:38
13607,CUST_417,PROD_91,2,2026-01-05 23:54:46
13608,CUST_418,PROD_55,1,2026-01-22 08:01:21
13609,CUST_176,PROD_74,2,2026-01-01 08:41:34
13610,CUST_158,PROD_70,4,2026-01-15 09:31:29
13611,CUST_183,PROD_16,2,2026-01-12 04:23:27
13612,CUST_236,PROD_65,5,2026-01-23 19:07:50
13613,CUST_143,PROD_12,5,2026-01-09 00:42:00
13614,CUST_459,PROD_11,2,2026-01-20 07:02:30
13615,CUST_151,PROD_97,3,2026-01-26 10:00:54
13616,CUST_320,PROD_3,2,2026-01-08 02:05:58
13617,CUST_27,PROD_8,2,2026-01-08 19:12:59
13618,CUST_36,PROD_43,5,2026-01-20 07:00:05
13619,CUST_312,PROD_24,2,2026-01-26 14:08:46
13620,CUST_296,PROD_47,2,2026-01-03 16:22:10
13621,CUST_160,PROD_79,4,2026-01-21 13:41:02
13622,CUST_133,PROD_88,1,2025-12-31 17:17:38
13623,CUST_457,PROD_11,4,2026-01-18 22:34:34
13624,CUST_24,PROD_79,4,2026-01-11 03:43:21
13625,CUST_37,PROD_14,3,2026-01-12 11:16:16
13626,CUST_388,PROD_95,4,2026-01-10 06:18:04
13627,CUST_214,PROD_94,4,2026-01-05 06:56:50
13628,CUST_404,PROD_86,3,2026-01-21 00:51:32
13629,CUST_378,PROD_59,5,2026-01-16 05:52:23
13630,CUST_142,PROD_68,1,2025-12-31 04:18:28
13631,CUST_13,PROD_44,4,2026-01-19 18:15:25
13632,CUST_131,PROD_53,4,2026-01-20 12:28:28
13633,CUST_127,PROD_57,4,2026-01-08 16:37:08
13634,CUST_375,PROD_22,5,2026-01-04 04:49:46
13635,CUST_320,PROD_39,4,2026-01-08 02:38:06
13636,CUST_249,PROD_2,5,2026-01-04 17:13:11
13637,CUST_367,PROD_20,1,2025-12-31 13:24:42
13638,CUST_67,PROD_94,4,2026-01-26 18:19:42
13639,CUST_308,PROD_93,2,2026-01-23 07:39:57
13640,CUST_19,PROD_90,1,2026-01-26 22:26:15
13641,CUST_105,PROD_47,5,2026-01-13 02:42:37
13642,CUST_125,PROD_61,2,2026-01-20 15:01:39
13643,CUST_368,PROD_92,5,2026-01-11 20:48:30
13644,CUST_93,PROD_24,5,2026-01-15 01:19:08
13645,CUST_283,PROD_71,5,2026-01-23 05:48:50
13646,CUST_145,PROD_41,4,2026-01-27 10:08:12
13647,CUST_462,PROD_79,5,2026-01-22 13:28:52
13648,CUST_182,PROD_24,1,2025-12-30 09:21:19
13649,CUST_371,PROD_97,3,2026-01-04 11:13:41
13650,CUST_327,PROD_64,5,2026-01-04 04:23:55
13651,CUST_141,PROD_51,1,2026-01-24 05:34:27
13652,CUST_380,PROD_98,2,2026-01-17 15:59:26
13653,CUST_483,PROD_23,1,2025-12-29 12:23:40
13654,CUST_250,PROD_71,5,2026-01-14 00:35:56
13655,CUST_451,PROD_55,5,2026-01-18 14:22:19
13656,CUST_44,PROD_48,3,2025-12-31 19:18:10
13657,CUST_32,PROD_4,5,2026-01-03 18:51:06
13658,CUST_415,PROD_64,2,2026-01-09 06:49:08
13659,CUST_126,PROD_36,3,2026-01-14 07:26:48
13660,CUST_408,PROD_9,1,2026-01-23 21:29:19
13661,CUST_216,PROD_8,5,2026-01-05 09:09:32
13662,CUST_225,PROD_5,1,2026-01-16 19:05:50
13663,CUST_115,PROD_9,1,2026-01-16 15:09:16
13664,CUST_325,PROD_14,5,2026-01-04 12:53:10
13665,CUST_64,PROD_11,3,2026-01-21 10:28:35
13666,CUST_464,PROD_54,2,2025-12-28 18:32:55
13667,CUST_283,PROD_83,2,2026-01-06 02:42:36
13668,CUST_428,PROD_91,4,2026-01-21 01:59:54
13669,CUST_75,PROD_60,3,2026-01-14 09:50:36
13670,CUST_88,PROD_54,1,2026-01-07 13:01:42
13671,CUST_151,PROD_22,4,2026-01-05 10:31:49
13672,CUST_129,PROD_43,2,2025-12-29 10:38:34
13673,CUST_12,PROD_17,1,2026-01-26 21:48:46
13674,CUST_448,PROD_30,3,2026-01-15 01:34:02
13675,CUST_141,PROD_78,4,2026-01-24 20:26:25
13676,CUST_364,PROD_72,2,2026-01-23 22:38:02
13677,CUST_157,PROD_50,5,2026-01-03 10:19:27
13678,CUST_119,PROD_51,1,2026-01-06 16:51:10
13679,CUST_398,PROD_40,4,2026-01-03 01:17:07
13680,CUST_246,PROD_28,2,2026-01-24 05:45:19
13681,CUST_20,PROD_67,1,2026-01-13 11:17:41
13682,CUST_102,PROD_9,4,2026-01-06 06:46:06
13683,CUST_498,PROD_29,3,2026-01-26 04:18:41
13684,CUST_251,PROD_54,2,2026-01-03 02:04:20
13685,CUST_146,PROD_14,2,2026-01-09 14:52:37
13686,CUST_413,PROD_85,2,2026-01-04 06:17:50
13687,CUST_323,PROD_14,3,2025-12-29 06:23:36
13688,CUST_53,PROD_32,1,2026-01-01 05:54:20
13689,CUST_188,PROD_45,2,2026-01-12 11:10:31
13690,CUST_416,PROD_29,2,2026-01-25 13:42:04
13691,CUST_306,PROD_7,3,2026-01-14 13:45:43
13692,CUST_95,PROD_35,4,2026-01-05 07:48:06
13693,CUST_108,PROD_42,5,2026-01-14 15:25:33
13694,CUST_242,PROD_14,1,2026-01-26 22:47:28
13695,CUST_149,PROD_46,5,2026-01-02 21:57:24
13696,CUST_311,PROD_84,5,2026-01-15 01:54:41
13697,CUST_365,PROD_59,2,2026-01-14 07:25:31
13698,CUST_497,PROD_57,3,2026-01-22 04:29:08
13699,CUST_292,PROD_88,5,2026-01-18 14:44:38
13700,CUST_365,PROD_53,2,2026-01-18 09:49:22
13701,CUST_62,PROD_4,2,2026-01-19 03:53:32
13702,CUST_460,PROD_24,4,2026-01-08 23:40:21
13703,CUST_401,PROD_47,1,2026-01-23 11:03:45
13704,CUST_196,PROD_16,1,2026-01-17 18:19:58
13705,CUST_422,PROD_78,1,2025-12-30 17:44:08
13706,CUST_124,PROD_22,3,2026-01-05 08:44:49
13707,CUST_423,PROD_22,1,2026-01-14 18:26:01
13708,CUST_381,PROD_26,3,2026-01-01 07:29:34
13709,CUST_267,PROD_75,4,2026-01-04 21:07:14
13710,CUST_197,PROD_76,4,2025-12-31 04:48:22
13711,CUST_199,PROD_47,5,2026-01-14 21:37:12
13712,CUST_237,PROD_50,3,2026-01-19 17:55:45
13713,CUST_151,PROD_44,3,2025-12-30 18:32:49
13714,CUST_440,PROD_96,1,2026-01-23 00:39:33
13715,CUST_344,PROD_6,1,2026-01-20 10:57:32
13716,CUST_420,PROD_77,5,2026-01-17 02:30:05
13717,CUST_361,PROD_48,4,2026-01-06 09:50:04
13718,CUST_12,PROD_18,1,2026-01-17 09:38:49
13719,CUST_448,PROD_2,2,2026-01-04 01:16:04
13720,CUST_79,PROD_76,1,2026-01-12 00:41:22
13721,CUST_446,PROD_53,1,2026-01-22 11:37:13
13722,CUST_349,PROD_96,3,2026-01-16 09:20:54
13723,CUST_440,PROD_19,5,2025-12-29 20:48:25
13724,CUST_444,PROD_71,3,2026-01-25 12:14:06
13725,CUST_180,PROD_67,2,2026-01-20 21:03:48
13726,CUST_494,PROD_45,5,2026-01-03 19:45:23
13727,CUST_385,PROD_73,4,2026-01-23 04:55:11
13728,CUST_153,PROD_79,4,2026-01-19 17:04:59
13729,CUST_385,PROD_34,2,2026-01-19 15:48:35
13730,CUST_104,PROD_24,4,2026-01-25 23:59:59
13731,CUST_133,PROD_95,1,2026-01-05 07:37:17
13732,CUST_177,PROD_83,4,2026-01-03 23:36:23
13733,CUST_247,PROD_84,5,2026-01-27 06:47:55
13734,CUST_369,PROD_24,5,2026-01-05 15:18:24
13735,CUST_458,PROD_95,4,2026-01-12 00:50:08
13736,CUST_469,PROD_9,3,2026-01-04 20:18:15
13737,CUST_25,PROD_43,5,2026-01-04 20:11:41
13738,CUST_315,PROD_30,4,2026-01-15 19:56:03
13739,CUST_332,PROD_23,5,2026-01-19 02:00:04
13740,CUST_269,PROD_48,5,2026-01-06 02:41:53
13741,CUST_240,PROD_24,3,2026-01-21 15:16:34
13742,CUST_13,PROD_58,4,2026-01-17 10:33:42
13743,CUST_37,PROD_94,2,2026-01-08 17:06:15
13744,CUST_310,PROD_22,4,2026-01-03 01:11:42
13745,CUST_42,PROD_37,2,2025-12-28 23:01:49
13746,CUST_6,PROD_40,3,2026-01-02 16:29:39
13747,CUST_490,PROD_2,2,2026-01-25 20:22:57
13748,CUST_66,PROD_3,2,2026-01-02 01:12:52
13749,CUST_8,PROD_79,1,2026-01-24 01:11:54
13750,CUST_314,PROD_78,3,2026-01-02 04:14:31
13751,CUST_85,PROD_80,5,2026-01-21 00:29:58
13752,CUST_85,PROD_92,2,2026-01-03 02:50:40
13753,CUST_451,PROD_55,4,2026-01-11 12:33:52
13754,CUST_458,PROD_62,2,2026-01-02 20:02:28
13755,CUST_386,PROD_80,3,2026-01-16 00:16:28
13756,CUST_348,PROD_58,4,2026-01-21 02:51:52
13757,CUST_376,PROD_5,3,2026-01-04 18:39:44
13758,CUST_101,PROD_42,3,2026-01-23 23:08:41
13759,CUST_337,PROD_24,4,2026-01-15 16:33:36
13760,CUST_373,PROD_95,2,2026-01-09 14:24:41
13761,CUST_224,PROD_38,1,2025-12-30 07:02:24
13762,CUST_157,PROD_27,3,2026-01-08 22:01:47
13763,CUST_123,PROD_39,2,2025-12-29 11:44:42
13764,CUST_95,PROD_5,2,2026-01-20 05:08:07
13765,CUST_265,PROD_51,3,2026-01-01 00:58:28
13766,CUST_407,PROD_54,2,2025-12-29 18:41:34
13767,CUST_415,PROD_93,3,2026-01-05 16:58:57
13768,CUST_35,PROD_2,5,2026-01-11 02:05:37
13769,CUST_274,PROD_60,2,2026-01-01 14:43:22
13770,CUST_94,PROD_53,3,2026-01-20 11:59:06
13771,CUST_307,PROD_37,2,2026-01-20 20:33:13
13772,CUST_82,PROD_87,2,2026-01-08 20:25:50
13773,CUST_70,PROD_37,1,2026-01-04 13:47:00
13774,CUST_54,PROD_64,3,2026-01-09 13:54:42
13775,CUST_460,PROD_25,5,2026-01-25 15:17:13
13776,CUST_206,PROD_81,1,2026-01-03 10:18:54
13777,CUST_23,PROD_98,3,2026-01-12 23:22:59
13778,CUST_241,PROD_15,1,2026-01-12 14:27:10
13779,CUST_405,PROD_25,2,2026-01-23 20:38:32
13780,CUST_257,PROD_23,2,2026-01-14 10:56:12
13781,CUST_330,PROD_72,3,2026-01-11 22:43:56
13782,CUST_53,PROD_55,3,2026-01-13 03:26:13
13783,CUST_153,PROD_10,5,2026-01-13 07:01:43
13784,CUST_314,PROD_26,2,2026-01-14 04:27:15
13785,CUST_95,PROD_64,3,2026-01-19 10:43:50
13786,CUST_419,PROD_36,5,2026-01-12 07:09:23
13787,CUST_487,PROD_89,4,2026-01-27 10:36:32
13788,CUST_77,PROD_58,4,2026-01-11 03:57:13
13789,CUST_134,PROD_24,2,2026-01-23 15:22:18
13790,CUST_239,PROD_97,2,2026-01-10 04:36:01
13791,CUST_378,PROD_54,3,2026-01-21 18:39:43
13792,CUST_449,PROD_15,3,2026-01-26 13:50:11
13793,CUST_427,PROD_75,2,2026-01-20 22:33:25
13794,CUST_294,PROD_70,1,2026-01-04 02:25:20
13795,CUST_79,PROD_24,4,2026-01-17 16:23:21
13796,CUST_393,PROD_77,3,2025-12-31 11:23:47
13797,CUST_309,PROD_10,1,2026-01-15 14:52:33
13798,CUST_389,PROD_2,5,2026-01-03 19:30:24
13799,CUST_23,PROD_85,3,2026-01-22 12:15:33
13800,CUST_457,PROD_92,1,2026-01-09 06:26:36
13801,CUST_420,PROD_93,5,2026-01-12 12:10:26
13802,CUST_87,PROD_30,4,2026-01-18 08:46:02
13803,CUST_256,PROD_26,3,2026-01-24 08:03:17
13804,CUST_86,PROD_22,4,2025-12-31 11:28:27
13805,CUST_463,PROD_84,4,2026-01-17 18:17:25
13806,CUST_413,PROD_76,3,2026-01-10 04:49:32
13807,CUST_189,PROD_23,5,2026-01-18 23:30:14
13808,CUST_482,PROD_37,1,2026-01-04 22:42:26
13809,CUST_261,PROD_50,5,2025-12-30 01:49:53
13810,CUST_86,PROD_67,2,2026-01-12 08:51:39
13811,CUST_237,PROD_35,3,2026-01-05 05:03:43
13812,CUST_262,PROD_66,4,2026-01-20 14:23:32
13813,CUST_204,PROD_95,5,2026-01-02 18:42:52
13814,CUST_248,PROD_67,1,2026-01-04 02:17:13
13815,CUST_120,PROD_54,4,2026-01-17 06:35:20
13816,CUST_131,PROD_73,4,2026-01-05 08:00:16
13817,CUST_460,PROD_92,1,2026-01-23 12:45:33
13818,CUST_145,PROD_64,1,2026-01-20 04:23:38
13819,CUST_283,PROD_73,3,2026-01-15 11:58:23
13820,CUST_382,PROD_16,2,2026-01-08 06:09:52
13821,CUST_490,PROD_29,3,2026-01-05 09:40:21
13822,CUST_254,PROD_52,3,2026-01-20 02:16:38
13823,CUST_54,PROD_91,5,2026-01-08 03:28:42
13824,CUST_300,PROD_76,2,2026-01-21 10:21:37
13825,CUST_491,PROD_95,2,2026-01-08 03:48:07
13826,CUST_28,PROD_6,2,2026-01-21 00:57:47
13827,CUST_356,PROD_18,4,2026-01-01 23:44:25
13828,CUST_246,PROD_33,4,2026-01-26 17:21:34
13829,CUST_82,PROD_47,5,2026-01-22 17:03:08
13830,CUST_174,PROD_82,5,2026-01-15 09:41:43
13831,CUST_179,PROD_21,3,2026-01-20 21:00:56
13832,CUST_336,PROD_53,4,2026-01-07 08:45:07
13833,CUST_105,PROD_12,4,2026-01-02 02:35:57
13834,CUST_134,PROD_43,3,2025-12-29 13:40:31
13835,CUST_344,PROD_13,1,2026-01-19 04:10:22
13836,CUST_238,PROD_46,5,2026-01-01 21:27:17
13837,CUST_220,PROD_86,1,2026-01-10 20:33:53
13838,CUST_65,PROD_21,3,2026-01-04 12:22:42
13839,CUST_21,PROD_63,2,2026-01-07 00:02:54
13840,CUST_58,PROD_15,4,2026-01-03 12:51:39
13841,CUST_166,PROD_44,4,2026-01-03 01:28:19
13842,CUST_324,PROD_45,2,2026-01-11 17:41:27
13843,CUST_394,PROD_91,4,2025-12-31 22:05:39
13844,CUST_153,PROD_74,4,2026-01-10 07:38:49
13845,CUST_379,PROD_96,1,2026-01-21 00:39:43
13846,CUST_218,PROD_26,3,2026-01-19 13:53:56
13847,CUST_273,PROD_68,4,2026-01-26 04:32:22
13848,CUST_121,PROD_23,3,2026-01-03 03:25:12
13849,CUST_45,PROD_86,3,2026-01-12 14:50:38
13850,CUST_56,PROD_41,5,2025-12-31 01:00:07
13851,CUST_471,PROD_86,2,2026-01-12 23:10:57
13852,CUST_376,PROD_69,1,2026-01-18 21:25:31
13853,CUST_254,PROD_97,1,2025-12-31 01:19:35
13854,CUST_197,PROD_19,1,2026-01-04 14:23:30
13855,CUST_391,PROD_22,2,2026-01-21 20:29:52
13856,CUST_299,PROD_98,5,2026-01-03 23:33:33
13857,CUST_21,PROD_93,2,2026-01-04 19:54:20
13858,CUST_399,PROD_94,3,2026-01-11 01:41:23
13859,CUST_432,PROD_96,1,2026-01-16 09:52:45
13860,CUST_415,PROD_84,3,2026-01-05 01:37:34
13861,CUST_435,PROD_81,1,2026-01-22 16:08:30
13862,CUST_475,PROD_51,5,2026-01-12 19:39:25
13863,CUST_10,PROD_26,4,2026-01-22 13:26:06
13864,CUST_109,PROD_85,4,2026-01-17 03:54:32
13865,CUST_299,PROD_60,3,2026-01-14 11:13:02
13866,CUST_231,PROD_40,3,2025-12-29 21:51:05
13867,CUST_79,PROD_70,5,2026-01-14 06:14:13
13868,CUST_329,PROD_89,4,2025-12-30 04:28:01
13869,CUST_425,PROD_21,1,2026-01-04 17:58:28
13870,CUST_148,PROD_39,1,2026-01-21 13:03:42
13871,CUST_81,PROD_65,2,2026-01-06 23:55:58
13872,CUST_174,PROD_74,1,2026-01-19 22:53:45
13873,CUST_468,PROD_55,4,2026-01-20 23:26:23
13874,CUST_260,PROD_85,3,2026-01-06 06:40:31
13875,CUST_147,PROD_6,4,2026-01-07 04:39:06
13876,CUST_398,PROD_56,5,2026-01-13 05:40:28
13877,CUST_194,PROD_26,4,2026-01-06 10:01:00
13878,CUST_212,PROD_43,3,2026-01-10 04:07:32
13879,CUST_115,PROD_97,1,2026-01-25 15:18:30
13880,CUST_121,PROD_73,2,2026-01-08 20:32:48
13881,CUST_499,PROD_71,2,2025-12-30 22:59:10
13882,CUST_419,PROD_32,1,2026-01-04 19:51:28
13883,CUST_78,PROD_13,5,2026-01-19 01:30:03
13884,CUST_162,PROD_7,5,2026-01-08 03:13:47
13885,CUST_306,PROD_5,5,2026-01-09 10:02:38
13886,CUST_478,PROD_94,5,2026-01-08 18:22:27
13887,CUST_216,PROD_83,3,2026-01-23 19:56:32
13888,CUST_311,PROD_99,2,2026-01-26 02:42:47
13889,CUST_182,PROD_80,5,2026-01-18 03:41:37
13890,CUST_248,PROD_43,4,2026-01-16 12:07:00
13891,CUST_278,PROD_22,1,2025-12-31 22:39:01
13892,CUST_297,PROD_84,4,2025-12-30 12:59:10
13893,CUST_196,PROD_19,2,2026-01-08 18:14:09
13894,CUST_375,PROD_22,2,2026-01-02 10:35:11
13895,CUST_444,PROD_43,5,2026-01-03 23:53:32
13896,CUST_116,PROD_50,3,2026-01-12 06:09:07
13897,CUST_246,PROD_42,4,2026-01-12 23:45:43
13898,CUST_498,PROD_69,4,2026-01-25 10:20:48
13899,CUST_486,PROD_22,4,2026-01-08 07:46:56
13900,CUST_244,PROD_60,2,2026-01-25 13:15:19
13901,CUST_304,PROD_52,2,2026-01-24 08:49:14
13902,CUST_46,PROD_17,1,2026-01-24 09:16:21
13903,CUST_305,PROD_36,5,2026-01-24 12:06:20
13904,CUST_307,PROD_22,2,2026-01-10 12:32:00
13905,CUST_426,PROD_85,4,2026-01-17 06:06:48
13906,CUST_395,PROD_97,5,2025-12-29 01:32:50
13907,CUST_272,PROD_68,1,2026-01-16 12:08:31
13908,CUST_140,PROD_49,5,2026-01-18 12:20:39
13909,CUST_17,PROD_64,4,2025-12-30 00:38:33
13910,CUST_318,PROD_17,5,2026-01-24 01:23:56
13911,CUST_459,PROD_55,1,2026-01-05 18:54:14
13912,CUST_239,PROD_75,5,2026-01-13 11:39:57
13913,CUST_60,PROD_27,2,2026-01-20 08:30:11
13914,CUST_151,PROD_69,2,2025-12-30 20:22:24
13915,CUST_313,PROD_69,4,2026-01-07 13:09:57
13916,CUST_444,PROD_5,2,2026-01-10 08:29:18
13917,CUST_61,PROD_29,5,2026-01-02 09:13:09
13918,CUST_439,PROD_47,5,2026-01-25 01:11:14
13919,CUST_423,PROD_85,1,2025-12-31 14:19:22
13920,CUST_24,PROD_16,2,2026-01-05 18:06:48
13921,CUST_26,PROD_1,2,2026-01-23 10:59:59
13922,CUST_3,PROD_62,2,2026-01-18 03:59:48
13923,CUST_219,PROD_93,4,2026-01-22 19:22:16
13924,CUST_429,PROD_87,3,2026-01-08 14:35:57
13925,CUST_80,PROD_74,4,2026-01-24 16:32:10
13926,CUST_464,PROD_79,2,2026-01-21 15:17:38
13927,CUST_117,PROD_14,1,2026-01-13 18:30:54
13928,CUST_112,PROD_63,2,2026-01-02 13:04:40
13929,CUST_434,PROD_88,2,2026-01-24 15:04:23
13930,CUST_404,PROD_81,2,2026-01-03 08:40:07
13931,CUST_479,PROD_49,5,2026-01-18 06:39:53
13932,CUST_72,PROD_66,3,2026-01-20 02:47:49
13933,CUST_399,PROD_6,2,2026-01-18 09:33:33
13934,CUST_491,PROD_75,3,2026-01-12 14:54:39
13935,CUST_449,PROD_10,2,2026-01-06 04:57:24
13936,CUST_175,PROD_27,3,2026-01-01 03:06:43
13937,CUST_203,PROD_20,4,2025-12-29 18:53:57
13938,CUST_386,PROD_96,3,2026-01-21 09:58:21
13939,CUST_66,PROD_38,5,2026-01-03 18:10:30
13940,CUST_67,PROD_81,3,2025-12-30 13:42:15
13941,CUST_49,PROD_14,5,2026-01-07 13:35:57
13942,CUST_403,PROD_1,5,2025-12-30 04:16:02
13943,CUST_448,PROD_34,1,2026-01-02 23:50:11
13944,CUST_143,PROD_15,3,2026-01-20 07:56:27
13945,CUST_490,PROD_73,1,2026-01-03 07:59:35
13946,CUST_261,PROD_94,4,2026-01-02 19:50:58
13947,CUST_1,PROD_27,1,2025-12-29 23:26:56
13948,CUST_356,PROD_85,1,2026-01-26 10:55:49
13949,CUST_245,PROD_22,5,2026-01-08 10:29:20
13950,CUST_492,PROD_21,2,2026-01-20 15:21:53
13951,CUST_383,PROD_53,4,2025-12-30 09:48:59
13952,CUST_361,PROD_96,3,2026-01-09 12:47:59
13953,CUST_99,PROD_48,1,2026-01-25 01:38:44
13954,CUST_152,PROD_76,3,2026-01-01 04:53:34
13955,CUST_191,PROD_3,3,2026-01-18 12:21:51
13956,CUST_218,PROD_15,2,2026-01-01 07:37:45
13957,CUST_323,PROD_29,5,2025-12-30 04:49:49
13958,CUST_81,PROD_46,3,2026-01-20 04:47:03
13959,CUST_362,PROD_39,5,2026-01-23 07:11:57
13960,CUST_336,PROD_91,4,2026-01-13 12:54:22
13961,CUST_489,PROD_16,2,2026-01-26 17:31:18
13962,CUST_20,PROD_100,3,2026-01-20 11:49:31
13963,CUST_158,PROD_33,5,2026-01-26 19:03:32
13964,CUST_443,PROD_97,1,2026-01-09 08:38:39
13965,CUST_342,PROD_69,4,2025-12-29 03:49:31
13966,CUST_474,PROD_28,1,2026-01-07 18:47:00
13967,CUST_430,PROD_9,1,2026-01-13 07:16:25
13968,CUST_476,PROD_72,3,2025-12-28 19:59:09
13969,CUST_6,PROD_66,2,2025-12-31 16:21:07
13970,CUST_435,PROD_4,1,2026-01-04 23:43:16
13971,CUST_157,PROD_40,2,2026-01-14 22:10:10
13972,CUST_432,PROD_43,2,2026-01-02 22:52:59
13973,CUST_164,PROD_6,2,2026-01-21 20:19:34
13974,CUST_493,PROD_70,1,2026-01-13 01:58:00
13975,CUST_358,PROD_45,2,2026-01-04 21:49:12
13976,CUST_211,PROD_60,2,2026-01-12 06:19:56
13977,CUST_4,PROD_41,1,2025-12-31 03:33:41
13978,CUST_147,PROD_45,4,2026-01-19 01:35:19
13979,CUST_416,PROD_44,2,2026-01-09 06:41:45
13980,CUST_4,PROD_47,2,2026-01-10 03:35:27
13981,CUST_117,PROD_74,4,2026-01-01 15:33:52
13982,CUST_453,PROD_25,4,2026-01-15 10:09:47
13983,CUST_27,PROD_95,2,2026-01-15 17:40:49
13984,CUST_215,PROD_54,1,2025-12-29 11:38:11
13985,CUST_457,PROD_10,1,2026-01-12 09:23:33
13986,CUST_453,PROD_72,5,2026-01-03 22:33:15
13987,CUST_1,PROD_67,3,2025-12-30 06:27:58
13988,CUST_102,PROD_71,5,2026-01-08 23:31:34
13989,CUST_108,PROD_67,3,2026-01-05 22:24:39
13990,CUST_390,PROD_70,2,2025-12-29 17:24:13
13991,CUST_161,PROD_88,2,2026-01-20 20:53:56
13992,CUST_298,PROD_64,1,2025-12-30 06:33:19
13993,CUST_93,PROD_5,5,2026-01-19 13:17:47
13994,CUST_26,PROD_56,1,2026-01-09 02:53:02
13995,CUST_136,PROD_90,3,2026-01-04 10:16:46
13996,CUST_147,PROD_70,4,2026-01-07 13:50:45
13997,CUST_39,PROD_95,4,2025-12-31 09:11:39
13998,CUST_59,PROD_71,3,2026-01-04 13:43:10
13999,CUST_222,PROD_65,1,2026-01-20 09:52:09
14000,CUST_350,PROD_6,5,2026-01-09 11:11:14
14001,CUST_6,PROD_58,3,2026-01-16 08:40:19
14002,CUST_195,PROD_34,3,2026-01-16 20:07:24
14003,CUST_114,PROD_59,2,2026-01-07 03:48:51
14004,CUST_467,PROD_66,3,2026-01-15 06:56:16
14005,CUST_253,PROD_78,2,2026-01-03 17:37:16
14006,CUST_99,PROD_95,5,2026-01-02 12:51:50
14007,CUST_212,PROD_9,2,2026-01-04 18:49:00
14008,CUST_418,PROD_43,1,2026-01-09 07:00:03
14009,CUST_264,PROD_18,3,2026-01-18 00:40:41
14010,CUST_493,PROD_75,1,2026-01-19 18:24:52
14011,CUST_142,PROD_22,1,2026-01-12 08:58:15
14012,CUST_152,PROD_90,2,2026-01-20 18:53:54
14013,CUST_283,PROD_21,3,2026-01-09 03:43:09
14014,CUST_32,PROD_71,3,2026-01-21 23:08:40
14015,CUST_483,PROD_18,3,2026-01-17 23:39:29
14016,CUST_297,PROD_55,2,2026-01-15 23:00:19
14017,CUST_132,PROD_98,3,2026-01-01 18:44:22
14018,CUST_427,PROD_100,3,2026-01-23 08:20:16
14019,CUST_348,PROD_30,3,2026-01-12 00:03:37
14020,CUST_437,PROD_39,1,2026-01-06 04:38:17
14021,CUST_471,PROD_44,5,2026-01-10 00:36:26
14022,CUST_43,PROD_31,5,2026-01-27 02:34:00
14023,CUST_90,PROD_7,5,2026-01-07 23:13:51
14024,CUST_265,PROD_73,4,2026-01-18 06:15:38
14025,CUST_37,PROD_16,2,2026-01-02 14:11:57
14026,CUST_213,PROD_25,3,2026-01-20 19:24:45
14027,CUST_68,PROD_52,5,2026-01-07 03:43:01
14028,CUST_476,PROD_23,5,2025-12-29 20:45:22
14029,CUST_33,PROD_60,5,2026-01-12 16:43:13
14030,CUST_395,PROD_68,2,2026-01-16 12:04:43
14031,CUST_65,PROD_3,2,2026-01-26 17:57:48
14032,CUST_108,PROD_67,1,2026-01-12 14:11:12
14033,CUST_206,PROD_69,3,2026-01-24 07:14:27
14034,CUST_39,PROD_77,3,2026-01-21 08:37:24
14035,CUST_155,PROD_14,5,2026-01-23 13:13:41
14036,CUST_256,PROD_82,1,2026-01-26 19:21:30
14037,CUST_128,PROD_75,3,2026-01-01 19:46:43
14038,CUST_454,PROD_39,5,2026-01-24 09:59:58
14039,CUST_131,PROD_90,3,2026-01-11 02:33:59
14040,CUST_443,PROD_62,4,2026-01-23 16:21:47
14041,CUST_326,PROD_16,2,2026-01-17 23:06:41
14042,CUST_121,PROD_36,1,2026-01-23 04:24:57
14043,CUST_93,PROD_47,3,2026-01-02 20:10:08
14044,CUST_169,PROD_14,3,2026-01-22 14:48:18
14045,CUST_430,PROD_60,1,2025-12-30 17:27:25
14046,CUST_124,PROD_34,3,2026-01-16 05:10:43
14047,CUST_354,PROD_50,3,2026-01-26 04:59:05
14048,CUST_252,PROD_4,5,2026-01-12 10:34:03
14049,CUST_122,PROD_26,4,2026-01-21 20:49:06
14050,CUST_415,PROD_100,4,2025-12-29 05:23:09
14051,CUST_383,PROD_44,1,2026-01-02 23:35:28
14052,CUST_289,PROD_94,5,2026-01-06 19:52:28
14053,CUST_90,PROD_100,2,2026-01-11 08:13:46
14054,CUST_55,PROD_98,3,2026-01-14 20:30:03
14055,CUST_312,PROD_31,2,2026-01-01 03:48:20
14056,CUST_353,PROD_73,1,2026-01-11 14:15:04
14057,CUST_65,PROD_58,4,2026-01-27 13:53:20
14058,CUST_486,PROD_10,5,2026-01-19 21:36:42
14059,CUST_319,PROD_38,3,2026-01-22 03:33:15
14060,CUST_428,PROD_34,4,2026-01-03 11:35:14
14061,CUST_98,PROD_41,1,2026-01-13 13:53:59
14062,CUST_395,PROD_93,4,2026-01-18 08:00:34
14063,CUST_189,PROD_27,2,2026-01-06 05:03:26
14064,CUST_380,PROD_93,3,2026-01-08 07:09:09
14065,CUST_372,PROD_100,3,2026-01-16 10:55:18
14066,CUST_158,PROD_68,2,2026-01-09 22:04:10
14067,CUST_301,PROD_96,4,2026-01-05 09:02:44
14068,CUST_85,PROD_28,2,2026-01-15 17:30:21
14069,CUST_70,PROD_48,3,2026-01-24 20:16:24
14070,CUST_161,PROD_94,4,2026-01-09 23:51:55
14071,CUST_364,PROD_95,5,2026-01-13 14:39:19
14072,CUST_167,PROD_69,5,2026-01-12 10:44:16
14073,CUST_158,PROD_13,5,2026-01-26 10:46:23
14074,CUST_466,PROD_76,3,2026-01-13 18:57:13
14075,CUST_379,PROD_52,2,2026-01-21 22:25:57
14076,CUST_136,PROD_36,4,2026-01-23 16:04:55
14077,CUST_8,PROD_39,3,2025-12-30 02:44:41
14078,CUST_285,PROD_1,2,2026-01-13 19:55:16
14079,CUST_118,PROD_14,5,2026-01-23 06:05:00
14080,CUST_191,PROD_32,2,2026-01-14 05:42:06
14081,CUST_274,PROD_50,5,2026-01-13 06:29:04
14082,CUST_380,PROD_72,5,2026-01-14 05:34:04
14083,CUST_65,PROD_17,2,2026-01-14 03:26:20
14084,CUST_298,PROD_55,4,2026-01-23 17:02:24
14085,CUST_243,PROD_17,4,2026-01-11 04:30:37
14086,CUST_200,PROD_12,4,2026-01-21 21:36:45
14087,CUST_491,PROD_44,2,2025-12-31 04:45:18
14088,CUST_231,PROD_92,5,2026-01-05 12:16:51
14089,CUST_500,PROD_74,4,2026-01-05 16:54:55
14090,CUST_373,PROD_58,2,2025-12-29 21:37:43
14091,CUST_407,PROD_53,2,2026-01-16 16:25:04
14092,CUST_401,PROD_69,3,2026-01-03 11:05:16
14093,CUST_323,PROD_63,1,2026-01-06 04:13:52
14094,CUST_447,PROD_60,3,2026-01-05 10:55:51
14095,CUST_17,PROD_12,4,2026-01-11 04:02:20
14096,CUST_264,PROD_59,2,2026-01-20 21:25:00
14097,CUST_162,PROD_76,3,2026-01-17 17:59:51
14098,CUST_304,PROD_70,4,2026-01-18 06:26:49
14099,CUST_72,PROD_54,2,2026-01-17 04:19:39
14100,CUST_288,PROD_78,2,2026-01-17 00:26:36
14101,CUST_443,PROD_31,5,2026-01-11 19:51:29
14102,CUST_286,PROD_67,2,2026-01-09 02:54:35
14103,CUST_177,PROD_88,2,2026-01-11 17:19:35
14104,CUST_333,PROD_17,5,2025-12-29 21:41:24
14105,CUST_246,PROD_30,2,2026-01-26 09:19:03
14106,CUST_253,PROD_54,1,2026-01-12 03:43:10
14107,CUST_12,PROD_83,4,2026-01-04 07:02:45
14108,CUST_198,PROD_76,1,2026-01-15 16:45:58
14109,CUST_192,PROD_15,5,2026-01-02 07:48:11
14110,CUST_220,PROD_86,2,2026-01-21 07:51:36
14111,CUST_202,PROD_79,3,2026-01-01 17:43:34
14112,CUST_66,PROD_20,3,2026-01-27 11:21:10
14113,CUST_72,PROD_4,2,2026-01-11 15:07:33
14114,CUST_282,PROD_67,4,2026-01-07 23:14:46
14115,CUST_458,PROD_98,3,2026-01-22 21:15:56
14116,CUST_361,PROD_10,5,2025-12-30 03:27:39
14117,CUST_336,PROD_66,3,2026-01-27 10:42:09
14118,CUST_341,PROD_30,3,2026-01-19 07:18:49
14119,CUST_455,PROD_66,3,2026-01-07 17:01:30
14120,CUST_227,PROD_43,4,2025-12-31 13:50:32
14121,CUST_213,PROD_22,4,2026-01-12 03:51:08
14122,CUST_365,PROD_34,3,2026-01-13 14:08:26
14123,CUST_53,PROD_9,3,2026-01-20 22:55:17
14124,CUST_374,PROD_61,1,2026-01-22 09:00:19
14125,CUST_188,PROD_48,5,2026-01-19 13:31:11
14126,CUST_498,PROD_12,2,2026-01-16 02:35:29
14127,CUST_357,PROD_47,4,2026-01-21 05:32:41
14128,CUST_244,PROD_75,3,2026-01-22 11:55:37
14129,CUST_227,PROD_73,4,2026-01-09 11:15:39
14130,CUST_38,PROD_66,2,2026-01-12 03:55:04
14131,CUST_261,PROD_46,5,2026-01-20 14:11:36
14132,CUST_139,PROD_17,4,2026-01-22 04:00:50
14133,CUST_344,PROD_80,1,2026-01-11 00:53:22
14134,CUST_353,PROD_44,1,2026-01-06 11:53:13
14135,CUST_378,PROD_64,3,2025-12-31 15:54:38
14136,CUST_233,PROD_93,2,2025-12-29 10:19:17
14137,CUST_37,PROD_54,3,2026-01-18 00:35:43
14138,CUST_37,PROD_32,2,2026-01-21 19:23:39
14139,CUST_397,PROD_42,4,2026-01-27 09:39:44
14140,CUST_74,PROD_95,5,2026-01-01 05:19:58
14141,CUST_441,PROD_67,3,2026-01-06 22:24:19
14142,CUST_29,PROD_88,5,2026-01-09 20:23:38
14143,CUST_353,PROD_97,1,2026-01-24 17:21:50
14144,CUST_471,PROD_80,5,2026-01-04 14:06:54
14145,CUST_124,PROD_74,2,2026-01-22 10:17:03
14146,CUST_239,PROD_76,1,2026-01-26 14:34:39
14147,CUST_405,PROD_56,5,2026-01-15 19:14:07
14148,CUST_100,PROD_50,3,2026-01-12 15:24:23
14149,CUST_419,PROD_66,3,2026-01-13 12:23:47
14150,CUST_480,PROD_98,4,2026-01-12 17:39:37
14151,CUST_225,PROD_58,1,2026-01-02 08:28:03
14152,CUST_245,PROD_66,1,2026-01-10 16:30:00
14153,CUST_287,PROD_99,1,2026-01-05 13:38:19
14154,CUST_293,PROD_94,2,2026-01-21 00:41:19
14155,CUST_315,PROD_82,5,2026-01-14 16:45:02
14156,CUST_300,PROD_83,5,2026-01-24 23:43:06
14157,CUST_39,PROD_93,5,2026-01-25 17:33:52
14158,CUST_449,PROD_97,1,2025-12-29 10:52:37
14159,CUST_23,PROD_15,2,2026-01-24 10:53:57
14160,CUST_92,PROD_12,3,2026-01-09 05:05:40
14161,CUST_15,PROD_64,4,2026-01-10 20:55:35
14162,CUST_221,PROD_99,5,2026-01-03 04:17:09
14163,CUST_60,PROD_81,2,2026-01-05 07:14:18
14164,CUST_341,PROD_95,3,2026-01-13 12:51:16
14165,CUST_17,PROD_84,4,2026-01-24 19:40:03
14166,CUST_145,PROD_61,4,2026-01-27 09:35:35
14167,CUST_31,PROD_24,5,2026-01-02 16:32:12
14168,CUST_309,PROD_8,2,2026-01-14 19:13:47
14169,CUST_211,PROD_20,5,2026-01-25 19:27:07
14170,CUST_17,PROD_93,5,2025-12-31 10:02:17
14171,CUST_409,PROD_14,5,2026-01-25 01:27:21
14172,CUST_293,PROD_31,1,2026-01-20 20:22:28
14173,CUST_447,PROD_49,4,2025-12-30 21:05:38
14174,CUST_487,PROD_8,1,2026-01-09 09:20:30
14175,CUST_248,PROD_63,2,2026-01-02 03:19:15
14176,CUST_359,PROD_66,5,2026-01-08 16:02:29
14177,CUST_89,PROD_77,5,2026-01-20 23:35:38
14178,CUST_445,PROD_39,3,2026-01-10 15:40:10
14179,CUST_154,PROD_22,5,2026-01-06 19:24:08
14180,CUST_161,PROD_79,5,2026-01-23 01:34:56
14181,CUST_358,PROD_15,4,2026-01-08 09:12:25
14182,CUST_16,PROD_64,5,2026-01-20 16:10:50
14183,CUST_154,PROD_2,1,2025-12-29 17:58:41
14184,CUST_309,PROD_8,3,2026-01-26 03:13:26
14185,CUST_54,PROD_56,4,2026-01-18 10:33:34
14186,CUST_271,PROD_100,2,2025-12-28 20:52:52
14187,CUST_383,PROD_74,1,2026-01-23 10:42:20
14188,CUST_320,PROD_88,4,2026-01-09 08:26:47
14189,CUST_151,PROD_67,5,2025-12-31 12:06:00
14190,CUST_353,PROD_98,2,2026-01-08 01:28:37
14191,CUST_217,PROD_94,1,2026-01-20 03:34:43
14192,CUST_82,PROD_40,3,2026-01-06 04:43:03
14193,CUST_52,PROD_31,4,2025-12-31 08:59:24
14194,CUST_194,PROD_18,3,2026-01-01 19:44:47
14195,CUST_310,PROD_71,4,2026-01-05 20:37:44
14196,CUST_483,PROD_64,4,2026-01-02 12:42:36
14197,CUST_217,PROD_67,5,2026-01-17 04:47:17
14198,CUST_339,PROD_39,4,2026-01-12 23:53:50
14199,CUST_398,PROD_96,4,2026-01-25 07:20:29
14200,CUST_467,PROD_74,3,2026-01-09 23:53:10
14201,CUST_220,PROD_82,5,2026-01-09 20:52:50
14202,CUST_56,PROD_41,2,2026-01-15 16:37:44
14203,CUST_61,PROD_75,3,2026-01-18 13:09:20
14204,CUST_182,PROD_28,2,2026-01-18 04:53:50
14205,CUST_22,PROD_67,1,2026-01-26 15:47:21
14206,CUST_399,PROD_36,5,2026-01-01 19:23:36
14207,CUST_393,PROD_7,2,2026-01-08 07:16:45
14208,CUST_296,PROD_92,3,2025-12-31 23:11:29
14209,CUST_218,PROD_35,5,2026-01-09 02:23:06
14210,CUST_498,PROD_51,5,2025-12-31 00:59:54
14211,CUST_71,PROD_85,4,2026-01-04 21:42:20
14212,CUST_433,PROD_30,2,2026-01-08 18:42:29
14213,CUST_76,PROD_68,1,2026-01-17 22:31:47
14214,CUST_177,PROD_18,4,2026-01-10 12:25:09
14215,CUST_34,PROD_68,4,2026-01-12 00:30:12
14216,CUST_374,PROD_64,2,2026-01-08 16:22:22
14217,CUST_432,PROD_68,2,2026-01-14 12:55:23
14218,CUST_333,PROD_71,5,2026-01-11 19:55:47
14219,CUST_462,PROD_69,5,2026-01-01 09:48:36
14220,CUST_439,PROD_7,5,2025-12-29 08:42:52
14221,CUST_339,PROD_100,4,2026-01-17 08:46:26
14222,CUST_17,PROD_96,1,2026-01-03 21:47:17
14223,CUST_303,PROD_29,2,2025-12-31 00:01:10
14224,CUST_35,PROD_16,2,2026-01-13 00:02:15
14225,CUST_161,PROD_23,3,2026-01-01 11:53:30
14226,CUST_55,PROD_85,4,2026-01-21 03:18:24
14227,CUST_247,PROD_40,3,2025-12-29 17:30:59
14228,CUST_282,PROD_14,2,2026-01-07 17:08:55
14229,CUST_268,PROD_91,2,2026-01-06 02:36:19
14230,CUST_190,PROD_93,4,2025-12-29 16:32:45
14231,CUST_72,PROD_89,3,2026-01-25 19:27:49
14232,CUST_264,PROD_48,3,2026-01-26 13:49:25
14233,CUST_484,PROD_4,4,2026-01-07 00:15:01
14234,CUST_24,PROD_74,3,2026-01-14 08:19:13
14235,CUST_423,PROD_31,5,2026-01-07 10:21:23
14236,CUST_466,PROD_1,5,2026-01-11 16:28:18
14237,CUST_68,PROD_20,2,2026-01-10 01:53:10
14238,CUST_323,PROD_26,1,2026-01-14 16:42:41
14239,CUST_103,PROD_11,2,2026-01-09 23:28:47
14240,CUST_360,PROD_75,1,2026-01-20 08:55:40
14241,CUST_114,PROD_69,3,2026-01-14 19:47:04
14242,CUST_326,PROD_38,4,2026-01-10 21:04:17
14243,CUST_20,PROD_17,5,2026-01-18 11:03:33
14244,CUST_96,PROD_19,2,2026-01-19 23:39:39
14245,CUST_422,PROD_2,5,2026-01-23 01:35:31
14246,CUST_249,PROD_88,5,2025-12-28 20:46:09
14247,CUST_373,PROD_23,2,2026-01-07 23:53:16
14248,CUST_144,PROD_70,3,2026-01-15 18:07:54
14249,CUST_269,PROD_17,5,2026-01-08 09:41:14
14250,CUST_128,PROD_91,1,2026-01-24 09:02:16
14251,CUST_20,PROD_45,4,2026-01-17 05:34:04
14252,CUST_94,PROD_56,5,2026-01-11 13:49:23
14253,CUST_381,PROD_90,4,2026-01-07 20:43:22
14254,CUST_197,PROD_9,5,2026-01-11 01:18:36
14255,CUST_30,PROD_39,4,2026-01-04 12:48:57
14256,CUST_483,PROD_59,2,2025-12-29 09:05:56
14257,CUST_206,PROD_27,2,2026-01-04 02:47:31
14258,CUST_485,PROD_58,1,2026-01-27 13:46:56
14259,CUST_489,PROD_9,2,2026-01-18 05:08:44
14260,CUST_347,PROD_68,4,2026-01-02 01:41:23
14261,CUST_214,PROD_76,3,2026-01-20 13:29:34
14262,CUST_293,PROD_31,1,2025-12-29 15:25:46
14263,CUST_498,PROD_74,1,2026-01-23 10:06:45
14264,CUST_243,PROD_80,5,2026-01-10 18:14:41
14265,CUST_127,PROD_92,2,2026-01-11 21:54:51
14266,CUST_125,PROD_75,1,2026-01-26 02:22:35
14267,CUST_407,PROD_7,4,2026-01-27 07:35:07
14268,CUST_110,PROD_31,4,2026-01-24 21:14:26
14269,CUST_124,PROD_75,5,2026-01-13 02:53:10
14270,CUST_23,PROD_76,2,2026-01-27 16:31:12
14271,CUST_333,PROD_44,5,2026-01-13 23:47:03
14272,CUST_110,PROD_5,5,2026-01-03 22:10:00
14273,CUST_178,PROD_30,3,2026-01-11 09:06:52
14274,CUST_191,PROD_83,5,2026-01-25 17:19:45
14275,CUST_234,PROD_26,5,2026-01-23 07:08:51
14276,CUST_129,PROD_41,5,2025-12-29 12:29:54
14277,CUST_102,PROD_6,4,2026-01-24 02:07:45
14278,CUST_262,PROD_14,4,2026-01-19 09:33:09
14279,CUST_110,PROD_76,3,2025-12-29 18:48:39
14280,CUST_183,PROD_39,2,2026-01-18 02:40:33
14281,CUST_398,PROD_85,1,2025-12-30 06:25:18
14282,CUST_331,PROD_86,5,2026-01-23 11:04:10
14283,CUST_311,PROD_21,3,2026-01-22 16:54:12
14284,CUST_25,PROD_19,3,2026-01-12 22:22:42
14285,CUST_493,PROD_22,2,2026-01-09 08:21:31
14286,CUST_260,PROD_21,5,2026-01-14 06:58:57
14287,CUST_10,PROD_25,3,2026-01-14 12:40:02
14288,CUST_14,PROD_8,2,2026-01-15 05:29:30
14289,CUST_260,PROD_100,3,2026-01-24 07:59:24
14290,CUST_226,PROD_78,5,2026-01-22 03:22:43
14291,CUST_133,PROD_62,4,2026-01-20 20:32:57
14292,CUST_144,PROD_97,1,2026-01-27 05:06:55
14293,CUST_119,PROD_100,2,2025-12-28 21:09:35
14294,CUST_198,PROD_60,5,2026-01-06 12:06:00
14295,CUST_466,PROD_19,1,2026-01-16 01:36:57
14296,CUST_227,PROD_40,5,2026-01-12 07:31:44
14297,CUST_166,PROD_60,3,2026-01-24 08:52:34
14298,CUST_205,PROD_35,2,2025-12-30 18:03:26
14299,CUST_322,PROD_97,3,2026-01-23 00:45:52
14300,CUST_260,PROD_4,4,2026-01-16 06:41:49
14301,CUST_49,PROD_94,2,2026-01-02 08:54:42
14302,CUST_282,PROD_83,2,2026-01-10 20:25:27
14303,CUST_356,PROD_6,3,2025-12-30 23:00:36
14304,CUST_304,PROD_27,5,2025-12-28 19:31:04
14305,CUST_487,PROD_86,3,2026-01-12 05:14:32
14306,CUST_169,PROD_37,4,2026-01-23 04:44:49
14307,CUST_258,PROD_6,4,2026-01-24 16:01:52
14308,CUST_389,PROD_22,2,2026-01-07 18:43:10
14309,CUST_85,PROD_95,2,2026-01-24 11:07:27
14310,CUST_156,PROD_88,2,2026-01-04 22:36:58
14311,CUST_310,PROD_64,2,2026-01-26 11:25:12
14312,CUST_344,PROD_6,1,2026-01-04 19:27:36
14313,CUST_400,PROD_4,1,2026-01-07 08:07:12
14314,CUST_122,PROD_2,2,2026-01-02 05:25:52
14315,CUST_303,PROD_57,1,2026-01-14 19:31:47
14316,CUST_53,PROD_25,4,2026-01-20 21:57:05
14317,CUST_122,PROD_9,3,2026-01-08 21:36:58
14318,CUST_410,PROD_43,3,2026-01-15 09:07:53
14319,CUST_472,PROD_43,3,2026-01-11 06:09:17
14320,CUST_87,PROD_95,1,2026-01-09 17:09:02
14321,CUST_399,PROD_96,4,2026-01-21 19:43:07
14322,CUST_361,PROD_49,2,2026-01-02 13:37:13
14323,CUST_426,PROD_30,2,2026-01-15 22:48:29
14324,CUST_118,PROD_97,5,2026-01-07 15:09:31
14325,CUST_251,PROD_38,4,2026-01-19 00:44:56
14326,CUST_337,PROD_63,1,2026-01-05 15:24:49
14327,CUST_253,PROD_73,3,2026-01-01 02:47:20
14328,CUST_93,PROD_35,4,2026-01-23 05:48:54
14329,CUST_296,PROD_69,3,2026-01-26 16:25:48
14330,CUST_375,PROD_11,1,2026-01-05 11:42:04
14331,CUST_12,PROD_20,3,2026-01-13 17:22:48
14332,CUST_128,PROD_72,1,2026-01-05 22:39:11
14333,CUST_99,PROD_16,2,2026-01-14 12:43:54
14334,CUST_228,PROD_40,4,2026-01-04 01:58:41
14335,CUST_223,PROD_96,2,2025-12-31 02:20:59
14336,CUST_331,PROD_29,5,2026-01-17 02:30:28
14337,CUST_218,PROD_46,2,2026-01-06 11:47:25
14338,CUST_376,PROD_31,2,2026-01-04 08:01:36
14339,CUST_220,PROD_4,1,2026-01-27 01:58:55
14340,CUST_417,PROD_93,5,2026-01-01 03:51:03
14341,CUST_65,PROD_19,4,2026-01-14 16:33:35
14342,CUST_476,PROD_8,4,2026-01-05 07:12:54
14343,CUST_329,PROD_14,5,2026-01-06 09:45:59
14344,CUST_105,PROD_48,2,2026-01-13 16:38:07
14345,CUST_162,PROD_54,4,2025-12-28 21:05:11
14346,CUST_436,PROD_52,2,2025-12-30 06:42:31
14347,CUST_127,PROD_36,5,2026-01-16 08:26:56
14348,CUST_471,PROD_38,4,2026-01-08 22:42:49
14349,CUST_309,PROD_33,1,2026-01-22 03:53:29
14350,CUST_437,PROD_28,3,2025-12-28 20:48:42
14351,CUST_110,PROD_69,3,2026-01-27 07:04:10
14352,CUST_345,PROD_44,3,2026-01-11 11:32:02
14353,CUST_142,PROD_12,4,2025-12-31 18:39:15
14354,CUST_256,PROD_4,3,2026-01-22 10:08:59
14355,CUST_328,PROD_84,5,2026-01-17 17:36:55
14356,CUST_304,PROD_50,3,2026-01-07 08:39:41
14357,CUST_230,PROD_43,1,2026-01-13 17:38:05
14358,CUST_100,PROD_46,1,2026-01-12 11:07:12
14359,CUST_328,PROD_54,3,2026-01-12 06:29:50
14360,CUST_215,PROD_35,4,2026-01-22 07:38:12
14361,CUST_410,PROD_7,1,2026-01-05 09:17:10
14362,CUST_147,PROD_83,1,2026-01-01 04:58:01
14363,CUST_301,PROD_32,3,2026-01-07 23:19:41
14364,CUST_19,PROD_88,5,2026-01-05 04:15:46
14365,CUST_318,PROD_93,5,2026-01-21 14:36:44
14366,CUST_158,PROD_57,2,2026-01-26 21:28:39
14367,CUST_188,PROD_36,2,2025-12-31 12:22:31
14368,CUST_290,PROD_24,4,2026-01-01 16:50:21
14369,CUST_246,PROD_53,5,2026-01-15 23:08:42
14370,CUST_477,PROD_95,4,2026-01-23 03:08:18
14371,CUST_34,PROD_68,2,2026-01-15 15:40:45
14372,CUST_308,PROD_75,5,2026-01-16 07:17:37
14373,CUST_140,PROD_51,1,2026-01-20 15:27:01
14374,CUST_217,PROD_6,4,2026-01-01 11:47:42
14375,CUST_493,PROD_31,2,2026-01-10 02:21:41
14376,CUST_191,PROD_53,2,2026-01-21 05:10:58
14377,CUST_222,PROD_78,1,2026-01-26 23:25:46
14378,CUST_67,PROD_40,3,2026-01-10 00:23:23
14379,CUST_83,PROD_53,5,2026-01-12 01:28:41
14380,CUST_369,PROD_96,4,2026-01-20 12:34:17
14381,CUST_197,PROD_33,2,2026-01-15 02:11:47
14382,CUST_66,PROD_38,4,2026-01-16 22:23:04
14383,CUST_227,PROD_4,1,2025-12-29 09:14:58
14384,CUST_171,PROD_71,5,2026-01-24 14:58:28
14385,CUST_7,PROD_84,4,2026-01-03 20:55:27
14386,CUST_125,PROD_22,3,2026-01-04 12:50:11
14387,CUST_299,PROD_19,5,2025-12-29 09:26:00
14388,CUST_203,PROD_25,2,2025-12-31 12:29:05
14389,CUST_303,PROD_56,5,2026-01-18 15:17:35
14390,CUST_119,PROD_11,1,2026-01-16 12:25:04
14391,CUST_165,PROD_90,2,2026-01-25 17:15:56
14392,CUST_232,PROD_90,5,2026-01-03 20:28:52
14393,CUST_86,PROD_64,5,2026-01-08 19:44:30
14394,CUST_187,PROD_23,4,2026-01-24 09:53:25
14395,CUST_382,PROD_67,1,2026-01-27 00:51:42
14396,CUST_72,PROD_60,4,2026-01-15 11:57:09
14397,CUST_52,PROD_94,5,2026-01-04 13:36:59
14398,CUST_165,PROD_7,2,2026-01-14 02:30:41
14399,CUST_163,PROD_94,2,2026-01-18 22:41:57
14400,CUST_54,PROD_81,2,2025-12-31 00:27:11
14401,CUST_426,PROD_98,5,2026-01-10 09:41:10
14402,CUST_84,PROD_40,3,2026-01-25 17:21:25
14403,CUST_421,PROD_16,5,2026-01-24 12:29:02
14404,CUST_436,PROD_26,3,2026-01-07 18:51:48
14405,CUST_38,PROD_12,1,2026-01-07 07:42:53
14406,CUST_313,PROD_29,1,2026-01-09 23:24:04
14407,CUST_21,PROD_11,3,2026-01-03 09:23:28
14408,CUST_301,PROD_90,5,2026-01-03 13:11:21
14409,CUST_43,PROD_91,3,2025-12-29 10:56:19
14410,CUST_400,PROD_42,5,2026-01-03 20:58:44
14411,CUST_254,PROD_82,5,2026-01-23 22:38:19
14412,CUST_34,PROD_19,5,2026-01-08 03:29:50
14413,CUST_54,PROD_68,2,2026-01-22 03:01:58
14414,CUST_106,PROD_13,2,2026-01-07 19:34:39
14415,CUST_347,PROD_5,1,2026-01-14 00:27:04
14416,CUST_189,PROD_75,4,2026-01-12 17:04:55
14417,CUST_19,PROD_4,3,2026-01-18 06:26:44
14418,CUST_405,PROD_39,2,2026-01-23 22:04:12
14419,CUST_142,PROD_47,4,2026-01-09 03:34:59
14420,CUST_450,PROD_45,2,2026-01-22 12:58:59
14421,CUST_283,PROD_45,5,2026-01-14 17:56:50
14422,CUST_401,PROD_65,5,2025-12-28 21:08:11
14423,CUST_55,PROD_89,4,2026-01-12 12:44:44
14424,CUST_367,PROD_62,3,2026-01-17 06:41:02
14425,CUST_379,PROD_25,3,2026-01-15 18:16:45
14426,CUST_261,PROD_76,4,2026-01-10 00:28:10
14427,CUST_78,PROD_42,5,2026-01-06 23:47:37
14428,CUST_449,PROD_50,2,2026-01-01 11:16:26
14429,CUST_328,PROD_81,1,2025-12-29 13:41:03
14430,CUST_203,PROD_20,5,2026-01-12 13:42:39
14431,CUST_493,PROD_79,2,2025-12-30 18:25:02
14432,CUST_137,PROD_93,4,2026-01-13 07:56:50
14433,CUST_278,PROD_87,4,2025-12-29 01:59:16
14434,CUST_459,PROD_51,3,2026-01-18 17:02:28
14435,CUST_124,PROD_40,5,2026-01-19 07:56:35
14436,CUST_489,PROD_83,4,2026-01-22 08:36:53
14437,CUST_121,PROD_100,5,2025-12-29 18:42:10
14438,CUST_219,PROD_46,3,2025-12-29 01:51:52
14439,CUST_124,PROD_75,1,2026-01-09 23:17:58
14440,CUST_344,PROD_8,2,2026-01-24 02:46:03
14441,CUST_421,PROD_14,3,2026-01-03 11:49:08
14442,CUST_180,PROD_1,3,2026-01-11 05:20:11
14443,CUST_193,PROD_62,2,2026-01-14 00:08:27
14444,CUST_207,PROD_75,4,2026-01-27 03:59:03
14445,CUST_115,PROD_80,4,2026-01-21 11:20:55
14446,CUST_354,PROD_7,2,2026-01-03 18:26:21
14447,CUST_100,PROD_75,5,2026-01-19 06:34:19
14448,CUST_363,PROD_41,1,2025-12-29 07:08:14
14449,CUST_175,PROD_11,5,2026-01-07 12:55:37
14450,CUST_399,PROD_46,4,2026-01-14 22:41:59
14451,CUST_121,PROD_98,3,2026-01-10 01:43:22
14452,CUST_52,PROD_37,5,2026-01-08 18:50:22
14453,CUST_347,PROD_39,2,2026-01-24 09:43:44
14454,CUST_365,PROD_82,5,2026-01-18 11:09:53
14455,CUST_284,PROD_94,1,2026-01-17 17:06:25
14456,CUST_201,PROD_85,5,2026-01-24 16:15:07
14457,CUST_291,PROD_35,3,2026-01-15 15:51:37
14458,CUST_94,PROD_39,5,2025-12-30 03:56:04
14459,CUST_239,PROD_71,3,2026-01-21 00:34:23
14460,CUST_352,PROD_82,1,2026-01-26 02:40:01
14461,CUST_356,PROD_56,5,2026-01-24 10:00:45
14462,CUST_394,PROD_68,5,2026-01-20 07:49:11
14463,CUST_375,PROD_20,3,2026-01-11 05:53:34
14464,CUST_175,PROD_78,1,2026-01-24 00:14:17
14465,CUST_243,PROD_56,5,2026-01-21 21:06:57
14466,CUST_18,PROD_12,2,2026-01-01 13:37:58
14467,CUST_4,PROD_83,2,2026-01-25 19:53:38
14468,CUST_141,PROD_60,5,2026-01-19 13:55:24
14469,CUST_196,PROD_72,1,2026-01-09 10:25:31
14470,CUST_157,PROD_6,5,2026-01-05 02:15:27
14471,CUST_176,PROD_30,4,2026-01-27 11:59:03
14472,CUST_218,PROD_8,4,2026-01-22 12:50:10
14473,CUST_111,PROD_21,2,2025-12-29 01:13:16
14474,CUST_333,PROD_11,2,2026-01-17 03:35:16
14475,CUST_213,PROD_81,3,2026-01-17 01:29:05
14476,CUST_111,PROD_82,1,2026-01-18 17:01:24
14477,CUST_76,PROD_3,4,2026-01-08 10:27:07
14478,CUST_233,PROD_35,5,2026-01-12 12:20:39
14479,CUST_43,PROD_24,5,2026-01-06 12:53:14
14480,CUST_321,PROD_64,3,2026-01-07 09:30:09
14481,CUST_22,PROD_44,1,2026-01-01 16:16:52
14482,CUST_309,PROD_58,4,2026-01-18 20:16:55
14483,CUST_456,PROD_30,2,2026-01-16 23:10:04
14484,CUST_255,PROD_95,1,2026-01-19 05:36:07
14485,CUST_437,PROD_56,2,2026-01-19 13:33:21
14486,CUST_500,PROD_34,4,2026-01-04 15:14:48
14487,CUST_241,PROD_46,3,2026-01-20 19:03:58
14488,CUST_313,PROD_11,2,2026-01-26 05:19:30
14489,CUST_419,PROD_33,2,2026-01-04 17:34:56
14490,CUST_241,PROD_74,2,2026-01-13 12:45:17
14491,CUST_412,PROD_60,5,2026-01-24 08:30:53
14492,CUST_317,PROD_75,4,2026-01-12 07:30:49
14493,CUST_236,PROD_81,1,2025-12-29 09:43:29
14494,CUST_159,PROD_51,2,2026-01-23 04:40:51
14495,CUST_294,PROD_63,5,2026-01-06 15:44:08
14496,CUST_104,PROD_32,5,2026-01-26 08:51:54
14497,CUST_476,PROD_100,1,2026-01-06 09:22:29
14498,CUST_21,PROD_27,5,2026-01-01 17:08:31
14499,CUST_214,PROD_50,1,2026-01-07 19:28:45
14500,CUST_226,PROD_20,4,2025-12-29 11:33:45
14501,CUST_467,PROD_88,4,2026-01-16 20:00:37
14502,CUST_454,PROD_84,1,2026-01-21 15:42:06
14503,CUST_377,PROD_36,1,2026-01-06 08:57:44
14504,CUST_350,PROD_29,3,2026-01-07 02:14:08
14505,CUST_345,PROD_30,2,2026-01-18 14:02:07
14506,CUST_438,PROD_96,4,2026-01-24 19:07:43
14507,CUST_370,PROD_14,2,2026-01-03 12:55:39
14508,CUST_368,PROD_26,5,2026-01-07 15:46:03
14509,CUST_27,PROD_16,3,2026-01-18 01:54:50
14510,CUST_199,PROD_89,2,2026-01-16 04:56:50
14511,CUST_368,PROD_7,1,2026-01-19 04:22:24
14512,CUST_495,PROD_58,4,2025-12-29 17:29:45
14513,CUST_192,PROD_14,2,2026-01-18 01:09:12
14514,CUST_260,PROD_42,1,2026-01-02 19:32:47
14515,CUST_400,PROD_35,4,2026-01-22 02:30:01
14516,CUST_56,PROD_40,2,2026-01-25 10:00:17
14517,CUST_416,PROD_59,2,2026-01-27 08:03:04
14518,CUST_173,PROD_6,2,2026-01-21 19:54:45
14519,CUST_2,PROD_44,3,2026-01-24 20:38:40
14520,CUST_197,PROD_89,2,2026-01-10 15:25:28
14521,CUST_130,PROD_45,5,2026-01-12 17:08:12
14522,CUST_42,PROD_35,4,2026-01-23 07:25:47
14523,CUST_430,PROD_100,3,2026-01-17 11:28:27
14524,CUST_309,PROD_51,1,2026-01-05 18:37:29
14525,CUST_343,PROD_98,4,2026-01-21 15:12:50
14526,CUST_389,PROD_95,5,2026-01-18 15:14:22
14527,CUST_410,PROD_10,1,2025-12-31 12:09:34
14528,CUST_313,PROD_99,5,2026-01-01 06:59:35
14529,CUST_478,PROD_9,2,2025-12-29 07:59:59
14530,CUST_338,PROD_93,2,2026-01-21 20:54:37
14531,CUST_399,PROD_80,5,2026-01-22 15:36:15
14532,CUST_240,PROD_62,4,2026-01-05 21:39:00
14533,CUST_287,PROD_82,5,2026-01-18 21:06:20
14534,CUST_349,PROD_84,4,2026-01-01 23:37:19
14535,CUST_408,PROD_14,4,2026-01-11 05:56:47
14536,CUST_256,PROD_41,5,2026-01-04 23:00:12
14537,CUST_77,PROD_7,2,2026-01-19 07:08:11
14538,CUST_284,PROD_78,5,2026-01-07 17:23:39
14539,CUST_167,PROD_80,1,2026-01-15 05:27:57
14540,CUST_107,PROD_46,1,2025-12-30 21:19:36
14541,CUST_431,PROD_98,3,2026-01-05 15:10:18
14542,CUST_132,PROD_10,4,2026-01-26 15:51:44
14543,CUST_215,PROD_36,4,2026-01-27 00:25:16
14544,CUST_149,PROD_73,5,2026-01-26 12:19:04
14545,CUST_157,PROD_43,3,2026-01-27 12:12:52
14546,CUST_239,PROD_93,1,2025-12-30 13:42:16
14547,CUST_233,PROD_17,2,2026-01-19 20:56:43
14548,CUST_452,PROD_88,1,2026-01-20 03:54:31
14549,CUST_304,PROD_75,1,2026-01-01 07:08:37
14550,CUST_186,PROD_10,4,2026-01-21 12:25:14
14551,CUST_362,PROD_53,1,2026-01-07 17:47:16
14552,CUST_114,PROD_55,2,2026-01-15 03:43:28
14553,CUST_287,PROD_72,3,2026-01-06 05:41:20
14554,CUST_491,PROD_49,5,2026-01-20 02:29:25
14555,CUST_87,PROD_53,2,2025-12-31 23:01:36
14556,CUST_167,PROD_44,3,2026-01-07 16:54:21
14557,CUST_161,PROD_96,4,2026-01-22 14:07:16
14558,CUST_353,PROD_45,4,2026-01-13 14:04:40
14559,CUST_115,PROD_31,1,2026-01-15 01:59:55
14560,CUST_101,PROD_75,3,2025-12-30 04:24:52
14561,CUST_92,PROD_38,1,2025-12-31 09:29:15
14562,CUST_40,PROD_18,1,2025-12-29 20:39:57
14563,CUST_370,PROD_12,3,2026-01-09 13:57:11
14564,CUST_76,PROD_83,5,2026-01-19 10:03:33
14565,CUST_125,PROD_70,3,2026-01-24 08:05:16
14566,CUST_339,PROD_11,3,2026-01-01 11:10:41
14567,CUST_229,PROD_14,3,2026-01-10 08:28:56
14568,CUST_120,PROD_15,5,2026-01-01 06:35:07
14569,CUST_287,PROD_89,2,2026-01-26 12:40:26
14570,CUST_52,PROD_45,4,2026-01-03 05:11:59
14571,CUST_404,PROD_1,4,2026-01-17 15:21:35
14572,CUST_389,PROD_34,1,2026-01-25 11:06:29
14573,CUST_336,PROD_47,2,2026-01-11 12:34:41
14574,CUST_415,PROD_26,4,2026-01-23 20:55:03
14575,CUST_325,PROD_74,2,2026-01-20 12:31:54
14576,CUST_304,PROD_34,4,2026-01-12 15:54:26
14577,CUST_301,PROD_74,4,2026-01-01 09:01:27
14578,CUST_67,PROD_37,3,2026-01-14 22:58:29
14579,CUST_332,PROD_94,4,2026-01-22 16:08:07
14580,CUST_421,PROD_23,5,2026-01-14 14:49:35
14581,CUST_438,PROD_96,5,2026-01-17 08:02:20
14582,CUST_348,PROD_22,1,2026-01-09 02:54:20
14583,CUST_165,PROD_31,2,2026-01-15 04:22:04
14584,CUST_470,PROD_73,1,2026-01-07 02:10:44
14585,CUST_386,PROD_69,3,2026-01-07 08:58:37
14586,CUST_489,PROD_29,5,2026-01-20 08:01:32
14587,CUST_213,PROD_37,4,2026-01-18 22:22:39
14588,CUST_374,PROD_92,5,2026-01-05 16:27:58
14589,CUST_202,PROD_78,2,2026-01-20 01:26:45
14590,CUST_250,PROD_88,3,2026-01-18 21:15:01
14591,CUST_465,PROD_89,4,2026-01-02 10:38:46
14592,CUST_315,PROD_1,2,2026-01-02 06:30:23
14593,CUST_115,PROD_51,4,2026-01-11 00:20:24
14594,CUST_325,PROD_21,5,2026-01-13 02:33:10
14595,CUST_248,PROD_67,3,2026-01-21 09:30:06
14596,CUST_360,PROD_14,2,2026-01-08 10:04:24
14597,CUST_140,PROD_10,1,2026-01-02 02:46:57
14598,CUST_127,PROD_46,4,2026-01-17 05:35:43
14599,CUST_346,PROD_47,4,2026-01-03 04:17:25
14600,CUST_329,PROD_12,1,2026-01-01 22:59:23
14601,CUST_466,PROD_23,3,2026-01-03 14:40:21
14602,CUST_345,PROD_67,3,2026-01-04 22:36:02
14603,CUST_87,PROD_17,5,2026-01-18 14:35:31
14604,CUST_445,PROD_83,1,2026-01-27 01:54:50
14605,CUST_237,PROD_14,3,2026-01-02 12:38:56
14606,CUST_245,PROD_67,1,2026-01-25 16:10:01
14607,CUST_356,PROD_61,4,2026-01-15 00:25:20
14608,CUST_300,PROD_100,3,2026-01-26 16:00:39
14609,CUST_410,PROD_63,1,2026-01-16 22:52:58
14610,CUST_443,PROD_52,4,2026-01-11 09:02:23
14611,CUST_365,PROD_88,1,2026-01-27 02:57:23
14612,CUST_487,PROD_61,2,2026-01-02 10:33:39
14613,CUST_337,PROD_43,5,2026-01-03 14:51:10
14614,CUST_11,PROD_48,1,2026-01-08 00:25:50
14615,CUST_311,PROD_90,5,2026-01-22 18:49:21
14616,CUST_226,PROD_21,1,2026-01-23 15:55:49
14617,CUST_108,PROD_1,2,2026-01-19 12:58:20
14618,CUST_353,PROD_17,1,2026-01-06 13:44:16
14619,CUST_31,PROD_17,5,2026-01-06 02:19:49
14620,CUST_269,PROD_40,3,2025-12-29 06:13:33
14621,CUST_430,PROD_74,4,2026-01-22 11:17:11
14622,CUST_227,PROD_59,3,2026-01-18 13:51:31
14623,CUST_454,PROD_33,2,2026-01-24 16:46:03
14624,CUST_271,PROD_82,5,2026-01-16 08:34:49
14625,CUST_263,PROD_39,1,2026-01-19 13:05:37
14626,CUST_200,PROD_25,1,2026-01-23 07:04:27
14627,CUST_102,PROD_79,4,2026-01-19 14:32:50
14628,CUST_400,PROD_62,1,2026-01-24 00:57:31
14629,CUST_312,PROD_40,2,2026-01-04 15:48:01
14630,CUST_388,PROD_68,4,2026-01-21 00:56:45
14631,CUST_50,PROD_68,5,2025-12-29 06:16:28
14632,CUST_30,PROD_64,5,2025-12-31 14:30:42
14633,CUST_185,PROD_6,1,2026-01-14 13:56:02
14634,CUST_411,PROD_87,2,2026-01-20 04:48:35
14635,CUST_484,PROD_47,5,2026-01-02 22:19:13
14636,CUST_230,PROD_18,1,2026-01-14 10:05:51
14637,CUST_104,PROD_89,5,2026-01-19 05:38:29
14638,CUST_3,PROD_25,5,2026-01-09 09:45:48
14639,CUST_19,PROD_9,4,2026-01-16 09:19:56
14640,CUST_349,PROD_46,5,2026-01-21 16:39:25
14641,CUST_165,PROD_31,4,2026-01-15 05:00:11
14642,CUST_171,PROD_30,3,2026-01-11 01:24:20
14643,CUST_348,PROD_28,5,2026-01-15 06:59:04
14644,CUST_460,PROD_5,3,2025-12-30 03:06:41
14645,CUST_41,PROD_60,2,2026-01-22 08:18:16
14646,CUST_269,PROD_90,1,2026-01-11 17:36:44
14647,CUST_309,PROD_39,5,2026-01-20 04:21:10
14648,CUST_90,PROD_87,1,2026-01-04 00:50:00
14649,CUST_195,PROD_26,2,2026-01-25 08:38:42
14650,CUST_287,PROD_97,5,2026-01-23 12:53:58
14651,CUST_318,PROD_71,4,2025-12-30 19:24:29
14652,CUST_298,PROD_25,5,2025-12-31 08:43:26
14653,CUST_398,PROD_33,5,2026-01-26 09:34:04
14654,CUST_96,PROD_36,4,2026-01-12 17:21:47
14655,CUST_416,PROD_10,2,2026-01-15 02:04:21
14656,CUST_262,PROD_41,2,2026-01-05 02:25:42
14657,CUST_307,PROD_79,3,2026-01-15 20:20:04
14658,CUST_323,PROD_52,4,2025-12-31 20:08:16
14659,CUST_87,PROD_27,3,2026-01-25 16:25:27
14660,CUST_374,PROD_33,3,2026-01-10 05:55:27
14661,CUST_432,PROD_13,3,2026-01-06 22:27:21
14662,CUST_172,PROD_33,2,2026-01-08 06:47:00
14663,CUST_330,PROD_23,4,2025-12-31 08:29:02
14664,CUST_201,PROD_68,4,2026-01-26 05:37:25
14665,CUST_320,PROD_49,5,2026-01-04 16:29:21
14666,CUST_366,PROD_12,5,2026-01-05 01:30:05
14667,CUST_233,PROD_26,1,2026-01-23 13:42:25
14668,CUST_99,PROD_13,4,2026-01-14 03:50:07
14669,CUST_75,PROD_32,2,2026-01-19 06:32:08
14670,CUST_264,PROD_50,5,2026-01-17 04:44:47
14671,CUST_209,PROD_3,1,2026-01-18 09:46:40
14672,CUST_11,PROD_88,5,2026-01-26 10:42:44
14673,CUST_310,PROD_82,2,2026-01-16 00:34:30
14674,CUST_309,PROD_78,1,2026-01-04 15:49:26
14675,CUST_233,PROD_50,3,2026-01-19 14:11:26
14676,CUST_249,PROD_70,1,2026-01-21 19:46:12
14677,CUST_335,PROD_29,1,2026-01-20 18:01:39
14678,CUST_35,PROD_46,4,2026-01-01 06:58:23
14679,CUST_5,PROD_18,4,2025-12-31 22:25:34
14680,CUST_361,PROD_54,5,2026-01-19 20:44:59
14681,CUST_311,PROD_85,5,2025-12-29 18:33:57
14682,CUST_41,PROD_35,5,2026-01-12 15:01:39
14683,CUST_213,PROD_64,4,2026-01-13 10:48:15
14684,CUST_350,PROD_63,3,2026-01-01 09:31:28
14685,CUST_225,PROD_80,5,2026-01-18 01:23:31
14686,CUST_22,PROD_41,3,2026-01-25 06:45:03
14687,CUST_403,PROD_94,2,2026-01-05 00:16:47
14688,CUST_193,PROD_18,3,2026-01-12 07:36:17
14689,CUST_341,PROD_92,2,2026-01-17 17:11:33
14690,CUST_486,PROD_49,3,2025-12-30 14:41:10
14691,CUST_421,PROD_54,4,2026-01-25 01:02:35
14692,CUST_350,PROD_3,4,2026-01-18 03:33:18
14693,CUST_436,PROD_43,1,2026-01-12 18:47:55
14694,CUST_84,PROD_12,5,2026-01-01 20:01:04
14695,CUST_300,PROD_54,3,2026-01-18 21:42:32
14696,CUST_379,PROD_65,1,2026-01-21 12:51:08
14697,CUST_98,PROD_6,1,2026-01-07 23:46:17
14698,CUST_176,PROD_99,3,2026-01-27 03:21:30
14699,CUST_46,PROD_9,2,2026-01-24 03:03:41
14700,CUST_42,PROD_89,5,2026-01-09 08:33:22
14701,CUST_71,PROD_9,2,2025-12-28 21:27:43
14702,CUST_411,PROD_56,1,2025-12-31 09:34:39
14703,CUST_143,PROD_45,5,2026-01-11 00:10:58
14704,CUST_381,PROD_91,5,2026-01-20 13:05:31
14705,CUST_496,PROD_76,5,2026-01-27 08:05:16
14706,CUST_427,PROD_51,2,2026-01-15 18:11:21
14707,CUST_281,PROD_79,4,2026-01-05 10:49:01
14708,CUST_1,PROD_14,5,2026-01-16 19:37:56
14709,CUST_419,PROD_10,2,2026-01-16 20:07:51
14710,CUST_12,PROD_76,1,2026-01-12 07:13:05
14711,CUST_277,PROD_18,1,2026-01-02 16:45:37
14712,CUST_195,PROD_36,3,2026-01-21 11:34:17
14713,CUST_258,PROD_80,3,2026-01-14 09:56:50
14714,CUST_235,PROD_27,5,2026-01-11 16:44:19
14715,CUST_110,PROD_99,3,2026-01-05 18:05:54
14716,CUST_487,PROD_3,5,2026-01-02 19:10:40
14717,CUST_53,PROD_25,3,2026-01-23 21:28:36
14718,CUST_124,PROD_69,4,2026-01-19 00:44:12
14719,CUST_492,PROD_76,1,2026-01-07 14:33:20
14720,CUST_304,PROD_4,5,2026-01-02 04:48:55
14721,CUST_258,PROD_80,5,2026-01-13 00:52:03
14722,CUST_479,PROD_33,4,2026-01-15 22:54:15
14723,CUST_155,PROD_86,3,2026-01-21 02:24:48
14724,CUST_434,PROD_51,2,2026-01-02 01:26:41
14725,CUST_134,PROD_35,3,2026-01-26 08:51:23
14726,CUST_164,PROD_99,1,2026-01-04 17:28:34
14727,CUST_45,PROD_4,3,2026-01-24 06:42:50
14728,CUST_310,PROD_100,4,2026-01-07 23:52:28
14729,CUST_339,PROD_20,5,2026-01-18 22:30:30
14730,CUST_254,PROD_44,2,2026-01-12 08:27:02
14731,CUST_452,PROD_95,5,2026-01-17 20:25:00
14732,CUST_440,PROD_78,2,2026-01-03 14:52:40
14733,CUST_304,PROD_30,2,2026-01-24 01:16:25
14734,CUST_99,PROD_77,1,2026-01-14 01:41:03
14735,CUST_65,PROD_8,2,2026-01-20 03:46:13
14736,CUST_346,PROD_54,5,2026-01-07 09:48:27
14737,CUST_498,PROD_18,5,2026-01-12 21:16:41
14738,CUST_33,PROD_23,1,2026-01-16 00:52:06
14739,CUST_391,PROD_87,2,2026-01-14 05:51:16
14740,CUST_255,PROD_41,3,2026-01-08 05:11:29
14741,CUST_413,PROD_75,5,2026-01-04 13:57:46
14742,CUST_281,PROD_61,2,2025-12-30 13:44:58
14743,CUST_63,PROD_78,4,2026-01-06 20:44:19
14744,CUST_341,PROD_46,2,2026-01-04 15:30:27
14745,CUST_245,PROD_94,3,2026-01-23 20:50:55
14746,CUST_158,PROD_6,3,2026-01-22 13:03:40
14747,CUST_399,PROD_31,2,2026-01-26 23:16:00
14748,CUST_135,PROD_7,1,2026-01-03 23:47:49
14749,CUST_409,PROD_92,1,2026-01-25 09:02:59
14750,CUST_214,PROD_97,1,2026-01-03 19:46:51
14751,CUST_175,PROD_78,3,2025-12-31 23:00:24
14752,CUST_269,PROD_62,3,2026-01-25 01:37:09
14753,CUST_425,PROD_2,4,2026-01-13 00:49:11
14754,CUST_219,PROD_46,1,2025-12-29 16:33:14
14755,CUST_490,PROD_66,3,2026-01-24 02:20:40
14756,CUST_16,PROD_22,1,2026-01-09 18:04:07
14757,CUST_172,PROD_72,5,2026-01-21 04:36:26
14758,CUST_288,PROD_5,4,2026-01-27 08:30:37
14759,CUST_60,PROD_13,4,2026-01-21 22:23:19
14760,CUST_91,PROD_26,3,2025-12-30 05:59:56
14761,CUST_292,PROD_46,1,2025-12-29 05:06:45
14762,CUST_119,PROD_88,5,2026-01-14 06:03:30
14763,CUST_168,PROD_50,4,2026-01-16 03:21:44
14764,CUST_94,PROD_77,3,2026-01-16 14:14:04
14765,CUST_268,PROD_35,4,2026-01-07 22:09:56
14766,CUST_253,PROD_3,2,2026-01-18 00:22:59
14767,CUST_183,PROD_16,4,2026-01-15 00:53:47
14768,CUST_413,PROD_84,5,2026-01-03 22:11:45
14769,CUST_53,PROD_91,4,2026-01-26 14:12:38
14770,CUST_140,PROD_60,4,2026-01-02 02:22:27
14771,CUST_93,PROD_74,1,2026-01-07 16:23:06
14772,CUST_166,PROD_43,1,2026-01-09 05:25:48
14773,CUST_473,PROD_79,2,2025-12-31 08:26:59
14774,CUST_414,PROD_16,4,2025-12-31 21:09:57
14775,CUST_289,PROD_42,1,2026-01-22 11:50:55
14776,CUST_345,PROD_57,1,2026-01-02 17:08:48
14777,CUST_374,PROD_72,1,2026-01-22 14:47:03
14778,CUST_265,PROD_23,2,2025-12-31 20:00:21
14779,CUST_418,PROD_75,4,2026-01-16 20:38:44
14780,CUST_202,PROD_78,4,2026-01-07 09:18:54
14781,CUST_88,PROD_51,2,2026-01-02 13:39:17
14782,CUST_435,PROD_3,3,2025-12-31 08:10:48
14783,CUST_162,PROD_39,4,2025-12-31 19:19:59
14784,CUST_119,PROD_47,4,2026-01-04 16:33:21
14785,CUST_176,PROD_65,4,2026-01-16 17:20:24
14786,CUST_331,PROD_80,5,2026-01-24 16:28:02
14787,CUST_239,PROD_17,5,2026-01-10 15:59:01
14788,CUST_286,PROD_56,4,2026-01-01 13:36:35
14789,CUST_446,PROD_72,2,2026-01-18 03:57:14
14790,CUST_377,PROD_18,2,2026-01-23 05:19:18
14791,CUST_319,PROD_73,2,2026-01-10 12:03:25
14792,CUST_376,PROD_70,4,2026-01-04 09:28:10
14793,CUST_420,PROD_75,3,2026-01-08 18:08:26
14794,CUST_349,PROD_45,1,2026-01-07 21:07:56
14795,CUST_246,PROD_54,1,2026-01-02 19:25:20
14796,CUST_216,PROD_16,1,2026-01-07 14:27:52
14797,CUST_365,PROD_40,1,2026-01-19 07:45:41
14798,CUST_54,PROD_99,2,2026-01-19 06:02:35
14799,CUST_245,PROD_96,4,2026-01-26 10:30:11
14800,CUST_138,PROD_9,3,2026-01-06 15:32:51
14801,CUST_73,PROD_53,2,2025-12-29 12:47:33
14802,CUST_3,PROD_76,4,2026-01-17 10:00:21
14803,CUST_222,PROD_26,3,2026-01-06 09:07:02
14804,CUST_25,PROD_63,2,2026-01-16 01:45:06
14805,CUST_416,PROD_35,3,2026-01-22 13:52:33
14806,CUST_430,PROD_43,3,2026-01-08 16:43:49
14807,CUST_127,PROD_1,4,2026-01-04 07:43:34
14808,CUST_71,PROD_87,5,2026-01-08 23:57:59
14809,CUST_173,PROD_89,1,2026-01-20 15:41:12
14810,CUST_256,PROD_11,2,2026-01-09 17:41:21
14811,CUST_314,PROD_70,4,2026-01-14 11:10:09
14812,CUST_374,PROD_30,1,2026-01-26 04:40:22
14813,CUST_93,PROD_17,3,2026-01-22 23:35:35
14814,CUST_195,PROD_16,4,2026-01-24 19:18:15
14815,CUST_175,PROD_70,3,2026-01-01 18:51:37
14816,CUST_18,PROD_25,5,2026-01-12 21:35:07
14817,CUST_365,PROD_28,4,2026-01-22 01:24:44
14818,CUST_87,PROD_7,3,2026-01-08 08:05:44
14819,CUST_367,PROD_72,1,2026-01-17 05:40:10
14820,CUST_237,PROD_61,5,2026-01-27 14:47:41
14821,CUST_7,PROD_56,4,2026-01-20 16:02:21
14822,CUST_268,PROD_64,3,2026-01-11 17:04:02
14823,CUST_29,PROD_96,3,2026-01-18 20:13:44
14824,CUST_496,PROD_90,5,2026-01-08 21:48:46
14825,CUST_2,PROD_92,2,2026-01-02 21:55:05
14826,CUST_313,PROD_60,3,2025-12-31 22:26:33
14827,CUST_145,PROD_65,3,2026-01-18 18:05:59
14828,CUST_317,PROD_55,3,2026-01-16 18:39:01
14829,CUST_305,PROD_91,4,2026-01-18 11:12:30
14830,CUST_317,PROD_1,5,2026-01-15 02:18:34
14831,CUST_491,PROD_42,2,2026-01-04 14:36:25
14832,CUST_94,PROD_30,5,2026-01-19 08:36:19
14833,CUST_25,PROD_57,5,2026-01-15 23:35:54
14834,CUST_25,PROD_14,5,2026-01-07 12:34:46
14835,CUST_181,PROD_43,2,2026-01-09 14:14:39
14836,CUST_270,PROD_64,2,2026-01-25 13:02:02
14837,CUST_8,PROD_25,4,2026-01-22 15:27:55
14838,CUST_331,PROD_88,4,2026-01-08 02:27:34
14839,CUST_285,PROD_1,2,2026-01-20 03:58:31
14840,CUST_495,PROD_24,5,2025-12-30 15:59:35
14841,CUST_382,PROD_72,4,2026-01-18 01:46:49
14842,CUST_106,PROD_50,3,2026-01-20 23:44:33
14843,CUST_304,PROD_25,4,2026-01-06 03:52:04
14844,CUST_108,PROD_25,3,2026-01-04 02:19:50
14845,CUST_88,PROD_65,5,2026-01-14 08:03:56
14846,CUST_443,PROD_68,2,2026-01-17 16:24:39
14847,CUST_243,PROD_79,1,2026-01-07 00:44:35
14848,CUST_100,PROD_52,3,2026-01-21 23:37:39
14849,CUST_347,PROD_66,1,2026-01-22 14:44:57
14850,CUST_345,PROD_41,4,2026-01-09 15:36:32
14851,CUST_476,PROD_27,3,2026-01-11 14:10:45
14852,CUST_158,PROD_79,4,2026-01-17 04:09:37
14853,CUST_365,PROD_87,1,2026-01-24 02:55:30
14854,CUST_303,PROD_49,3,2026-01-24 05:01:23
14855,CUST_128,PROD_11,5,2026-01-08 02:53:47
14856,CUST_40,PROD_95,3,2025-12-29 18:21:28
14857,CUST_480,PROD_39,3,2026-01-15 17:32:15
14858,CUST_298,PROD_4,5,2026-01-03 04:49:08
14859,CUST_487,PROD_40,2,2026-01-09 03:58:42
14860,CUST_263,PROD_47,3,2026-01-02 18:46:40
14861,CUST_477,PROD_37,3,2026-01-26 19:49:26
14862,CUST_407,PROD_16,4,2026-01-03 14:41:15
14863,CUST_134,PROD_48,5,2026-01-16 08:16:14
14864,CUST_155,PROD_83,3,2026-01-26 00:50:01
14865,CUST_459,PROD_8,4,2026-01-16 16:30:55
14866,CUST_474,PROD_14,1,2026-01-23 03:20:35
14867,CUST_164,PROD_8,2,2026-01-06 21:56:58
14868,CUST_136,PROD_60,5,2026-01-03 10:00:16
14869,CUST_338,PROD_15,1,2026-01-10 04:11:39
14870,CUST_439,PROD_49,1,2026-01-22 06:57:00
14871,CUST_28,PROD_31,4,2026-01-21 02:14:43
14872,CUST_7,PROD_94,1,2026-01-23 08:18:50
14873,CUST_408,PROD_59,5,2025-12-29 07:53:03
14874,CUST_382,PROD_34,5,2026-01-25 08:33:14
14875,CUST_387,PROD_73,3,2026-01-14 09:22:20
14876,CUST_182,PROD_69,2,2026-01-26 18:29:18
14877,CUST_100,PROD_97,3,2026-01-26 19:58:36
14878,CUST_314,PROD_41,1,2026-01-26 14:18:34
14879,CUST_445,PROD_37,3,2026-01-16 22:35:59
14880,CUST_277,PROD_100,2,2026-01-21 07:31:16
14881,CUST_407,PROD_65,1,2026-01-10 12:27:26
14882,CUST_88,PROD_35,1,2026-01-24 09:57:45
14883,CUST_304,PROD_52,5,2026-01-18 19:57:57
14884,CUST_147,PROD_76,5,2026-01-20 06:00:04
14885,CUST_154,PROD_8,1,2026-01-21 14:01:59
14886,CUST_186,PROD_29,5,2026-01-20 03:48:58
14887,CUST_385,PROD_18,3,2026-01-22 21:00:31
14888,CUST_234,PROD_49,1,2025-12-28 22:02:14
14889,CUST_492,PROD_42,1,2026-01-07 11:20:27
14890,CUST_346,PROD_85,4,2026-01-21 12:17:07
14891,CUST_77,PROD_22,5,2026-01-09 04:17:02
14892,CUST_411,PROD_84,3,2026-01-20 05:01:07
14893,CUST_297,PROD_89,4,2026-01-01 16:12:59
14894,CUST_431,PROD_22,2,2026-01-17 03:04:39
14895,CUST_176,PROD_7,1,2026-01-20 17:13:30
14896,CUST_159,PROD_33,2,2026-01-20 17:17:50
14897,CUST_345,PROD_26,5,2026-01-06 21:29:00
14898,CUST_286,PROD_22,5,2026-01-04 05:20:36
14899,CUST_351,PROD_8,5,2026-01-12 07:17:26
14900,CUST_210,PROD_78,1,2026-01-01 06:53:37
14901,CUST_291,PROD_3,5,2026-01-21 13:49:44
14902,CUST_187,PROD_65,1,2026-01-03 19:43:34
14903,CUST_326,PROD_27,2,2026-01-08 02:03:03
14904,CUST_294,PROD_22,5,2026-01-17 16:47:42
14905,CUST_62,PROD_44,3,2026-01-24 21:04:31
14906,CUST_317,PROD_22,4,2025-12-31 11:14:21
14907,CUST_208,PROD_26,3,2026-01-11 14:19:58
14908,CUST_357,PROD_57,5,2026-01-10 09:59:00
14909,CUST_452,PROD_41,4,2026-01-25 15:19:27
14910,CUST_466,PROD_95,1,2026-01-09 05:39:15
14911,CUST_124,PROD_80,5,2026-01-15 22:29:17
14912,CUST_494,PROD_89,4,2026-01-03 10:07:34
14913,CUST_205,PROD_51,5,2026-01-25 12:49:49
14914,CUST_415,PROD_73,1,2026-01-26 00:59:19
14915,CUST_16,PROD_52,2,2026-01-17 05:59:34
14916,CUST_358,PROD_21,2,2026-01-06 11:02:09
14917,CUST_169,PROD_96,5,2026-01-11 16:14:12
14918,CUST_214,PROD_1,2,2026-01-07 03:30:25
14919,CUST_255,PROD_50,4,2026-01-06 14:18:50
14920,CUST_177,PROD_49,1,2026-01-23 17:00:55
14921,CUST_117,PROD_4,3,2025-12-30 09:01:58
14922,CUST_327,PROD_42,3,2026-01-02 05:13:52
14923,CUST_458,PROD_15,1,2026-01-05 08:15:47
14924,CUST_409,PROD_58,1,2026-01-12 17:56:35
14925,CUST_286,PROD_48,2,2026-01-25 04:31:47
14926,CUST_4,PROD_22,4,2026-01-16 05:21:24
14927,CUST_432,PROD_100,4,2026-01-22 19:43:29
14928,CUST_397,PROD_19,4,2026-01-21 02:45:43
14929,CUST_294,PROD_22,5,2026-01-11 00:51:09
14930,CUST_293,PROD_38,4,2026-01-07 23:11:56
14931,CUST_271,PROD_13,3,2026-01-08 02:31:56
14932,CUST_411,PROD_78,2,2026-01-10 18:02:46
14933,CUST_408,PROD_72,2,2026-01-01 12:05:17
14934,CUST_209,PROD_22,3,2026-01-02 11:47:46
14935,CUST_471,PROD_9,1,2026-01-06 01:11:49
14936,CUST_377,PROD_85,3,2026-01-04 15:03:26
14937,CUST_66,PROD_55,2,2026-01-06 05:44:02
14938,CUST_197,PROD_23,2,2026-01-04 17:00:46
14939,CUST_485,PROD_23,3,2026-01-14 13:23:36
14940,CUST_77,PROD_35,4,2026-01-23 21:07:56
14941,CUST_288,PROD_65,3,2026-01-15 02:40:25
14942,CUST_354,PROD_19,2,2026-01-03 03:04:33
14943,CUST_360,PROD_48,2,2026-01-11 23:11:50
14944,CUST_461,PROD_55,4,2026-01-07 22:26:45
14945,CUST_449,PROD_100,1,2026-01-15 02:55:12
14946,CUST_195,PROD_11,2,2026-01-23 11:07:13
14947,CUST_453,PROD_90,4,2026-01-17 21:52:18
14948,CUST_27,PROD_4,1,2026-01-04 11:06:48
14949,CUST_475,PROD_39,3,2026-01-20 04:01:39
14950,CUST_355,PROD_31,4,2026-01-16 02:34:23
14951,CUST_282,PROD_71,3,2026-01-17 06:14:48
14952,CUST_438,PROD_25,4,2026-01-09 20:53:02
14953,CUST_152,PROD_13,2,2026-01-01 22:12:18
14954,CUST_384,PROD_32,5,2026-01-08 20:33:57
14955,CUST_496,PROD_54,2,2026-01-03 07:00:40
14956,CUST_479,PROD_53,2,2026-01-01 12:50:44
14957,CUST_465,PROD_22,3,2026-01-10 04:08:42
14958,CUST_285,PROD_72,3,2026-01-18 09:27:57
14959,CUST_17,PROD_22,3,2026-01-17 22:00:54
14960,CUST_73,PROD_97,5,2026-01-08 09:00:56
14961,CUST_372,PROD_77,2,2026-01-19 19:14:58
14962,CUST_120,PROD_62,5,2026-01-05 02:12:56
14963,CUST_61,PROD_81,4,2026-01-05 02:04:29
14964,CUST_122,PROD_7,5,2026-01-25 10:17:17
14965,CUST_171,PROD_56,1,2026-01-15 18:07:39
14966,CUST_190,PROD_37,1,2026-01-17 07:32:46
14967,CUST_468,PROD_100,1,2026-01-07 05:37:51
14968,CUST_35,PROD_18,1,2026-01-11 00:00:07
14969,CUST_430,PROD_23,4,2026-01-06 07:20:49
14970,CUST_379,PROD_50,2,2026-01-10 11:26:08
14971,CUST_284,PROD_19,5,2026-01-03 17:14:53
14972,CUST_199,PROD_30,5,2026-01-22 21:31:08
14973,CUST_77,PROD_19,1,2026-01-27 09:13:56
14974,CUST_174,PROD_52,2,2026-01-12 08:01:37
14975,CUST_304,PROD_82,2,2026-01-02 08:57:26
14976,CUST_106,PROD_43,5,2026-01-21 15:30:32
14977,CUST_308,PROD_15,1,2026-01-20 13:12:31
14978,CUST_123,PROD_88,4,2026-01-12 14:21:02
14979,CUST_298,PROD_52,2,2026-01-20 09:46:14
14980,CUST_117,PROD_7,3,2025-12-30 22:18:50
14981,CUST_341,PROD_54,5,2026-01-19 04:28:46
14982,CUST_481,PROD_61,5,2026-01-14 06:36:18
14983,CUST_423,PROD_97,5,2026-01-04 23:16:20
14984,CUST_71,PROD_72,3,2026-01-04 14:38:50
14985,CUST_70,PROD_9,2,2026-01-08 08:01:27
14986,CUST_456,PROD_35,3,2026-01-21 08:18:41
14987,CUST_77,PROD_20,2,2026-01-20 19:55:14
14988,CUST_276,PROD_29,4,2026-01-20 04:19:47
14989,CUST_471,PROD_96,2,2026-01-07 17:19:54
14990,CUST_273,PROD_21,2,2026-01-19 07:03:43
14991,CUST_307,PROD_90,1,2026-01-19 12:07:13
14992,CUST_175,PROD_93,4,2026-01-03 01:07:32
14993,CUST_194,PROD_6,5,2026-01-15 13:53:05
14994,CUST_179,PROD_22,3,2026-01-26 01:41:37
14995,CUST_363,PROD_91,3,2026-01-24 11:07:38
14996,CUST_498,PROD_83,1,2026-01-08 06:40:30
14997,CUST_29,PROD_42,4,2026-01-22 11:03:40
14998,CUST_192,PROD_70,4,2026-01-06 09:29:27
14999,CUST_324,PROD_75,2,2026-01-04 09:15:40
15000,CUST_267,PROD_30,1,2026-01-04 07:55:04
15001,CUST_424,PROD_14,1,2026-01-13 04:46:53
15002,CUST_86,PROD_28,2,2026-01-01 16:48:10
15003,CUST_11,PROD_90,3,2026-01-05 03:05:23
15004,CUST_295,PROD_62,4,2025-12-28 21:19:52
15005,CUST_100,PROD_49,4,2025-12-28 18:37:37
15006,CUST_228,PROD_66,4,2026-01-08 23:25:13
15007,CUST_185,PROD_83,5,2026-01-12 11:09:58
15008,CUST_240,PROD_63,5,2026-01-05 02:52:50
15009,CUST_207,PROD_24,5,2026-01-25 00:12:45
15010,CUST_132,PROD_45,4,2026-01-16 08:05:53
15011,CUST_92,PROD_17,4,2026-01-25 11:31:55
15012,CUST_423,PROD_78,1,2026-01-10 08:37:59
15013,CUST_372,PROD_93,3,2026-01-08 22:06:18
15014,CUST_495,PROD_87,2,2026-01-19 11:36:03
15015,CUST_136,PROD_19,2,2025-12-29 08:49:14
15016,CUST_312,PROD_75,3,2026-01-26 18:51:50
15017,CUST_214,PROD_51,2,2025-12-31 05:19:42
15018,CUST_84,PROD_76,4,2025-12-31 22:17:42
15019,CUST_218,PROD_27,3,2026-01-08 09:02:07
15020,CUST_432,PROD_33,4,2026-01-26 04:02:10
15021,CUST_482,PROD_24,2,2026-01-07 04:52:19
15022,CUST_318,PROD_33,2,2026-01-13 07:29:42
15023,CUST_243,PROD_50,3,2026-01-23 08:15:20
15024,CUST_65,PROD_71,5,2026-01-11 03:51:44
15025,CUST_362,PROD_89,5,2026-01-13 10:10:02
15026,CUST_77,PROD_83,2,2026-01-06 02:55:07
15027,CUST_287,PROD_91,3,2025-12-29 16:54:21
15028,CUST_456,PROD_17,5,2026-01-25 16:51:59
15029,CUST_451,PROD_15,2,2026-01-03 07:31:51
15030,CUST_312,PROD_38,1,2026-01-07 13:45:36
15031,CUST_144,PROD_76,1,2026-01-09 21:06:30
15032,CUST_248,PROD_37,3,2026-01-24 22:05:05
15033,CUST_438,PROD_14,5,2026-01-01 01:00:30
15034,CUST_342,PROD_36,5,2026-01-16 22:12:08
15035,CUST_20,PROD_27,3,2026-01-03 01:57:33
15036,CUST_494,PROD_99,1,2026-01-04 19:20:29
15037,CUST_124,PROD_33,3,2026-01-17 19:59:30
15038,CUST_458,PROD_26,1,2026-01-14 04:09:49
15039,CUST_68,PROD_36,2,2026-01-11 17:08:30
15040,CUST_316,PROD_26,4,2026-01-08 05:02:03
15041,CUST_216,PROD_26,2,2026-01-09 02:01:28
15042,CUST_293,PROD_53,2,2025-12-29 11:47:38
15043,CUST_258,PROD_62,4,2026-01-11 10:05:54
15044,CUST_497,PROD_65,1,2025-12-31 00:03:58
15045,CUST_20,PROD_67,4,2026-01-11 08:10:40
15046,CUST_246,PROD_68,3,2026-01-25 21:54:14
15047,CUST_454,PROD_37,4,2026-01-17 15:42:30
15048,CUST_224,PROD_39,5,2026-01-20 02:40:33
15049,CUST_42,PROD_94,5,2026-01-15 00:16:29
15050,CUST_252,PROD_54,2,2026-01-21 04:28:09
15051,CUST_409,PROD_14,2,2026-01-20 04:10:00
15052,CUST_307,PROD_72,3,2026-01-13 13:27:34
15053,CUST_408,PROD_81,4,2026-01-14 20:56:55
15054,CUST_111,PROD_83,3,2026-01-01 18:05:10
15055,CUST_199,PROD_98,3,2025-12-30 09:26:13
15056,CUST_432,PROD_16,3,2026-01-25 09:29:00
15057,CUST_146,PROD_7,1,2026-01-13 21:18:22
15058,CUST_421,PROD_71,2,2026-01-21 00:12:24
15059,CUST_410,PROD_86,4,2026-01-11 07:59:53
15060,CUST_256,PROD_19,5,2026-01-25 19:57:32
15061,CUST_331,PROD_3,3,2026-01-15 04:58:48
15062,CUST_175,PROD_15,5,2025-12-29 03:45:37
15063,CUST_236,PROD_66,3,2026-01-14 02:15:57
15064,CUST_77,PROD_21,4,2026-01-15 20:06:52
15065,CUST_187,PROD_99,2,2026-01-09 04:50:34
15066,CUST_212,PROD_46,3,2026-01-26 02:29:27
15067,CUST_203,PROD_49,1,2026-01-25 11:38:28
15068,CUST_208,PROD_26,1,2026-01-05 15:07:32
15069,CUST_373,PROD_10,5,2026-01-20 23:30:49
15070,CUST_207,PROD_33,2,2026-01-02 23:32:42
15071,CUST_290,PROD_42,2,2026-01-11 13:07:50
15072,CUST_360,PROD_33,5,2026-01-26 06:42:41
15073,CUST_47,PROD_71,1,2025-12-31 21:57:39
15074,CUST_229,PROD_76,3,2026-01-19 01:08:05
15075,CUST_217,PROD_20,5,2026-01-01 22:26:14
15076,CUST_410,PROD_64,4,2026-01-11 14:22:34
15077,CUST_155,PROD_53,5,2026-01-24 04:41:27
15078,CUST_207,PROD_36,1,2026-01-06 04:00:20
15079,CUST_48,PROD_75,4,2026-01-11 15:42:47
15080,CUST_482,PROD_91,2,2026-01-24 22:25:01
15081,CUST_496,PROD_85,4,2026-01-14 14:35:41
15082,CUST_329,PROD_16,2,2025-12-29 21:58:28
15083,CUST_239,PROD_32,3,2026-01-25 21:36:03
15084,CUST_12,PROD_69,1,2026-01-20 13:30:54
15085,CUST_483,PROD_98,4,2025-12-28 22:34:36
15086,CUST_28,PROD_11,3,2026-01-10 00:04:11
15087,CUST_314,PROD_24,4,2026-01-19 04:06:39
15088,CUST_465,PROD_30,3,2026-01-03 20:08:12
15089,CUST_208,PROD_16,4,2026-01-11 10:55:20
15090,CUST_367,PROD_49,5,2026-01-13 11:28:11
15091,CUST_271,PROD_51,2,2026-01-11 08:10:33
15092,CUST_75,PROD_89,4,2026-01-13 10:05:35
15093,CUST_374,PROD_89,4,2026-01-18 22:10:13
15094,CUST_382,PROD_68,4,2026-01-14 00:59:05
15095,CUST_458,PROD_22,2,2026-01-12 23:28:56
15096,CUST_432,PROD_51,5,2025-12-29 12:33:48
15097,CUST_441,PROD_100,3,2026-01-12 19:50:57
15098,CUST_409,PROD_39,5,2026-01-10 17:43:21
15099,CUST_483,PROD_28,4,2026-01-27 18:11:52
15100,CUST_11,PROD_2,2,2026-01-14 21:59:04
15101,CUST_70,PROD_65,2,2026-01-25 00:47:33
15102,CUST_251,PROD_36,5,2026-01-03 05:05:50
15103,CUST_453,PROD_4,2,2026-01-08 04:54:39
15104,CUST_264,PROD_58,2,2026-01-04 16:31:46
15105,CUST_215,PROD_70,1,2026-01-14 03:56:55
15106,CUST_106,PROD_2,3,2026-01-19 23:32:28
15107,CUST_463,PROD_37,2,2025-12-30 23:29:31
15108,CUST_74,PROD_8,3,2026-01-05 14:42:37
15109,CUST_87,PROD_92,4,2026-01-20 06:01:04
15110,CUST_286,PROD_50,3,2026-01-10 02:47:00
15111,CUST_494,PROD_13,1,2026-01-15 22:21:28
15112,CUST_69,PROD_73,4,2026-01-27 01:40:31
15113,CUST_500,PROD_10,4,2026-01-13 19:27:02
15114,CUST_269,PROD_47,1,2025-12-31 07:17:45
15115,CUST_268,PROD_74,1,2026-01-02 01:22:49
15116,CUST_187,PROD_99,3,2026-01-04 11:45:42
15117,CUST_454,PROD_21,1,2026-01-01 10:49:19
15118,CUST_35,PROD_62,2,2026-01-23 12:46:20
15119,CUST_490,PROD_100,4,2026-01-19 22:54:57
15120,CUST_388,PROD_85,4,2026-01-16 06:10:22
15121,CUST_119,PROD_97,5,2026-01-04 14:53:08
15122,CUST_473,PROD_3,4,2026-01-11 08:47:06
15123,CUST_45,PROD_70,4,2026-01-10 10:35:19
15124,CUST_252,PROD_33,4,2026-01-22 16:21:11
15125,CUST_386,PROD_24,1,2025-12-30 23:06:52
15126,CUST_270,PROD_39,3,2025-12-29 12:26:21
15127,CUST_171,PROD_37,1,2026-01-25 10:33:28
15128,CUST_133,PROD_40,4,2026-01-01 05:07:59
15129,CUST_220,PROD_80,3,2026-01-17 22:58:08
15130,CUST_179,PROD_59,1,2026-01-17 22:06:36
15131,CUST_108,PROD_76,3,2026-01-02 16:52:12
15132,CUST_494,PROD_31,3,2026-01-01 23:26:16
15133,CUST_161,PROD_96,5,2026-01-14 19:10:28
15134,CUST_221,PROD_12,5,2026-01-25 18:44:52
15135,CUST_231,PROD_45,2,2026-01-05 02:20:23
15136,CUST_465,PROD_28,2,2026-01-01 00:11:09
15137,CUST_403,PROD_37,1,2025-12-31 04:29:01
15138,CUST_106,PROD_88,3,2026-01-07 01:46:24
15139,CUST_5,PROD_85,4,2026-01-21 23:24:39
15140,CUST_493,PROD_43,3,2026-01-09 06:01:56
15141,CUST_274,PROD_91,5,2026-01-22 12:55:49
15142,CUST_43,PROD_90,3,2026-01-24 12:33:39
15143,CUST_380,PROD_34,1,2026-01-01 22:03:24
15144,CUST_140,PROD_92,5,2026-01-26 13:24:11
15145,CUST_72,PROD_48,5,2026-01-06 08:49:13
15146,CUST_51,PROD_47,4,2025-12-29 11:10:40
15147,CUST_188,PROD_12,1,2026-01-21 15:58:32
15148,CUST_466,PROD_64,5,2026-01-17 17:11:19
15149,CUST_317,PROD_67,5,2026-01-14 04:06:40
15150,CUST_52,PROD_50,2,2026-01-15 01:57:28
15151,CUST_445,PROD_17,5,2026-01-12 02:49:39
15152,CUST_230,PROD_46,4,2026-01-04 14:48:17
15153,CUST_73,PROD_84,3,2026-01-17 13:11:09
15154,CUST_399,PROD_95,5,2026-01-21 00:36:11
15155,CUST_129,PROD_75,1,2026-01-08 13:26:04
15156,CUST_269,PROD_5,3,2026-01-02 00:39:26
15157,CUST_463,PROD_96,2,2026-01-25 11:42:09
15158,CUST_428,PROD_74,3,2026-01-22 00:14:59
15159,CUST_382,PROD_69,1,2026-01-10 15:10:20
15160,CUST_225,PROD_59,5,2026-01-26 03:28:39
15161,CUST_27,PROD_52,3,2026-01-21 12:11:49
15162,CUST_156,PROD_3,4,2026-01-12 08:25:24
15163,CUST_267,PROD_89,1,2026-01-22 22:02:02
15164,CUST_156,PROD_12,1,2025-12-30 03:41:11
15165,CUST_487,PROD_11,4,2026-01-26 04:02:30
15166,CUST_233,PROD_45,4,2026-01-03 15:38:05
15167,CUST_22,PROD_25,2,2026-01-18 15:05:38
15168,CUST_360,PROD_84,5,2026-01-06 19:06:00
15169,CUST_344,PROD_13,2,2026-01-08 09:34:20
15170,CUST_18,PROD_39,4,2026-01-20 09:16:41
15171,CUST_57,PROD_66,2,2026-01-24 07:27:52
15172,CUST_467,PROD_31,5,2026-01-23 23:55:29
15173,CUST_55,PROD_85,5,2026-01-11 03:48:22
15174,CUST_19,PROD_82,2,2026-01-05 03:30:51
15175,CUST_401,PROD_31,1,2026-01-27 04:36:08
15176,CUST_254,PROD_10,3,2026-01-14 02:06:29
15177,CUST_116,PROD_30,3,2026-01-19 19:46:33
15178,CUST_239,PROD_79,3,2026-01-23 16:00:22
15179,CUST_261,PROD_21,3,2025-12-29 19:31:21
15180,CUST_172,PROD_98,3,2026-01-15 12:54:16
15181,CUST_90,PROD_33,2,2026-01-15 17:44:55
15182,CUST_70,PROD_70,4,2026-01-25 03:12:50
15183,CUST_125,PROD_81,1,2026-01-05 21:49:58
15184,CUST_117,PROD_32,4,2026-01-26 19:33:18
15185,CUST_454,PROD_52,3,2026-01-05 03:01:01
15186,CUST_236,PROD_35,4,2026-01-17 04:07:26
15187,CUST_96,PROD_5,5,2025-12-31 19:34:51
15188,CUST_323,PROD_83,2,2026-01-04 23:16:02
15189,CUST_45,PROD_86,3,2026-01-17 13:34:52
15190,CUST_8,PROD_3,2,2026-01-27 12:39:56
15191,CUST_116,PROD_20,5,2025-12-31 11:45:14
15192,CUST_462,PROD_91,3,2026-01-10 13:10:47
15193,CUST_108,PROD_4,5,2026-01-25 02:58:32
15194,CUST_38,PROD_15,2,2026-01-26 13:36:33
15195,CUST_14,PROD_27,4,2026-01-22 01:51:56
15196,CUST_205,PROD_20,3,2026-01-03 01:06:52
15197,CUST_214,PROD_19,1,2025-12-29 05:09:13
15198,CUST_230,PROD_24,4,2025-12-29 10:03:37
15199,CUST_223,PROD_16,3,2026-01-26 06:32:10
15200,CUST_442,PROD_99,2,2026-01-25 15:04:28
15201,CUST_463,PROD_17,3,2026-01-10 23:22:00
15202,CUST_373,PROD_41,3,2026-01-24 14:56:18
15203,CUST_86,PROD_47,5,2026-01-01 14:33:39
15204,CUST_384,PROD_2,1,2025-12-30 18:27:14
15205,CUST_463,PROD_4,3,2025-12-31 20:48:27
15206,CUST_411,PROD_71,2,2026-01-05 15:33:30
15207,CUST_46,PROD_58,5,2026-01-27 14:37:11
15208,CUST_102,PROD_50,4,2026-01-25 01:13:13
15209,CUST_499,PROD_1,4,2026-01-22 23:02:00
15210,CUST_372,PROD_76,1,2026-01-05 16:29:44
15211,CUST_364,PROD_38,2,2026-01-14 06:42:44
15212,CUST_245,PROD_58,1,2026-01-08 07:12:40
15213,CUST_57,PROD_66,5,2026-01-22 11:05:50
15214,CUST_183,PROD_100,1,2026-01-25 02:23:30
15215,CUST_325,PROD_56,1,2026-01-11 02:43:48
15216,CUST_233,PROD_37,4,2025-12-31 12:05:31
15217,CUST_38,PROD_40,3,2026-01-09 12:30:26
15218,CUST_49,PROD_63,1,2026-01-22 10:17:13
15219,CUST_394,PROD_49,2,2026-01-09 23:46:35
15220,CUST_466,PROD_28,4,2026-01-15 22:08:09
15221,CUST_184,PROD_65,3,2026-01-14 05:03:45
15222,CUST_18,PROD_7,3,2026-01-12 05:43:16
15223,CUST_117,PROD_46,1,2026-01-16 14:45:16
15224,CUST_101,PROD_96,3,2026-01-05 17:43:30
15225,CUST_259,PROD_16,1,2026-01-09 14:23:02
15226,CUST_50,PROD_92,3,2026-01-08 03:43:35
15227,CUST_496,PROD_86,1,2026-01-24 15:32:02
15228,CUST_480,PROD_13,1,2026-01-26 05:10:33
15229,CUST_114,PROD_27,1,2026-01-24 05:59:12
15230,CUST_233,PROD_89,1,2025-12-31 01:31:54
15231,CUST_352,PROD_93,5,2025-12-31 19:35:08
15232,CUST_123,PROD_32,1,2026-01-25 08:06:41
15233,CUST_28,PROD_53,2,2026-01-05 13:34:53
15234,CUST_249,PROD_64,1,2026-01-19 09:16:31
15235,CUST_289,PROD_74,1,2026-01-08 20:21:56
15236,CUST_451,PROD_85,2,2026-01-09 09:48:58
15237,CUST_314,PROD_92,1,2026-01-17 13:45:22
15238,CUST_78,PROD_14,2,2026-01-08 03:16:30
15239,CUST_358,PROD_85,1,2026-01-13 08:58:27
15240,CUST_340,PROD_8,1,2026-01-13 12:13:28
15241,CUST_214,PROD_18,5,2026-01-21 10:13:53
15242,CUST_95,PROD_83,4,2026-01-26 14:00:37
15243,CUST_227,PROD_56,2,2026-01-01 05:54:52
15244,CUST_265,PROD_71,3,2026-01-10 07:20:09
15245,CUST_335,PROD_52,1,2026-01-02 17:38:04
15246,CUST_437,PROD_40,5,2026-01-09 18:53:11
15247,CUST_250,PROD_39,5,2026-01-06 11:07:02
15248,CUST_388,PROD_53,1,2026-01-22 17:07:50
15249,CUST_264,PROD_61,4,2026-01-21 19:35:50
15250,CUST_307,PROD_89,1,2026-01-18 00:39:15
15251,CUST_253,PROD_47,2,2026-01-01 08:11:38
15252,CUST_354,PROD_20,2,2026-01-25 11:40:20
15253,CUST_243,PROD_66,1,2026-01-07 21:26:02
15254,CUST_316,PROD_80,2,2025-12-31 19:00:01
15255,CUST_445,PROD_84,1,2026-01-25 12:58:59
15256,CUST_304,PROD_33,1,2025-12-28 22:44:47
15257,CUST_464,PROD_13,2,2026-01-21 00:44:36
15258,CUST_192,PROD_33,3,2026-01-12 00:58:50
15259,CUST_144,PROD_31,1,2026-01-08 23:06:20
15260,CUST_241,PROD_23,1,2026-01-15 04:10:19
15261,CUST_429,PROD_67,5,2025-12-29 01:51:35
15262,CUST_372,PROD_8,3,2026-01-16 11:10:36
15263,CUST_84,PROD_63,5,2026-01-05 20:40:02
15264,CUST_370,PROD_72,3,2026-01-18 22:05:57
15265,CUST_397,PROD_82,5,2026-01-16 23:12:00
15266,CUST_168,PROD_91,3,2026-01-23 09:04:44
15267,CUST_23,PROD_97,3,2026-01-12 16:35:03
15268,CUST_340,PROD_72,4,2026-01-17 15:43:20
15269,CUST_192,PROD_26,5,2026-01-27 06:32:59
15270,CUST_101,PROD_84,2,2026-01-15 03:24:01
15271,CUST_187,PROD_22,1,2026-01-02 20:13:51
15272,CUST_339,PROD_39,1,2025-12-31 13:51:46
15273,CUST_295,PROD_20,1,2026-01-18 09:13:50
15274,CUST_197,PROD_95,4,2026-01-21 02:09:47
15275,CUST_80,PROD_99,3,2026-01-11 21:46:37
15276,CUST_121,PROD_65,2,2026-01-09 06:35:29
15277,CUST_256,PROD_48,5,2026-01-06 05:05:23
15278,CUST_20,PROD_13,5,2026-01-12 07:00:08
15279,CUST_312,PROD_69,4,2026-01-11 14:11:55
15280,CUST_281,PROD_52,3,2026-01-08 08:19:41
15281,CUST_83,PROD_49,4,2026-01-18 00:42:50
15282,CUST_286,PROD_80,1,2026-01-10 13:45:48
15283,CUST_311,PROD_98,4,2026-01-13 16:33:54
15284,CUST_400,PROD_23,1,2025-12-30 08:50:36
15285,CUST_277,PROD_74,2,2026-01-21 01:58:30
15286,CUST_292,PROD_11,5,2026-01-09 13:15:00
15287,CUST_24,PROD_26,1,2025-12-30 00:25:29
15288,CUST_253,PROD_55,1,2026-01-15 17:26:48
15289,CUST_214,PROD_41,4,2026-01-03 23:28:24
15290,CUST_142,PROD_89,3,2026-01-24 01:02:00
15291,CUST_436,PROD_36,5,2026-01-23 18:09:50
15292,CUST_266,PROD_46,1,2026-01-18 02:37:14
15293,CUST_176,PROD_64,1,2026-01-23 21:40:49
15294,CUST_61,PROD_58,2,2026-01-24 22:36:46
15295,CUST_216,PROD_71,1,2026-01-03 01:12:51
15296,CUST_65,PROD_92,1,2026-01-11 06:59:13
15297,CUST_58,PROD_80,3,2026-01-01 08:34:29
15298,CUST_226,PROD_5,3,2026-01-26 15:55:22
15299,CUST_201,PROD_5,1,2026-01-24 01:28:45
15300,CUST_379,PROD_93,3,2025-12-30 09:58:07
15301,CUST_80,PROD_77,5,2025-12-31 05:10:14
15302,CUST_47,PROD_2,2,2026-01-07 06:16:07
15303,CUST_205,PROD_63,4,2026-01-06 12:52:05
15304,CUST_339,PROD_83,4,2026-01-03 19:07:39
15305,CUST_253,PROD_23,4,2026-01-02 13:11:14
15306,CUST_98,PROD_13,5,2026-01-07 05:18:19
15307,CUST_278,PROD_40,1,2026-01-25 06:50:01
15308,CUST_411,PROD_16,3,2026-01-26 01:53:49
15309,CUST_340,PROD_92,3,2025-12-29 18:46:39
15310,CUST_255,PROD_5,4,2026-01-10 19:35:03
15311,CUST_411,PROD_64,3,2025-12-29 23:55:56
15312,CUST_149,PROD_70,1,2025-12-30 02:34:03
15313,CUST_268,PROD_57,5,2026-01-11 05:37:32
15314,CUST_448,PROD_17,3,2026-01-15 13:20:18
15315,CUST_50,PROD_14,5,2026-01-17 16:45:41
15316,CUST_3,PROD_35,3,2026-01-04 19:08:50
15317,CUST_222,PROD_91,3,2026-01-19 16:41:16
15318,CUST_59,PROD_32,5,2025-12-29 03:27:48
15319,CUST_231,PROD_10,2,2026-01-21 02:52:57
15320,CUST_398,PROD_53,4,2026-01-03 07:57:08
15321,CUST_364,PROD_62,5,2026-01-02 21:48:29
15322,CUST_358,PROD_93,5,2026-01-26 09:10:50
15323,CUST_387,PROD_87,1,2026-01-27 18:12:13
15324,CUST_425,PROD_95,2,2025-12-30 06:34:48
15325,CUST_403,PROD_68,3,2026-01-24 21:52:29
15326,CUST_172,PROD_32,2,2026-01-21 21:39:44
15327,CUST_304,PROD_88,1,2026-01-07 22:43:04
15328,CUST_79,PROD_91,1,2026-01-14 06:15:23
15329,CUST_318,PROD_18,5,2026-01-19 21:44:52
15330,CUST_53,PROD_100,1,2026-01-23 04:15:09
15331,CUST_223,PROD_73,5,2026-01-03 09:42:39
15332,CUST_414,PROD_59,3,2025-12-31 05:53:17
15333,CUST_155,PROD_51,1,2026-01-19 13:37:26
15334,CUST_42,PROD_2,2,2026-01-15 11:38:04
15335,CUST_373,PROD_65,4,2026-01-26 21:58:09
15336,CUST_169,PROD_65,3,2026-01-18 03:27:52
15337,CUST_166,PROD_22,4,2026-01-22 08:54:44
15338,CUST_342,PROD_99,1,2026-01-18 11:52:05
15339,CUST_300,PROD_93,2,2026-01-13 14:05:17
15340,CUST_51,PROD_100,2,2025-12-30 15:54:17
15341,CUST_18,PROD_5,1,2026-01-19 02:30:37
15342,CUST_119,PROD_91,2,2026-01-24 20:29:07
15343,CUST_282,PROD_45,5,2026-01-16 10:41:47
15344,CUST_324,PROD_27,4,2026-01-13 16:45:59
15345,CUST_221,PROD_4,2,2026-01-17 02:40:23
15346,CUST_82,PROD_51,1,2025-12-30 17:40:50
15347,CUST_303,PROD_56,1,2026-01-07 01:48:22
15348,CUST_11,PROD_16,1,2026-01-16 07:55:18
15349,CUST_371,PROD_35,4,2026-01-10 00:22:51
15350,CUST_7,PROD_38,4,2026-01-03 06:03:59
15351,CUST_360,PROD_18,1,2026-01-21 09:02:34
15352,CUST_458,PROD_79,3,2026-01-17 19:00:17
15353,CUST_406,PROD_15,1,2026-01-07 11:45:02
15354,CUST_39,PROD_44,3,2026-01-15 07:46:36
15355,CUST_281,PROD_53,2,2026-01-13 18:45:07
15356,CUST_7,PROD_5,4,2025-12-30 01:16:02
15357,CUST_93,PROD_11,1,2026-01-09 02:04:39
15358,CUST_415,PROD_7,3,2026-01-09 19:41:02
15359,CUST_73,PROD_33,1,2025-12-28 21:57:54
15360,CUST_39,PROD_21,3,2026-01-11 03:33:57
15361,CUST_482,PROD_99,3,2026-01-10 17:57:45
15362,CUST_215,PROD_82,3,2026-01-05 14:35:15
15363,CUST_465,PROD_94,4,2025-12-29 07:11:32
15364,CUST_339,PROD_72,5,2026-01-19 08:49:25
15365,CUST_364,PROD_86,3,2026-01-26 16:06:33
15366,CUST_50,PROD_45,1,2026-01-06 02:29:55
15367,CUST_413,PROD_88,4,2026-01-18 18:09:58
15368,CUST_207,PROD_11,3,2026-01-27 18:03:45
15369,CUST_245,PROD_3,4,2026-01-01 15:02:25
15370,CUST_324,PROD_66,1,2026-01-01 10:33:32
15371,CUST_199,PROD_14,3,2026-01-18 18:01:38
15372,CUST_218,PROD_78,1,2026-01-27 15:34:10
15373,CUST_364,PROD_16,5,2026-01-03 23:31:09
15374,CUST_151,PROD_4,4,2026-01-22 23:04:58
15375,CUST_340,PROD_51,1,2026-01-07 15:27:55
15376,CUST_230,PROD_63,5,2026-01-02 02:39:22
15377,CUST_280,PROD_32,5,2026-01-19 21:10:25
15378,CUST_336,PROD_6,1,2026-01-09 01:28:17
15379,CUST_345,PROD_25,2,2025-12-31 04:13:01
15380,CUST_95,PROD_98,4,2026-01-06 12:02:39
15381,CUST_327,PROD_89,3,2026-01-05 11:44:55
15382,CUST_88,PROD_24,3,2026-01-11 03:51:06
15383,CUST_422,PROD_75,5,2026-01-17 06:46:21
15384,CUST_166,PROD_92,2,2026-01-11 06:38:31
15385,CUST_100,PROD_58,4,2025-12-31 04:30:23
15386,CUST_277,PROD_47,5,2026-01-12 04:11:23
15387,CUST_136,PROD_56,3,2026-01-12 14:45:28
15388,CUST_446,PROD_26,1,2026-01-10 09:25:12
15389,CUST_58,PROD_16,3,2026-01-27 03:05:29
15390,CUST_376,PROD_76,1,2026-01-23 11:06:30
15391,CUST_319,PROD_45,3,2026-01-24 07:45:08
15392,CUST_116,PROD_13,3,2026-01-13 20:43:32
15393,CUST_307,PROD_94,4,2025-12-31 07:41:03
15394,CUST_208,PROD_84,3,2026-01-12 04:55:54
15395,CUST_360,PROD_70,4,2026-01-10 14:55:13
15396,CUST_437,PROD_45,5,2026-01-12 13:02:14
15397,CUST_21,PROD_46,1,2026-01-24 08:43:44
15398,CUST_283,PROD_27,2,2026-01-14 17:49:23
15399,CUST_288,PROD_90,3,2026-01-24 00:16:09
15400,CUST_107,PROD_95,4,2026-01-17 15:44:32
15401,CUST_325,PROD_43,5,2026-01-23 20:17:25
15402,CUST_183,PROD_63,1,2026-01-02 19:49:24
15403,CUST_389,PROD_1,5,2026-01-03 03:58:11
15404,CUST_82,PROD_86,3,2026-01-02 06:56:14
15405,CUST_454,PROD_54,1,2026-01-23 16:09:23
15406,CUST_33,PROD_10,1,2026-01-15 17:43:55
15407,CUST_498,PROD_97,2,2026-01-24 12:30:47
15408,CUST_226,PROD_6,2,2026-01-25 22:09:53
15409,CUST_140,PROD_64,3,2025-12-29 21:04:15
15410,CUST_10,PROD_25,2,2026-01-11 21:33:13
15411,CUST_25,PROD_46,5,2026-01-17 14:07:25
15412,CUST_378,PROD_38,4,2026-01-07 17:14:28
15413,CUST_457,PROD_17,4,2026-01-09 00:42:57
15414,CUST_268,PROD_88,3,2026-01-23 12:35:37
15415,CUST_244,PROD_83,5,2026-01-05 22:55:44
15416,CUST_49,PROD_55,1,2026-01-11 10:21:44
15417,CUST_388,PROD_70,2,2025-12-29 03:01:00
15418,CUST_485,PROD_68,1,2026-01-16 09:20:55
15419,CUST_64,PROD_27,1,2026-01-26 07:21:41
15420,CUST_448,PROD_92,5,2026-01-10 09:22:07
15421,CUST_121,PROD_70,3,2026-01-01 12:06:42
15422,CUST_197,PROD_21,5,2026-01-01 07:43:32
15423,CUST_302,PROD_48,3,2026-01-22 18:54:09
15424,CUST_278,PROD_34,4,2026-01-07 12:15:29
15425,CUST_78,PROD_83,1,2026-01-21 01:06:59
15426,CUST_172,PROD_95,1,2026-01-19 06:36:48
15427,CUST_415,PROD_97,4,2026-01-11 05:10:48
15428,CUST_252,PROD_93,3,2026-01-16 03:56:41
15429,CUST_141,PROD_45,3,2026-01-23 04:47:49
15430,CUST_289,PROD_13,5,2026-01-07 21:31:04
15431,CUST_463,PROD_37,4,2026-01-09 17:21:32
15432,CUST_76,PROD_64,1,2026-01-10 03:08:44
15433,CUST_25,PROD_95,4,2026-01-27 05:54:47
15434,CUST_404,PROD_10,5,2026-01-24 22:57:26
15435,CUST_441,PROD_10,4,2026-01-17 12:10:33
15436,CUST_252,PROD_91,3,2026-01-16 05:12:31
15437,CUST_492,PROD_65,1,2026-01-18 14:58:27
15438,CUST_302,PROD_22,5,2026-01-23 10:45:07
15439,CUST_456,PROD_4,2,2026-01-13 22:10:22
15440,CUST_348,PROD_23,2,2025-12-31 01:14:27
15441,CUST_293,PROD_10,1,2026-01-22 20:13:02
15442,CUST_471,PROD_35,2,2026-01-22 17:38:33
15443,CUST_303,PROD_37,2,2026-01-24 01:00:28
15444,CUST_48,PROD_88,3,2026-01-07 04:30:09
15445,CUST_189,PROD_57,1,2026-01-04 11:17:52
15446,CUST_121,PROD_68,1,2026-01-18 21:26:01
15447,CUST_457,PROD_15,4,2025-12-30 15:55:13
15448,CUST_159,PROD_24,5,2026-01-26 18:45:27
15449,CUST_190,PROD_19,4,2026-01-27 10:17:34
15450,CUST_319,PROD_12,2,2026-01-19 09:42:57
15451,CUST_260,PROD_18,4,2025-12-30 22:22:09
15452,CUST_111,PROD_46,1,2026-01-06 03:32:17
15453,CUST_349,PROD_39,5,2026-01-17 13:27:57
15454,CUST_418,PROD_100,1,2026-01-03 14:05:13
15455,CUST_53,PROD_53,3,2026-01-11 08:50:59
15456,CUST_179,PROD_45,2,2026-01-22 19:27:31
15457,CUST_384,PROD_25,2,2026-01-04 23:03:39
15458,CUST_294,PROD_78,5,2025-12-31 16:51:27
15459,CUST_32,PROD_14,3,2026-01-14 08:20:57
15460,CUST_78,PROD_39,2,2025-12-30 18:47:05
15461,CUST_472,PROD_85,5,2026-01-04 00:30:26
15462,CUST_349,PROD_8,5,2026-01-19 22:30:54
15463,CUST_67,PROD_64,4,2026-01-01 10:00:15
15464,CUST_335,PROD_40,2,2026-01-05 02:26:43
15465,CUST_21,PROD_2,1,2025-12-29 01:47:19
15466,CUST_45,PROD_35,4,2026-01-04 01:39:30
15467,CUST_222,PROD_85,4,2026-01-16 14:46:23
15468,CUST_33,PROD_18,4,2026-01-18 23:11:30
15469,CUST_47,PROD_21,5,2026-01-20 14:58:26
15470,CUST_105,PROD_95,3,2026-01-11 13:14:20
15471,CUST_478,PROD_85,4,2025-12-30 06:21:30
15472,CUST_469,PROD_92,1,2026-01-15 12:36:39
15473,CUST_437,PROD_79,1,2026-01-07 13:15:59
15474,CUST_294,PROD_83,3,2026-01-21 18:22:29
15475,CUST_429,PROD_40,1,2026-01-19 22:45:06
15476,CUST_312,PROD_4,3,2026-01-13 14:54:02
15477,CUST_348,PROD_48,1,2026-01-22 02:10:31
15478,CUST_394,PROD_67,3,2026-01-01 09:59:13
15479,CUST_106,PROD_78,1,2025-12-29 04:23:16
15480,CUST_209,PROD_90,3,2026-01-06 07:07:43
15481,CUST_193,PROD_28,4,2026-01-10 16:20:11
15482,CUST_455,PROD_6,3,2026-01-07 12:16:33
15483,CUST_448,PROD_44,2,2025-12-28 19:02:37
15484,CUST_49,PROD_98,1,2026-01-23 15:51:04
15485,CUST_340,PROD_41,2,2026-01-19 09:38:00
15486,CUST_182,PROD_48,2,2026-01-23 03:07:40
15487,CUST_171,PROD_17,1,2026-01-20 05:49:53
15488,CUST_430,PROD_87,3,2026-01-05 17:31:46
15489,CUST_94,PROD_66,4,2026-01-05 11:03:36
15490,CUST_339,PROD_55,3,2026-01-01 04:48:06
15491,CUST_495,PROD_69,4,2025-12-29 14:31:20
15492,CUST_312,PROD_1,4,2026-01-08 21:37:47
15493,CUST_426,PROD_6,3,2025-12-29 15:22:15
15494,CUST_437,PROD_27,3,2026-01-21 03:46:48
15495,CUST_15,PROD_8,1,2026-01-19 21:38:24
15496,CUST_484,PROD_54,2,2026-01-08 05:01:39
15497,CUST_338,PROD_1,2,2026-01-10 22:38:21
15498,CUST_171,PROD_23,5,2025-12-31 13:40:02
15499,CUST_125,PROD_67,3,2026-01-22 05:25:36
15500,CUST_357,PROD_47,2,2026-01-23 09:41:59
15501,CUST_226,PROD_61,4,2026-01-08 08:29:03
15502,CUST_433,PROD_77,4,2026-01-20 20:13:25
15503,CUST_17,PROD_95,1,2026-01-26 12:34:59
15504,CUST_168,PROD_19,3,2026-01-27 11:14:08
15505,CUST_447,PROD_70,5,2026-01-03 15:00:21
15506,CUST_2,PROD_46,5,2026-01-19 16:02:45
15507,CUST_283,PROD_23,1,2026-01-22 02:48:20
15508,CUST_472,PROD_32,3,2026-01-08 06:45:52
15509,CUST_210,PROD_64,2,2026-01-25 05:27:33
15510,CUST_130,PROD_90,5,2026-01-24 19:23:13
15511,CUST_62,PROD_43,3,2026-01-24 22:27:10
15512,CUST_89,PROD_64,1,2026-01-23 10:52:04
15513,CUST_228,PROD_10,5,2025-12-30 08:15:28
15514,CUST_340,PROD_27,5,2025-12-29 08:04:04
15515,CUST_145,PROD_47,5,2026-01-09 07:50:07
15516,CUST_281,PROD_31,4,2026-01-16 04:01:21
15517,CUST_145,PROD_50,1,2026-01-18 10:57:38
15518,CUST_114,PROD_93,4,2026-01-01 02:14:06
15519,CUST_155,PROD_87,5,2026-01-24 20:46:37
15520,CUST_206,PROD_44,2,2026-01-10 22:54:16
15521,CUST_352,PROD_1,4,2025-12-31 00:59:24
15522,CUST_346,PROD_48,1,2026-01-24 17:23:04
15523,CUST_417,PROD_59,3,2026-01-23 12:37:20
15524,CUST_2,PROD_86,5,2026-01-06 01:55:36
15525,CUST_383,PROD_87,3,2025-12-29 15:30:34
15526,CUST_61,PROD_63,4,2026-01-04 18:40:54
15527,CUST_168,PROD_68,4,2026-01-22 00:20:14
15528,CUST_299,PROD_90,1,2026-01-23 08:47:33
15529,CUST_148,PROD_49,5,2026-01-06 05:51:12
15530,CUST_325,PROD_93,2,2025-12-31 02:54:34
15531,CUST_6,PROD_6,1,2026-01-05 01:26:56
15532,CUST_323,PROD_30,4,2025-12-29 13:25:13
15533,CUST_163,PROD_14,3,2026-01-10 17:10:18
15534,CUST_413,PROD_24,3,2026-01-04 05:16:18
15535,CUST_319,PROD_25,1,2026-01-23 05:31:35
15536,CUST_377,PROD_4,3,2026-01-01 09:44:42
15537,CUST_206,PROD_59,5,2026-01-06 05:41:25
15538,CUST_183,PROD_60,5,2026-01-21 22:24:30
15539,CUST_80,PROD_4,1,2026-01-27 09:41:33
15540,CUST_342,PROD_93,4,2026-01-27 01:43:32
15541,CUST_179,PROD_100,1,2026-01-17 15:07:36
15542,CUST_482,PROD_25,2,2026-01-03 05:31:12
15543,CUST_171,PROD_39,4,2025-12-30 08:59:46
15544,CUST_119,PROD_33,1,2026-01-15 11:34:38
15545,CUST_52,PROD_100,4,2026-01-23 00:33:39
15546,CUST_370,PROD_84,1,2026-01-22 23:29:28
15547,CUST_432,PROD_91,3,2026-01-03 08:30:18
15548,CUST_492,PROD_66,3,2025-12-31 05:21:44
15549,CUST_447,PROD_79,1,2026-01-12 19:31:42
15550,CUST_405,PROD_33,5,2026-01-09 00:05:51
15551,CUST_218,PROD_88,5,2026-01-21 09:52:19
15552,CUST_334,PROD_47,3,2026-01-02 01:08:09
15553,CUST_251,PROD_89,2,2026-01-01 14:16:09
15554,CUST_396,PROD_43,5,2026-01-04 07:31:18
15555,CUST_306,PROD_93,5,2026-01-22 13:48:31
15556,CUST_329,PROD_16,3,2026-01-06 22:54:36
15557,CUST_306,PROD_98,1,2025-12-29 20:49:06
15558,CUST_390,PROD_71,3,2026-01-11 05:12:44
15559,CUST_164,PROD_12,1,2026-01-18 15:34:09
15560,CUST_187,PROD_32,2,2026-01-22 19:23:34
15561,CUST_18,PROD_22,2,2026-01-05 20:56:07
15562,CUST_203,PROD_54,2,2026-01-08 05:30:48
15563,CUST_82,PROD_53,5,2026-01-27 06:45:18
15564,CUST_57,PROD_12,4,2026-01-19 17:55:36
15565,CUST_364,PROD_75,2,2026-01-15 07:08:02
15566,CUST_335,PROD_97,5,2026-01-02 13:04:40
15567,CUST_488,PROD_40,2,2026-01-13 05:07:40
15568,CUST_107,PROD_47,3,2026-01-09 09:41:38
15569,CUST_322,PROD_83,5,2026-01-12 23:13:54
15570,CUST_274,PROD_99,3,2026-01-26 16:02:24
15571,CUST_353,PROD_47,1,2025-12-30 08:35:42
15572,CUST_289,PROD_71,1,2026-01-10 16:40:10
15573,CUST_30,PROD_49,1,2026-01-03 00:20:25
15574,CUST_243,PROD_99,3,2026-01-04 11:52:36
15575,CUST_318,PROD_41,5,2026-01-05 21:05:57
15576,CUST_171,PROD_23,2,2026-01-16 03:01:11
15577,CUST_153,PROD_14,4,2026-01-27 06:39:56
15578,CUST_389,PROD_75,2,2026-01-16 04:56:24
15579,CUST_141,PROD_46,2,2026-01-06 09:49:21
15580,CUST_436,PROD_71,5,2026-01-26 04:54:25
15581,CUST_442,PROD_40,2,2026-01-20 09:42:18
15582,CUST_238,PROD_65,5,2026-01-08 12:19:42
15583,CUST_201,PROD_72,5,2026-01-22 12:55:22
15584,CUST_333,PROD_85,4,2026-01-01 02:29:34
15585,CUST_368,PROD_17,1,2026-01-13 19:46:19
15586,CUST_88,PROD_67,2,2026-01-27 09:58:26
15587,CUST_262,PROD_6,3,2026-01-14 12:34:45
15588,CUST_39,PROD_10,4,2026-01-14 08:47:59
15589,CUST_337,PROD_41,5,2026-01-14 13:17:57
15590,CUST_211,PROD_32,2,2026-01-08 14:14:24
15591,CUST_14,PROD_54,5,2025-12-30 18:46:46
15592,CUST_375,PROD_21,5,2026-01-09 22:47:50
15593,CUST_351,PROD_52,4,2026-01-04 03:27:36
15594,CUST_269,PROD_57,3,2025-12-30 00:14:59
15595,CUST_214,PROD_90,2,2026-01-17 22:29:15
15596,CUST_170,PROD_85,5,2026-01-27 09:35:32
15597,CUST_126,PROD_43,5,2026-01-27 12:24:37
15598,CUST_434,PROD_1,4,2026-01-13 01:42:32
15599,CUST_204,PROD_28,4,2026-01-14 01:51:35
15600,CUST_338,PROD_70,4,2026-01-18 22:20:35
15601,CUST_153,PROD_53,2,2026-01-07 21:52:25
15602,CUST_5,PROD_4,5,2025-12-29 02:22:43
15603,CUST_141,PROD_39,5,2026-01-05 23:18:52
15604,CUST_370,PROD_15,4,2026-01-17 04:03:30
15605,CUST_204,PROD_20,1,2026-01-06 08:46:50
15606,CUST_112,PROD_12,3,2026-01-19 19:19:10
15607,CUST_166,PROD_10,1,2026-01-01 22:40:10
15608,CUST_440,PROD_15,3,2025-12-29 10:58:47
15609,CUST_322,PROD_47,5,2025-12-29 01:04:30
15610,CUST_171,PROD_59,3,2026-01-12 21:51:08
15611,CUST_10,PROD_97,3,2026-01-12 15:25:53
15612,CUST_311,PROD_48,5,2026-01-17 03:05:55
15613,CUST_152,PROD_89,3,2026-01-11 21:11:06
15614,CUST_267,PROD_74,2,2026-01-16 00:51:25
15615,CUST_387,PROD_11,5,2025-12-29 17:56:45
15616,CUST_441,PROD_73,3,2026-01-16 07:27:12
15617,CUST_456,PROD_58,1,2026-01-24 23:52:42
15618,CUST_253,PROD_27,1,2026-01-18 09:14:00
15619,CUST_62,PROD_12,1,2025-12-30 13:06:09
15620,CUST_301,PROD_27,4,2026-01-11 15:04:24
15621,CUST_182,PROD_28,3,2026-01-11 00:56:26
15622,CUST_125,PROD_98,4,2026-01-27 06:23:42
15623,CUST_108,PROD_38,2,2026-01-06 06:47:51
15624,CUST_307,PROD_61,3,2026-01-23 06:45:57
15625,CUST_444,PROD_92,1,2026-01-01 05:06:07
15626,CUST_29,PROD_52,3,2026-01-04 00:23:53
15627,CUST_392,PROD_98,2,2026-01-16 01:01:35
15628,CUST_138,PROD_30,5,2026-01-14 01:12:26
15629,CUST_431,PROD_8,5,2026-01-26 15:31:10
15630,CUST_83,PROD_82,4,2026-01-25 14:49:29
15631,CUST_235,PROD_17,4,2026-01-05 01:28:58
15632,CUST_152,PROD_42,3,2025-12-29 16:59:53
15633,CUST_443,PROD_13,4,2026-01-15 02:56:16
15634,CUST_195,PROD_7,5,2025-12-28 22:08:19
15635,CUST_200,PROD_85,1,2026-01-13 10:53:25
15636,CUST_190,PROD_5,3,2026-01-25 10:45:28
15637,CUST_479,PROD_40,1,2025-12-30 23:11:11
15638,CUST_269,PROD_5,4,2026-01-17 16:59:47
15639,CUST_29,PROD_49,4,2025-12-28 19:16:04
15640,CUST_285,PROD_65,3,2026-01-21 15:25:06
15641,CUST_35,PROD_60,3,2026-01-06 07:26:16
15642,CUST_108,PROD_33,4,2026-01-24 15:38:50
15643,CUST_281,PROD_31,4,2026-01-14 03:11:12
15644,CUST_293,PROD_63,1,2026-01-09 15:51:39
15645,CUST_135,PROD_5,2,2026-01-15 01:39:06
15646,CUST_279,PROD_88,2,2026-01-13 06:59:42
15647,CUST_216,PROD_79,2,2025-12-28 19:38:21
15648,CUST_189,PROD_36,4,2026-01-25 20:13:03
15649,CUST_268,PROD_36,3,2026-01-19 00:03:53
15650,CUST_381,PROD_75,3,2026-01-12 20:35:17
15651,CUST_35,PROD_16,4,2026-01-02 08:08:21
15652,CUST_306,PROD_99,4,2026-01-17 23:13:54
15653,CUST_118,PROD_12,4,2026-01-05 17:24:43
15654,CUST_334,PROD_73,5,2026-01-27 13:03:34
15655,CUST_3,PROD_40,2,2025-12-29 06:43:30
15656,CUST_284,PROD_31,5,2026-01-17 00:41:38
15657,CUST_331,PROD_71,5,2026-01-09 05:36:05
15658,CUST_318,PROD_18,3,2026-01-26 04:09:33
15659,CUST_31,PROD_48,5,2026-01-19 19:17:53
15660,CUST_239,PROD_99,1,2026-01-23 20:43:32
15661,CUST_372,PROD_51,2,2026-01-10 05:24:38
15662,CUST_454,PROD_37,3,2025-12-30 02:20:29
15663,CUST_5,PROD_52,3,2026-01-11 11:41:01
15664,CUST_122,PROD_6,3,2026-01-19 13:38:38
15665,CUST_197,PROD_35,2,2026-01-05 23:43:43
15666,CUST_253,PROD_12,4,2026-01-21 04:39:52
15667,CUST_352,PROD_88,5,2026-01-18 03:28:53
15668,CUST_117,PROD_19,3,2026-01-16 05:48:10
15669,CUST_155,PROD_26,2,2026-01-05 02:49:08
15670,CUST_201,PROD_9,3,2026-01-05 09:06:48
15671,CUST_296,PROD_20,4,2026-01-11 18:03:45
15672,CUST_227,PROD_55,4,2026-01-11 12:50:19
15673,CUST_466,PROD_17,3,2026-01-13 01:13:39
15674,CUST_402,PROD_66,5,2026-01-27 03:39:26
15675,CUST_493,PROD_69,5,2025-12-30 14:34:16
15676,CUST_100,PROD_18,1,2026-01-03 14:21:53
15677,CUST_131,PROD_65,3,2026-01-22 14:20:29
15678,CUST_114,PROD_81,4,2026-01-05 19:39:27
15679,CUST_361,PROD_51,5,2025-12-31 09:43:04
15680,CUST_353,PROD_45,1,2026-01-01 17:57:17
15681,CUST_194,PROD_64,3,2026-01-08 07:10:47
15682,CUST_74,PROD_91,3,2026-01-26 22:47:07
15683,CUST_429,PROD_74,2,2026-01-18 08:34:36
15684,CUST_397,PROD_84,4,2026-01-27 16:39:19
15685,CUST_140,PROD_81,2,2026-01-22 18:45:05
15686,CUST_455,PROD_96,1,2026-01-25 07:49:24
15687,CUST_68,PROD_77,2,2026-01-23 04:15:37
15688,CUST_116,PROD_70,5,2026-01-08 05:54:34
15689,CUST_81,PROD_71,1,2026-01-21 00:44:53
15690,CUST_122,PROD_65,5,2025-12-31 04:24:13
15691,CUST_470,PROD_31,4,2025-12-31 02:29:28
15692,CUST_107,PROD_86,5,2025-12-29 13:15:59
15693,CUST_96,PROD_23,3,2026-01-07 15:38:14
15694,CUST_264,PROD_54,5,2025-12-28 22:07:44
15695,CUST_116,PROD_87,2,2026-01-13 13:09:51
15696,CUST_459,PROD_20,2,2026-01-25 21:45:05
15697,CUST_90,PROD_28,1,2026-01-08 21:35:27
15698,CUST_435,PROD_48,4,2025-12-28 22:45:34
15699,CUST_74,PROD_51,5,2026-01-24 19:35:49
15700,CUST_329,PROD_29,5,2025-12-29 16:21:47
15701,CUST_71,PROD_8,5,2026-01-22 15:52:35
15702,CUST_298,PROD_83,5,2026-01-13 01:31:08
15703,CUST_318,PROD_57,1,2026-01-17 11:43:25
15704,CUST_464,PROD_98,5,2026-01-01 11:33:38
15705,CUST_238,PROD_13,1,2026-01-15 04:18:40
15706,CUST_269,PROD_65,2,2025-12-29 14:42:14
15707,CUST_180,PROD_12,4,2026-01-10 05:01:08
15708,CUST_164,PROD_51,2,2026-01-13 03:57:43
15709,CUST_288,PROD_72,4,2026-01-06 05:49:18
15710,CUST_353,PROD_72,1,2026-01-04 05:42:49
15711,CUST_385,PROD_40,5,2026-01-09 07:17:47
15712,CUST_18,PROD_53,1,2026-01-09 08:09:02
15713,CUST_152,PROD_78,3,2025-12-30 16:15:15
15714,CUST_135,PROD_38,2,2026-01-13 14:31:10
15715,CUST_115,PROD_6,3,2026-01-21 18:42:02
15716,CUST_498,PROD_93,5,2025-12-30 23:24:18
15717,CUST_404,PROD_29,5,2026-01-08 10:28:44
15718,CUST_31,PROD_54,2,2026-01-14 18:24:51
15719,CUST_354,PROD_46,5,2026-01-22 05:16:49
15720,CUST_460,PROD_36,5,2026-01-12 18:06:44
15721,CUST_95,PROD_4,5,2026-01-24 07:42:54
15722,CUST_292,PROD_84,3,2026-01-13 00:59:47
15723,CUST_214,PROD_92,1,2026-01-03 02:35:37
15724,CUST_394,PROD_40,3,2026-01-13 07:58:50
15725,CUST_381,PROD_91,3,2026-01-11 19:12:49
15726,CUST_374,PROD_21,3,2026-01-04 19:43:49
15727,CUST_30,PROD_46,4,2026-01-17 11:58:28
15728,CUST_82,PROD_67,4,2026-01-05 19:35:39
15729,CUST_190,PROD_64,4,2026-01-15 07:10:20
15730,CUST_216,PROD_64,2,2026-01-04 05:30:36
15731,CUST_72,PROD_83,3,2026-01-21 00:35:03
15732,CUST_461,PROD_96,1,2026-01-21 21:27:00
15733,CUST_491,PROD_30,4,2026-01-20 10:59:09
15734,CUST_488,PROD_82,5,2026-01-19 17:29:39
15735,CUST_359,PROD_37,3,2026-01-04 08:31:23
15736,CUST_395,PROD_100,5,2026-01-17 01:58:52
15737,CUST_288,PROD_82,2,2026-01-20 22:30:50
15738,CUST_255,PROD_71,2,2026-01-16 05:06:35
15739,CUST_81,PROD_56,4,2026-01-11 06:59:12
15740,CUST_436,PROD_96,4,2026-01-05 02:13:36
15741,CUST_234,PROD_77,2,2026-01-22 21:12:41
15742,CUST_457,PROD_91,1,2025-12-29 08:36:29
15743,CUST_328,PROD_14,1,2026-01-06 19:45:29
15744,CUST_5,PROD_73,1,2026-01-07 10:45:14
15745,CUST_66,PROD_98,3,2026-01-18 09:02:12
15746,CUST_337,PROD_44,1,2026-01-21 09:09:14
15747,CUST_178,PROD_56,2,2026-01-24 11:46:38
15748,CUST_167,PROD_51,1,2026-01-03 18:33:04
15749,CUST_302,PROD_24,3,2026-01-03 03:57:54
15750,CUST_147,PROD_28,3,2025-12-31 15:01:38
15751,CUST_374,PROD_27,4,2026-01-01 15:09:24
15752,CUST_243,PROD_41,3,2026-01-11 01:54:57
15753,CUST_494,PROD_70,2,2026-01-06 20:00:09
15754,CUST_41,PROD_48,1,2026-01-17 04:29:28
15755,CUST_416,PROD_17,4,2026-01-24 13:13:15
15756,CUST_167,PROD_67,1,2026-01-05 01:29:44
15757,CUST_196,PROD_54,4,2026-01-08 20:30:14
15758,CUST_134,PROD_27,3,2026-01-14 05:07:02
15759,CUST_189,PROD_24,2,2026-01-10 22:08:18
15760,CUST_302,PROD_71,3,2026-01-24 15:08:56
15761,CUST_190,PROD_21,2,2025-12-28 20:18:54
15762,CUST_144,PROD_76,3,2026-01-04 19:42:52
15763,CUST_277,PROD_80,5,2026-01-18 05:11:12
15764,CUST_127,PROD_35,5,2026-01-08 13:21:19
15765,CUST_62,PROD_66,2,2026-01-19 13:41:19
15766,CUST_481,PROD_95,1,2026-01-01 04:13:30
15767,CUST_432,PROD_46,4,2026-01-24 08:30:38
15768,CUST_296,PROD_93,5,2026-01-23 19:36:47
15769,CUST_242,PROD_55,4,2026-01-08 16:14:04
15770,CUST_291,PROD_51,3,2026-01-12 13:11:52
15771,CUST_179,PROD_60,5,2026-01-21 10:54:20
15772,CUST_488,PROD_3,4,2026-01-22 21:16:39
15773,CUST_320,PROD_17,2,2026-01-02 01:50:51
15774,CUST_59,PROD_6,1,2026-01-25 01:01:09
15775,CUST_403,PROD_83,4,2025-12-30 09:45:52
15776,CUST_399,PROD_31,1,2025-12-29 06:12:41
15777,CUST_342,PROD_50,3,2026-01-09 17:46:55
15778,CUST_334,PROD_24,2,2026-01-25 13:45:30
15779,CUST_218,PROD_16,1,2026-01-15 01:12:22
15780,CUST_350,PROD_13,3,2026-01-16 07:29:17
15781,CUST_427,PROD_58,1,2026-01-11 01:06:42
15782,CUST_408,PROD_26,4,2026-01-05 13:00:11
15783,CUST_380,PROD_75,2,2025-12-28 19:15:39
15784,CUST_368,PROD_49,4,2026-01-15 14:01:29
15785,CUST_124,PROD_74,1,2026-01-10 05:18:14
15786,CUST_298,PROD_96,4,2026-01-12 03:44:45
15787,CUST_425,PROD_84,1,2026-01-08 15:38:12
15788,CUST_60,PROD_86,5,2026-01-01 14:03:13
15789,CUST_383,PROD_81,1,2026-01-19 22:06:32
15790,CUST_494,PROD_82,1,2025-12-29 21:56:44
15791,CUST_106,PROD_93,4,2026-01-20 01:42:30
15792,CUST_272,PROD_4,3,2026-01-04 11:56:27
15793,CUST_409,PROD_81,3,2026-01-12 17:58:18
15794,CUST_274,PROD_10,3,2026-01-17 03:35:29
15795,CUST_101,PROD_61,5,2026-01-27 10:35:32
15796,CUST_175,PROD_7,3,2026-01-04 04:30:39
15797,CUST_281,PROD_18,3,2026-01-15 04:22:19
15798,CUST_398,PROD_81,2,2026-01-03 17:53:26
15799,CUST_108,PROD_53,5,2026-01-19 20:56:53
15800,CUST_108,PROD_7,5,2026-01-08 19:50:24
15801,CUST_7,PROD_66,2,2026-01-15 19:36:38
15802,CUST_347,PROD_29,4,2025-12-31 03:06:48
15803,CUST_122,PROD_80,4,2026-01-19 22:06:36
15804,CUST_271,PROD_31,5,2026-01-20 10:52:50
15805,CUST_410,PROD_31,4,2026-01-13 03:19:46
15806,CUST_276,PROD_63,3,2026-01-05 15:04:24
15807,CUST_5,PROD_16,5,2026-01-08 21:08:58
15808,CUST_353,PROD_62,3,2026-01-26 05:37:30
15809,CUST_464,PROD_70,2,2026-01-09 23:24:42
15810,CUST_381,PROD_3,3,2026-01-10 09:27:40
15811,CUST_449,PROD_35,1,2026-01-16 10:20:15
15812,CUST_231,PROD_42,1,2026-01-15 22:02:51
15813,CUST_368,PROD_73,3,2026-01-09 17:44:13
15814,CUST_314,PROD_32,1,2026-01-23 14:02:39
15815,CUST_412,PROD_4,3,2026-01-21 15:25:18
15816,CUST_117,PROD_100,1,2026-01-16 12:12:53
15817,CUST_481,PROD_53,4,2026-01-14 20:15:39
15818,CUST_52,PROD_24,5,2026-01-23 11:02:39
15819,CUST_251,PROD_8,4,2026-01-02 21:02:12
15820,CUST_248,PROD_45,3,2025-12-30 14:05:47
15821,CUST_13,PROD_26,1,2026-01-12 23:52:15
15822,CUST_404,PROD_9,3,2026-01-01 17:42:58
15823,CUST_149,PROD_58,5,2026-01-14 18:00:18
15824,CUST_83,PROD_50,1,2026-01-14 09:06:03
15825,CUST_165,PROD_42,2,2026-01-14 16:52:47
15826,CUST_217,PROD_92,4,2026-01-12 20:18:50
15827,CUST_219,PROD_63,1,2026-01-08 19:57:47
15828,CUST_82,PROD_91,1,2026-01-08 17:09:00
15829,CUST_109,PROD_29,4,2026-01-09 03:41:18
15830,CUST_265,PROD_87,4,2026-01-14 09:04:38
15831,CUST_71,PROD_10,5,2026-01-26 01:36:28
15832,CUST_297,PROD_51,5,2026-01-06 11:41:40
15833,CUST_487,PROD_46,3,2026-01-24 05:00:36
15834,CUST_378,PROD_46,4,2026-01-26 02:28:03
15835,CUST_465,PROD_40,1,2026-01-09 01:53:39
15836,CUST_110,PROD_18,2,2026-01-07 11:14:33
15837,CUST_360,PROD_61,2,2026-01-14 18:18:42
15838,CUST_173,PROD_93,2,2026-01-16 14:51:06
15839,CUST_453,PROD_68,1,2026-01-15 10:13:21
15840,CUST_158,PROD_16,3,2026-01-13 22:14:12
15841,CUST_267,PROD_68,2,2026-01-08 12:47:03
15842,CUST_434,PROD_15,1,2026-01-11 17:30:19
15843,CUST_218,PROD_84,5,2026-01-17 14:38:46
15844,CUST_477,PROD_75,1,2026-01-02 22:49:17
15845,CUST_262,PROD_57,4,2025-12-28 22:41:37
15846,CUST_181,PROD_76,3,2026-01-17 08:15:42
15847,CUST_186,PROD_27,1,2026-01-01 16:56:58
15848,CUST_76,PROD_56,4,2026-01-10 02:34:56
15849,CUST_7,PROD_38,5,2026-01-18 10:26:54
15850,CUST_419,PROD_87,3,2026-01-08 11:01:42
15851,CUST_78,PROD_54,5,2026-01-08 04:14:34
15852,CUST_282,PROD_23,2,2026-01-02 08:19:44
15853,CUST_266,PROD_6,2,2026-01-13 08:49:27
15854,CUST_206,PROD_84,4,2026-01-01 00:31:56
15855,CUST_197,PROD_85,3,2026-01-20 16:56:19
15856,CUST_50,PROD_75,2,2025-12-29 23:43:06
15857,CUST_258,PROD_58,3,2026-01-18 11:14:31
15858,CUST_478,PROD_47,3,2025-12-31 23:28:19
15859,CUST_222,PROD_29,3,2026-01-13 03:03:47
15860,CUST_477,PROD_55,2,2025-12-29 13:32:31
15861,CUST_272,PROD_35,1,2026-01-10 10:21:07
15862,CUST_391,PROD_59,5,2026-01-27 03:41:34
15863,CUST_76,PROD_97,4,2026-01-25 05:36:40
15864,CUST_251,PROD_27,1,2026-01-23 04:12:15
15865,CUST_9,PROD_34,2,2026-01-01 13:03:51
15866,CUST_2,PROD_97,3,2026-01-05 07:19:22
15867,CUST_112,PROD_54,2,2026-01-15 18:12:16
15868,CUST_492,PROD_48,3,2026-01-23 07:32:15
15869,CUST_51,PROD_50,5,2025-12-31 14:04:20
15870,CUST_212,PROD_94,5,2026-01-20 20:26:38
15871,CUST_285,PROD_15,2,2025-12-31 20:46:08
15872,CUST_247,PROD_99,2,2026-01-11 11:30:31
15873,CUST_158,PROD_67,3,2026-01-07 19:15:05
15874,CUST_451,PROD_74,1,2026-01-11 12:13:29
15875,CUST_139,PROD_11,1,2026-01-15 14:39:59
15876,CUST_65,PROD_85,2,2026-01-20 01:21:37
15877,CUST_281,PROD_91,5,2026-01-20 04:55:16
15878,CUST_382,PROD_80,2,2026-01-23 16:27:12
15879,CUST_139,PROD_25,4,2025-12-29 13:07:41
15880,CUST_464,PROD_81,2,2026-01-17 19:20:57
15881,CUST_191,PROD_33,4,2026-01-09 03:22:31
15882,CUST_67,PROD_86,3,2026-01-09 14:27:49
15883,CUST_7,PROD_86,1,2026-01-16 08:17:38
15884,CUST_106,PROD_28,5,2026-01-26 17:36:58
15885,CUST_364,PROD_27,1,2026-01-09 00:47:33
15886,CUST_250,PROD_42,2,2026-01-25 07:01:46
15887,CUST_38,PROD_86,2,2025-12-31 09:47:11
15888,CUST_88,PROD_90,3,2026-01-01 02:42:38
15889,CUST_498,PROD_86,3,2026-01-01 21:46:13
15890,CUST_392,PROD_74,1,2026-01-25 18:14:04
15891,CUST_48,PROD_39,2,2026-01-24 20:05:45
15892,CUST_444,PROD_70,1,2026-01-27 02:09:17
15893,CUST_12,PROD_27,1,2026-01-25 08:46:30
15894,CUST_285,PROD_11,2,2025-12-29 10:36:09
15895,CUST_218,PROD_35,3,2025-12-30 04:02:26
15896,CUST_64,PROD_13,1,2026-01-10 18:43:50
15897,CUST_453,PROD_46,4,2026-01-20 19:06:25
15898,CUST_334,PROD_60,2,2025-12-29 18:37:10
15899,CUST_74,PROD_98,4,2026-01-25 18:50:23
15900,CUST_246,PROD_36,3,2026-01-22 13:06:27
15901,CUST_138,PROD_99,2,2026-01-01 08:29:23
15902,CUST_326,PROD_54,2,2026-01-20 23:00:06
15903,CUST_335,PROD_14,2,2026-01-06 20:28:12
15904,CUST_491,PROD_3,3,2026-01-27 11:36:13
15905,CUST_345,PROD_69,1,2026-01-14 01:24:05
15906,CUST_330,PROD_89,3,2026-01-22 01:11:30
15907,CUST_81,PROD_90,1,2026-01-22 09:24:12
15908,CUST_303,PROD_11,1,2026-01-16 03:48:14
15909,CUST_437,PROD_86,4,2026-01-09 17:08:26
15910,CUST_105,PROD_25,1,2026-01-04 16:47:48
15911,CUST_286,PROD_58,3,2026-01-03 22:57:35
15912,CUST_5,PROD_10,2,2026-01-06 21:43:31
15913,CUST_86,PROD_12,4,2026-01-08 10:16:50
15914,CUST_481,PROD_33,1,2026-01-25 11:55:23
15915,CUST_180,PROD_82,4,2026-01-05 16:20:33
15916,CUST_438,PROD_38,1,2026-01-12 01:45:13
15917,CUST_480,PROD_15,5,2026-01-18 01:42:56
15918,CUST_93,PROD_76,4,2026-01-07 06:30:53
15919,CUST_192,PROD_10,1,2026-01-27 08:48:54
15920,CUST_483,PROD_36,4,2026-01-23 01:14:25
15921,CUST_121,PROD_40,4,2026-01-09 15:47:23
15922,CUST_53,PROD_12,5,2026-01-08 20:26:33
15923,CUST_176,PROD_16,4,2026-01-24 21:45:36
15924,CUST_426,PROD_100,3,2026-01-18 12:52:24
15925,CUST_465,PROD_30,4,2026-01-04 15:41:07
15926,CUST_113,PROD_26,4,2025-12-29 18:48:48
15927,CUST_438,PROD_24,5,2026-01-17 18:14:17
15928,CUST_171,PROD_30,3,2026-01-03 14:36:48
15929,CUST_399,PROD_18,4,2026-01-11 07:34:43
15930,CUST_497,PROD_50,2,2025-12-30 16:39:59
15931,CUST_422,PROD_56,5,2026-01-23 09:55:21
15932,CUST_467,PROD_71,2,2025-12-29 14:29:43
15933,CUST_104,PROD_59,2,2026-01-20 17:31:04
15934,CUST_474,PROD_49,2,2026-01-12 21:59:05
15935,CUST_65,PROD_8,1,2026-01-24 05:52:50
15936,CUST_1,PROD_39,3,2026-01-24 15:27:41
15937,CUST_262,PROD_77,3,2025-12-30 05:33:54
15938,CUST_440,PROD_21,4,2026-01-06 19:45:33
15939,CUST_59,PROD_52,2,2026-01-14 04:28:00
15940,CUST_287,PROD_30,5,2025-12-28 22:55:58
15941,CUST_468,PROD_7,4,2026-01-10 13:15:52
15942,CUST_342,PROD_85,2,2026-01-06 08:32:54
15943,CUST_73,PROD_13,2,2026-01-03 03:30:46
15944,CUST_182,PROD_9,4,2026-01-21 01:14:50
15945,CUST_393,PROD_93,2,2026-01-03 02:37:21
15946,CUST_149,PROD_61,2,2026-01-03 04:26:53
15947,CUST_185,PROD_67,1,2025-12-29 17:18:32
15948,CUST_303,PROD_81,1,2026-01-25 04:06:57
15949,CUST_28,PROD_53,2,2026-01-07 06:27:17
15950,CUST_188,PROD_17,5,2026-01-11 01:46:35
15951,CUST_442,PROD_53,5,2026-01-26 02:13:25
15952,CUST_376,PROD_39,4,2026-01-15 05:12:42
15953,CUST_325,PROD_80,4,2026-01-09 05:02:24
15954,CUST_470,PROD_61,3,2026-01-11 03:15:21
15955,CUST_112,PROD_25,5,2026-01-03 05:40:31
15956,CUST_320,PROD_45,2,2026-01-24 01:04:41
15957,CUST_345,PROD_45,3,2026-01-03 03:23:27
15958,CUST_425,PROD_27,5,2026-01-22 14:57:42
15959,CUST_338,PROD_98,5,2026-01-19 13:11:47
15960,CUST_364,PROD_27,3,2026-01-05 14:13:07
15961,CUST_39,PROD_5,2,2026-01-02 10:40:28
15962,CUST_39,PROD_68,4,2026-01-09 05:47:31
15963,CUST_111,PROD_59,2,2026-01-06 04:53:37
15964,CUST_497,PROD_3,2,2026-01-05 02:46:12
15965,CUST_387,PROD_27,1,2026-01-17 10:46:02
15966,CUST_212,PROD_53,1,2026-01-10 15:10:00
15967,CUST_276,PROD_5,4,2026-01-15 17:49:29
15968,CUST_407,PROD_64,2,2026-01-06 12:10:07
15969,CUST_33,PROD_92,2,2026-01-21 06:10:14
15970,CUST_343,PROD_45,2,2026-01-12 20:05:36
15971,CUST_254,PROD_86,3,2026-01-27 02:02:55
15972,CUST_89,PROD_5,4,2025-12-28 21:51:48
15973,CUST_161,PROD_46,4,2026-01-15 13:29:45
15974,CUST_500,PROD_93,5,2025-12-29 18:52:28
15975,CUST_470,PROD_3,4,2026-01-09 07:24:31
15976,CUST_364,PROD_79,1,2025-12-30 05:55:33
15977,CUST_194,PROD_98,5,2025-12-31 18:17:23
15978,CUST_181,PROD_76,1,2026-01-24 03:01:27
15979,CUST_76,PROD_93,2,2026-01-02 22:36:11
15980,CUST_118,PROD_25,5,2026-01-10 08:15:21
15981,CUST_201,PROD_71,5,2026-01-25 03:48:50
15982,CUST_43,PROD_70,5,2026-01-03 00:22:25
15983,CUST_51,PROD_35,5,2026-01-18 13:00:59
15984,CUST_81,PROD_97,5,2026-01-15 07:21:09
15985,CUST_298,PROD_81,1,2026-01-18 01:41:27
15986,CUST_312,PROD_79,1,2026-01-15 02:16:44
15987,CUST_221,PROD_44,3,2026-01-20 19:06:09
15988,CUST_465,PROD_4,3,2026-01-21 12:48:33
15989,CUST_472,PROD_21,3,2026-01-24 17:33:01
15990,CUST_143,PROD_72,4,2026-01-03 12:37:00
15991,CUST_473,PROD_59,3,2025-12-29 19:49:32
15992,CUST_35,PROD_88,4,2026-01-08 17:14:12
15993,CUST_257,PROD_14,3,2026-01-09 04:40:40
15994,CUST_333,PROD_28,4,2026-01-21 12:56:14
15995,CUST_320,PROD_50,4,2026-01-22 14:24:49
15996,CUST_382,PROD_67,4,2026-01-02 03:55:48
15997,CUST_87,PROD_8,2,2025-12-30 13:54:30
15998,CUST_177,PROD_91,3,2026-01-16 00:33:46
15999,CUST_155,PROD_62,1,2026-01-12 22:34:30
16000,CUST_283,PROD_79,5,2026-01-18 07:28:14
16001,CUST_170,PROD_32,4,2026-01-09 02:03:35
16002,CUST_20,PROD_78,4,2026-01-16 21:40:38
16003,CUST_225,PROD_96,5,2026-01-24 16:54:58
16004,CUST_341,PROD_4,1,2025-12-30 14:28:12
16005,CUST_3,PROD_73,2,2026-01-25 01:07:57
16006,CUST_80,PROD_57,4,2026-01-02 17:16:55
16007,CUST_152,PROD_73,5,2026-01-16 14:28:02
16008,CUST_72,PROD_52,1,2026-01-21 12:53:42
16009,CUST_453,PROD_95,2,2026-01-21 08:40:25
16010,CUST_308,PROD_53,4,2026-01-19 08:49:05
16011,CUST_229,PROD_100,2,2025-12-30 03:41:21
16012,CUST_231,PROD_30,3,2026-01-02 18:43:12
16013,CUST_233,PROD_100,4,2026-01-14 03:28:10
16014,CUST_169,PROD_19,2,2026-01-11 17:56:02
16015,CUST_15,PROD_6,3,2026-01-21 15:28:46
16016,CUST_20,PROD_87,5,2026-01-26 13:33:32
16017,CUST_466,PROD_51,5,2026-01-26 01:59:10
16018,CUST_500,PROD_33,1,2026-01-06 07:12:13
16019,CUST_397,PROD_23,1,2026-01-17 08:56:56
16020,CUST_459,PROD_60,5,2026-01-09 11:56:05
16021,CUST_289,PROD_67,3,2026-01-21 03:43:12
16022,CUST_457,PROD_25,5,2025-12-29 19:09:26
16023,CUST_475,PROD_100,2,2025-12-29 14:47:07
16024,CUST_303,PROD_4,4,2026-01-27 14:05:56
16025,CUST_330,PROD_43,5,2025-12-30 09:09:47
16026,CUST_268,PROD_97,4,2026-01-21 14:46:13
16027,CUST_145,PROD_96,4,2026-01-08 10:07:00
16028,CUST_274,PROD_13,4,2025-12-29 22:15:09
16029,CUST_178,PROD_59,3,2026-01-12 11:23:47
16030,CUST_259,PROD_2,1,2026-01-02 04:25:01
16031,CUST_309,PROD_2,3,2026-01-26 23:12:44
16032,CUST_241,PROD_72,2,2026-01-05 22:25:00
16033,CUST_328,PROD_74,3,2026-01-14 19:19:29
16034,CUST_75,PROD_19,3,2025-12-31 06:27:09
16035,CUST_410,PROD_93,4,2025-12-31 09:27:19
16036,CUST_223,PROD_39,3,2026-01-08 14:03:19
16037,CUST_72,PROD_32,5,2026-01-21 02:45:21
16038,CUST_33,PROD_83,5,2026-01-16 20:28:32
16039,CUST_43,PROD_79,2,2026-01-11 11:40:02
16040,CUST_5,PROD_50,1,2026-01-06 05:10:03
16041,CUST_268,PROD_20,1,2026-01-21 19:14:25
16042,CUST_223,PROD_20,4,2026-01-04 19:44:35
16043,CUST_117,PROD_8,4,2026-01-21 03:47:19
16044,CUST_7,PROD_67,2,2026-01-18 17:43:51
16045,CUST_362,PROD_58,3,2026-01-10 12:20:45
16046,CUST_465,PROD_87,1,2026-01-15 01:00:38
16047,CUST_165,PROD_93,4,2026-01-26 20:16:26
16048,CUST_313,PROD_12,4,2026-01-13 16:38:23
16049,CUST_429,PROD_95,1,2025-12-29 17:44:45
16050,CUST_83,PROD_86,2,2026-01-16 06:18:57
16051,CUST_139,PROD_43,1,2026-01-26 17:06:29
16052,CUST_305,PROD_98,3,2026-01-14 04:11:58
16053,CUST_239,PROD_36,3,2025-12-31 18:50:22
16054,CUST_146,PROD_90,2,2026-01-13 15:39:41
16055,CUST_323,PROD_79,1,2026-01-12 08:59:23
16056,CUST_272,PROD_23,1,2026-01-14 05:44:52
16057,CUST_137,PROD_16,3,2026-01-21 11:56:59
16058,CUST_150,PROD_8,2,2026-01-24 13:37:33
16059,CUST_350,PROD_42,1,2025-12-29 16:34:08
16060,CUST_252,PROD_41,5,2026-01-07 14:21:30
16061,CUST_26,PROD_5,1,2026-01-12 07:39:13
16062,CUST_305,PROD_99,5,2025-12-29 17:16:53
16063,CUST_24,PROD_85,5,2026-01-07 08:15:39
16064,CUST_238,PROD_35,4,2026-01-04 07:16:46
16065,CUST_406,PROD_93,1,2026-01-07 13:30:59
16066,CUST_262,PROD_92,5,2026-01-03 19:50:38
16067,CUST_282,PROD_2,3,2026-01-14 14:40:02
16068,CUST_475,PROD_73,3,2026-01-12 23:48:26
16069,CUST_213,PROD_18,3,2026-01-18 11:58:34
16070,CUST_169,PROD_88,5,2025-12-30 17:22:09
16071,CUST_380,PROD_18,4,2026-01-02 22:13:24
16072,CUST_117,PROD_11,2,2026-01-09 04:48:11
16073,CUST_449,PROD_77,4,2026-01-24 15:14:29
16074,CUST_113,PROD_69,4,2026-01-19 19:13:56
16075,CUST_271,PROD_36,2,2026-01-17 12:40:54
16076,CUST_337,PROD_9,5,2026-01-04 17:31:19
16077,CUST_12,PROD_44,4,2026-01-12 09:13:37
16078,CUST_466,PROD_55,1,2026-01-21 11:45:25
16079,CUST_423,PROD_57,2,2026-01-27 12:47:30
16080,CUST_225,PROD_59,4,2026-01-10 06:47:35
16081,CUST_466,PROD_89,2,2026-01-20 21:33:53
16082,CUST_6,PROD_84,4,2026-01-04 13:18:41
16083,CUST_22,PROD_74,3,2026-01-18 21:14:01
16084,CUST_303,PROD_5,4,2026-01-10 03:52:54
16085,CUST_412,PROD_43,4,2026-01-27 14:22:04
16086,CUST_429,PROD_18,4,2026-01-08 07:06:10
16087,CUST_445,PROD_65,5,2026-01-13 23:16:47
16088,CUST_321,PROD_25,2,2026-01-26 11:30:32
16089,CUST_145,PROD_58,4,2026-01-11 12:38:26
16090,CUST_339,PROD_3,3,2026-01-25 09:18:58
16091,CUST_81,PROD_10,3,2026-01-24 12:07:13
16092,CUST_224,PROD_76,4,2026-01-27 01:23:34
16093,CUST_444,PROD_42,1,2026-01-11 17:03:32
16094,CUST_307,PROD_40,2,2026-01-21 10:14:21
16095,CUST_86,PROD_23,2,2026-01-06 02:44:03
16096,CUST_154,PROD_27,1,2026-01-20 17:33:59
16097,CUST_398,PROD_57,2,2025-12-31 02:22:25
16098,CUST_398,PROD_82,5,2026-01-13 16:34:31
16099,CUST_229,PROD_79,4,2026-01-25 16:51:41
16100,CUST_110,PROD_28,2,2026-01-08 14:39:12
16101,CUST_91,PROD_82,2,2026-01-18 09:17:52
16102,CUST_6,PROD_74,2,2026-01-25 12:59:09
16103,CUST_69,PROD_98,5,2026-01-03 20:13:08
16104,CUST_71,PROD_1,4,2026-01-08 11:31:16
16105,CUST_139,PROD_98,5,2026-01-24 16:18:34
16106,CUST_36,PROD_75,4,2025-12-29 08:54:01
16107,CUST_90,PROD_59,1,2026-01-17 07:48:10
16108,CUST_233,PROD_19,5,2026-01-22 21:31:35
16109,CUST_70,PROD_55,2,2026-01-13 10:29:24
16110,CUST_156,PROD_97,3,2026-01-16 03:41:04
16111,CUST_193,PROD_85,4,2026-01-07 10:07:50
16112,CUST_489,PROD_8,5,2026-01-02 01:04:24
16113,CUST_492,PROD_39,5,2026-01-19 17:10:51
16114,CUST_300,PROD_11,2,2026-01-23 07:20:33
16115,CUST_10,PROD_76,2,2026-01-23 05:29:58
16116,CUST_327,PROD_79,2,2025-12-30 20:43:21
16117,CUST_430,PROD_42,2,2026-01-24 05:07:04
16118,CUST_373,PROD_54,4,2026-01-08 07:28:38
16119,CUST_343,PROD_71,5,2026-01-16 09:46:25
16120,CUST_303,PROD_48,3,2026-01-17 14:11:51
16121,CUST_20,PROD_74,2,2025-12-30 15:05:53
16122,CUST_213,PROD_53,1,2026-01-04 11:20:10
16123,CUST_246,PROD_77,1,2026-01-08 19:03:43
16124,CUST_103,PROD_7,3,2026-01-06 18:11:00
16125,CUST_472,PROD_83,1,2026-01-11 11:05:41
16126,CUST_279,PROD_70,2,2026-01-21 23:49:46
16127,CUST_465,PROD_48,1,2026-01-17 23:22:12
16128,CUST_42,PROD_79,5,2026-01-18 14:23:57
16129,CUST_211,PROD_46,4,2026-01-19 05:03:54
16130,CUST_24,PROD_1,5,2025-12-31 12:26:37
16131,CUST_9,PROD_30,5,2026-01-04 09:36:41
16132,CUST_126,PROD_19,2,2026-01-26 16:39:00
16133,CUST_147,PROD_20,2,2026-01-04 17:02:37
16134,CUST_35,PROD_50,1,2025-12-29 04:08:02
16135,CUST_342,PROD_52,1,2026-01-12 13:08:59
16136,CUST_447,PROD_74,4,2026-01-07 05:40:46
16137,CUST_277,PROD_76,5,2026-01-05 13:30:49
16138,CUST_86,PROD_29,1,2026-01-05 05:24:31
16139,CUST_255,PROD_52,3,2026-01-07 15:27:00
16140,CUST_73,PROD_14,2,2026-01-01 00:40:24
16141,CUST_239,PROD_79,3,2026-01-16 23:08:55
16142,CUST_270,PROD_35,4,2026-01-11 22:55:21
16143,CUST_140,PROD_30,2,2026-01-10 13:40:10
16144,CUST_104,PROD_24,1,2026-01-07 15:17:10
16145,CUST_413,PROD_50,2,2026-01-05 18:52:23
16146,CUST_92,PROD_21,3,2026-01-06 00:08:30
16147,CUST_264,PROD_44,4,2026-01-17 03:09:40
16148,CUST_331,PROD_94,5,2025-12-29 11:24:17
16149,CUST_15,PROD_13,1,2026-01-04 23:39:13
16150,CUST_186,PROD_5,5,2026-01-12 15:03:02
16151,CUST_119,PROD_3,4,2026-01-17 23:11:32
16152,CUST_363,PROD_96,3,2026-01-20 20:37:30
16153,CUST_249,PROD_62,4,2026-01-26 22:18:36
16154,CUST_223,PROD_53,5,2025-12-30 14:41:33
16155,CUST_135,PROD_65,5,2026-01-01 10:02:44
16156,CUST_228,PROD_72,1,2026-01-03 02:34:12
16157,CUST_465,PROD_69,4,2026-01-07 04:45:07
16158,CUST_309,PROD_64,4,2026-01-25 23:14:16
16159,CUST_127,PROD_83,5,2026-01-18 15:32:49
16160,CUST_93,PROD_7,3,2025-12-31 18:42:43
16161,CUST_170,PROD_45,3,2026-01-06 18:03:10
16162,CUST_282,PROD_52,3,2026-01-02 17:35:03
16163,CUST_64,PROD_3,4,2026-01-17 06:53:38
16164,CUST_40,PROD_38,5,2025-12-30 09:39:05
16165,CUST_287,PROD_50,2,2025-12-30 10:59:31
16166,CUST_290,PROD_66,5,2026-01-25 01:49:50
16167,CUST_380,PROD_30,5,2026-01-24 20:50:00
16168,CUST_467,PROD_49,3,2026-01-07 04:26:39
16169,CUST_259,PROD_29,2,2026-01-06 05:21:40
16170,CUST_186,PROD_62,1,2026-01-22 19:56:28
16171,CUST_472,PROD_19,5,2025-12-31 18:16:41
16172,CUST_429,PROD_84,5,2026-01-22 03:00:33
16173,CUST_62,PROD_99,4,2026-01-18 22:45:36
16174,CUST_271,PROD_65,4,2026-01-12 02:05:48
16175,CUST_16,PROD_30,5,2026-01-27 08:20:20
16176,CUST_60,PROD_93,2,2026-01-23 05:01:36
16177,CUST_241,PROD_1,5,2026-01-15 02:33:19
16178,CUST_142,PROD_40,4,2026-01-07 13:26:06
16179,CUST_260,PROD_51,5,2026-01-06 23:28:44
16180,CUST_434,PROD_86,3,2026-01-14 06:37:02
16181,CUST_449,PROD_22,5,2026-01-19 09:28:47
16182,CUST_469,PROD_41,4,2026-01-03 19:04:25
16183,CUST_298,PROD_65,3,2025-12-29 22:45:57
16184,CUST_344,PROD_66,5,2026-01-15 14:45:35
16185,CUST_461,PROD_26,1,2026-01-13 02:48:52
16186,CUST_112,PROD_84,4,2026-01-01 17:06:16
16187,CUST_116,PROD_95,3,2026-01-08 21:01:58
16188,CUST_50,PROD_67,3,2026-01-07 13:08:18
16189,CUST_470,PROD_69,2,2026-01-26 08:34:04
16190,CUST_399,PROD_66,4,2026-01-21 05:19:29
16191,CUST_392,PROD_54,5,2026-01-25 01:27:08
16192,CUST_246,PROD_49,3,2026-01-22 21:56:03
16193,CUST_379,PROD_2,5,2026-01-13 00:19:03
16194,CUST_175,PROD_13,2,2026-01-13 01:59:32
16195,CUST_11,PROD_11,1,2026-01-18 18:30:39
16196,CUST_491,PROD_93,5,2026-01-04 07:48:30
16197,CUST_95,PROD_95,4,2026-01-14 16:39:34
16198,CUST_355,PROD_79,3,2026-01-10 16:08:59
16199,CUST_315,PROD_35,5,2026-01-23 09:30:21
16200,CUST_415,PROD_89,3,2026-01-23 20:26:21
16201,CUST_185,PROD_61,5,2026-01-13 01:05:15
16202,CUST_61,PROD_67,3,2025-12-30 07:39:46
16203,CUST_376,PROD_68,4,2026-01-03 06:46:06
16204,CUST_128,PROD_18,3,2026-01-08 11:19:03
16205,CUST_298,PROD_73,1,2026-01-27 11:55:13
16206,CUST_25,PROD_82,2,2026-01-21 19:04:50
16207,CUST_14,PROD_6,3,2026-01-12 02:26:32
16208,CUST_49,PROD_27,1,2026-01-11 03:07:35
16209,CUST_85,PROD_55,3,2026-01-12 21:11:06
16210,CUST_369,PROD_77,5,2026-01-08 02:25:57
16211,CUST_177,PROD_67,5,2026-01-24 16:32:47
16212,CUST_414,PROD_15,5,2026-01-24 12:53:15
16213,CUST_268,PROD_85,5,2026-01-01 02:10:53
16214,CUST_307,PROD_37,2,2026-01-20 07:58:52
16215,CUST_79,PROD_22,1,2026-01-13 06:41:30
16216,CUST_119,PROD_78,5,2026-01-23 10:22:55
16217,CUST_195,PROD_9,5,2026-01-21 00:29:22
16218,CUST_356,PROD_77,2,2026-01-03 04:14:48
16219,CUST_346,PROD_23,5,2026-01-25 09:38:37
16220,CUST_166,PROD_69,4,2026-01-09 14:00:15
16221,CUST_278,PROD_68,3,2026-01-10 11:42:36
16222,CUST_367,PROD_48,4,2026-01-26 13:31:08
16223,CUST_25,PROD_7,5,2026-01-09 11:05:57
16224,CUST_92,PROD_68,4,2026-01-11 04:10:34
16225,CUST_133,PROD_74,5,2026-01-06 15:50:08
16226,CUST_255,PROD_100,3,2026-01-15 05:30:02
16227,CUST_314,PROD_53,5,2026-01-03 09:11:29
16228,CUST_158,PROD_92,4,2026-01-27 01:09:51
16229,CUST_48,PROD_67,2,2026-01-04 01:37:38
16230,CUST_31,PROD_55,3,2026-01-20 21:04:19
16231,CUST_355,PROD_80,2,2026-01-14 10:41:59
16232,CUST_342,PROD_17,5,2026-01-06 23:26:52
16233,CUST_228,PROD_96,2,2025-12-30 04:32:32
16234,CUST_104,PROD_10,5,2026-01-08 19:40:59
16235,CUST_205,PROD_38,3,2026-01-25 12:06:39
16236,CUST_108,PROD_27,3,2026-01-17 19:31:23
16237,CUST_88,PROD_49,5,2026-01-03 09:51:44
16238,CUST_31,PROD_40,1,2026-01-20 05:40:17
16239,CUST_200,PROD_72,4,2026-01-19 03:32:05
16240,CUST_453,PROD_78,1,2026-01-21 18:41:57
16241,CUST_183,PROD_85,1,2026-01-27 03:15:59
16242,CUST_12,PROD_40,4,2026-01-05 10:02:59
16243,CUST_80,PROD_96,4,2026-01-22 04:33:02
16244,CUST_332,PROD_48,3,2026-01-17 03:22:07
16245,CUST_106,PROD_99,3,2026-01-16 12:20:00
16246,CUST_198,PROD_37,5,2026-01-07 23:25:21
16247,CUST_405,PROD_25,5,2025-12-30 05:56:32
16248,CUST_186,PROD_37,4,2026-01-18 01:11:43
16249,CUST_120,PROD_83,4,2026-01-16 07:18:42
16250,CUST_429,PROD_54,2,2026-01-03 08:42:24
16251,CUST_293,PROD_26,1,2026-01-14 18:30:03
16252,CUST_498,PROD_93,1,2026-01-22 10:11:08
16253,CUST_103,PROD_65,1,2026-01-13 04:52:31
16254,CUST_293,PROD_18,4,2026-01-10 18:43:25
16255,CUST_335,PROD_65,2,2026-01-03 08:37:27
16256,CUST_234,PROD_63,2,2026-01-25 11:03:57
16257,CUST_154,PROD_16,2,2026-01-09 19:14:43
16258,CUST_34,PROD_47,1,2026-01-14 20:09:43
16259,CUST_314,PROD_73,3,2026-01-13 18:47:32
16260,CUST_251,PROD_11,3,2026-01-21 08:37:20
16261,CUST_336,PROD_52,1,2026-01-23 15:33:23
16262,CUST_362,PROD_33,4,2026-01-02 13:32:33
16263,CUST_186,PROD_15,1,2026-01-13 15:21:56
16264,CUST_5,PROD_60,1,2026-01-10 13:42:44
16265,CUST_205,PROD_58,5,2026-01-26 09:19:54
16266,CUST_150,PROD_79,5,2026-01-20 18:12:18
16267,CUST_134,PROD_76,5,2026-01-20 18:46:08
16268,CUST_181,PROD_92,4,2026-01-14 11:24:19
16269,CUST_35,PROD_32,1,2026-01-03 15:21:23
16270,CUST_433,PROD_26,5,2026-01-25 03:23:03
16271,CUST_357,PROD_66,3,2026-01-23 09:54:26
16272,CUST_173,PROD_84,1,2026-01-02 22:41:59
16273,CUST_227,PROD_1,3,2026-01-19 23:24:45
16274,CUST_169,PROD_21,5,2026-01-26 05:03:10
16275,CUST_166,PROD_42,3,2026-01-22 00:16:22
16276,CUST_107,PROD_31,5,2026-01-24 05:41:53
16277,CUST_252,PROD_86,5,2026-01-10 12:50:16
16278,CUST_84,PROD_65,1,2026-01-08 21:01:39
16279,CUST_37,PROD_27,4,2026-01-26 08:04:33
16280,CUST_334,PROD_99,3,2026-01-12 23:04:34
16281,CUST_55,PROD_44,5,2026-01-19 05:35:52
16282,CUST_403,PROD_75,3,2026-01-20 21:13:14
16283,CUST_92,PROD_55,5,2026-01-17 02:28:36
16284,CUST_25,PROD_69,1,2026-01-19 21:18:20
16285,CUST_223,PROD_29,5,2026-01-21 20:21:33
16286,CUST_465,PROD_98,1,2026-01-24 04:30:55
16287,CUST_164,PROD_88,1,2026-01-04 11:48:32
16288,CUST_237,PROD_98,1,2026-01-02 20:07:34
16289,CUST_473,PROD_52,5,2026-01-18 05:08:16
16290,CUST_429,PROD_10,1,2026-01-24 14:33:32
16291,CUST_245,PROD_15,1,2026-01-11 18:12:17
16292,CUST_432,PROD_83,1,2026-01-13 01:58:01
16293,CUST_235,PROD_15,5,2026-01-02 15:47:35
16294,CUST_67,PROD_53,1,2026-01-05 02:25:55
16295,CUST_148,PROD_20,3,2026-01-21 05:17:45
16296,CUST_314,PROD_3,4,2026-01-25 00:20:26
16297,CUST_83,PROD_82,2,2026-01-02 17:41:20
16298,CUST_98,PROD_33,2,2026-01-14 06:27:16
16299,CUST_113,PROD_27,3,2026-01-20 18:13:27
16300,CUST_80,PROD_24,4,2026-01-18 19:04:38
16301,CUST_244,PROD_17,3,2026-01-15 11:12:53
16302,CUST_283,PROD_59,2,2026-01-23 08:22:22
16303,CUST_389,PROD_74,2,2025-12-31 12:19:20
16304,CUST_395,PROD_37,5,2026-01-16 23:01:14
16305,CUST_263,PROD_64,2,2026-01-01 00:11:58
16306,CUST_260,PROD_59,2,2026-01-14 08:34:11
16307,CUST_310,PROD_36,4,2026-01-03 16:04:33
16308,CUST_324,PROD_46,2,2026-01-14 01:24:35
16309,CUST_279,PROD_96,5,2025-12-30 07:39:58
16310,CUST_247,PROD_26,2,2026-01-24 07:08:26
16311,CUST_161,PROD_88,3,2026-01-15 17:52:13
16312,CUST_437,PROD_64,3,2026-01-08 10:59:38
16313,CUST_132,PROD_83,4,2026-01-21 23:09:56
16314,CUST_436,PROD_18,1,2026-01-09 16:36:13
16315,CUST_464,PROD_25,4,2026-01-04 08:12:55
16316,CUST_144,PROD_71,1,2026-01-27 14:52:35
16317,CUST_462,PROD_24,3,2026-01-04 18:36:29
16318,CUST_50,PROD_47,5,2026-01-02 23:15:29
16319,CUST_340,PROD_67,3,2026-01-15 19:52:24
16320,CUST_210,PROD_79,4,2026-01-19 15:26:32
16321,CUST_452,PROD_67,4,2025-12-28 23:48:03
16322,CUST_115,PROD_39,3,2026-01-20 12:20:18
16323,CUST_275,PROD_58,5,2026-01-07 07:18:33
16324,CUST_407,PROD_87,3,2026-01-16 03:44:06
16325,CUST_126,PROD_77,2,2026-01-07 05:03:23
16326,CUST_68,PROD_30,4,2026-01-23 23:36:58
16327,CUST_403,PROD_81,3,2025-12-30 01:23:41
16328,CUST_282,PROD_97,1,2025-12-29 17:32:21
16329,CUST_223,PROD_82,4,2026-01-18 13:16:03
16330,CUST_391,PROD_37,1,2026-01-21 16:17:32
16331,CUST_279,PROD_100,2,2025-12-30 08:10:16
16332,CUST_72,PROD_16,1,2026-01-20 10:15:02
16333,CUST_463,PROD_65,4,2026-01-08 06:43:04
16334,CUST_269,PROD_84,3,2026-01-07 08:11:04
16335,CUST_255,PROD_90,3,2026-01-08 06:27:31
16336,CUST_234,PROD_82,1,2026-01-02 18:25:24
16337,CUST_67,PROD_5,2,2026-01-19 06:10:01
16338,CUST_283,PROD_46,2,2026-01-23 08:52:24
16339,CUST_252,PROD_38,2,2026-01-22 05:08:10
16340,CUST_355,PROD_72,4,2026-01-26 14:11:06
16341,CUST_66,PROD_78,2,2026-01-17 09:56:43
16342,CUST_260,PROD_58,2,2025-12-30 07:23:50
16343,CUST_330,PROD_57,5,2026-01-16 19:58:40
16344,CUST_108,PROD_20,3,2026-01-20 03:56:57
16345,CUST_288,PROD_25,1,2026-01-02 08:36:38
16346,CUST_403,PROD_2,2,2026-01-27 10:15:57
16347,CUST_297,PROD_72,4,2026-01-09 07:37:18
16348,CUST_82,PROD_3,3,2026-01-21 16:14:04
16349,CUST_333,PROD_38,4,2026-01-07 09:50:50
16350,CUST_97,PROD_76,4,2026-01-08 03:31:18
16351,CUST_220,PROD_40,2,2026-01-08 05:37:56
16352,CUST_328,PROD_94,3,2025-12-30 07:15:56
16353,CUST_480,PROD_71,5,2026-01-16 17:06:10
16354,CUST_418,PROD_44,3,2026-01-18 21:22:34
16355,CUST_257,PROD_14,3,2026-01-27 14:21:35
16356,CUST_325,PROD_43,1,2026-01-25 03:32:29
16357,CUST_210,PROD_16,3,2026-01-24 02:06:16
16358,CUST_285,PROD_82,3,2026-01-10 09:00:15
16359,CUST_453,PROD_95,3,2026-01-09 21:07:12
16360,CUST_160,PROD_78,5,2026-01-06 00:07:29
16361,CUST_54,PROD_95,4,2026-01-20 20:34:25
16362,CUST_129,PROD_95,4,2026-01-14 01:09:09
16363,CUST_99,PROD_49,5,2026-01-16 10:36:03
16364,CUST_10,PROD_41,3,2026-01-26 02:04:34
16365,CUST_314,PROD_68,1,2026-01-21 12:41:25
16366,CUST_274,PROD_94,1,2026-01-24 01:18:15
16367,CUST_379,PROD_38,1,2026-01-21 00:49:23
16368,CUST_383,PROD_16,5,2026-01-15 21:06:43
16369,CUST_141,PROD_37,2,2025-12-31 18:43:07
16370,CUST_262,PROD_57,5,2026-01-20 15:04:12
16371,CUST_44,PROD_65,2,2026-01-15 05:44:27
16372,CUST_244,PROD_4,1,2026-01-11 13:41:53
16373,CUST_260,PROD_28,1,2026-01-12 02:25:52
16374,CUST_36,PROD_31,1,2025-12-30 23:57:14
16375,CUST_42,PROD_90,1,2026-01-17 10:09:10
16376,CUST_136,PROD_56,2,2026-01-09 06:59:47
16377,CUST_470,PROD_63,3,2025-12-29 21:57:47
16378,CUST_27,PROD_56,2,2026-01-04 01:35:10
16379,CUST_220,PROD_28,3,2026-01-22 20:29:29
16380,CUST_35,PROD_25,2,2025-12-31 17:36:45
16381,CUST_394,PROD_90,5,2026-01-23 06:32:08
16382,CUST_369,PROD_40,4,2026-01-27 01:26:36
16383,CUST_281,PROD_51,1,2025-12-31 05:03:43
16384,CUST_16,PROD_50,1,2026-01-15 12:00:10
16385,CUST_348,PROD_90,3,2025-12-31 11:38:53
16386,CUST_41,PROD_99,2,2026-01-20 03:55:38
16387,CUST_106,PROD_72,1,2026-01-10 07:44:18
16388,CUST_299,PROD_77,4,2026-01-22 16:33:41
16389,CUST_313,PROD_51,2,2026-01-26 03:08:48
16390,CUST_356,PROD_6,3,2026-01-04 18:57:52
16391,CUST_183,PROD_93,1,2026-01-18 06:29:13
16392,CUST_56,PROD_67,3,2026-01-09 21:58:28
16393,CUST_455,PROD_100,1,2026-01-16 05:49:33
16394,CUST_173,PROD_81,5,2025-12-31 12:16:28
16395,CUST_478,PROD_63,4,2026-01-17 02:26:43
16396,CUST_396,PROD_42,4,2025-12-30 09:01:21
16397,CUST_161,PROD_70,1,2026-01-22 03:37:59
16398,CUST_54,PROD_19,5,2026-01-16 10:33:59
16399,CUST_177,PROD_73,1,2026-01-09 11:50:55
16400,CUST_92,PROD_7,1,2026-01-06 09:58:03
16401,CUST_185,PROD_20,3,2026-01-14 13:25:30
16402,CUST_340,PROD_87,2,2026-01-23 12:55:10
16403,CUST_360,PROD_10,2,2025-12-29 07:37:15
16404,CUST_333,PROD_36,5,2026-01-27 02:32:37
16405,CUST_451,PROD_75,4,2026-01-06 12:12:56
16406,CUST_12,PROD_33,2,2026-01-10 05:49:05
16407,CUST_395,PROD_62,2,2026-01-18 20:03:33
16408,CUST_398,PROD_80,4,2026-01-15 01:32:19
16409,CUST_114,PROD_4,1,2026-01-13 16:40:58
16410,CUST_395,PROD_10,1,2026-01-18 07:03:53
16411,CUST_214,PROD_39,1,2026-01-20 14:18:48
16412,CUST_329,PROD_80,2,2025-12-31 17:30:46
16413,CUST_499,PROD_92,3,2026-01-05 16:12:48
16414,CUST_88,PROD_3,4,2025-12-29 03:21:24
16415,CUST_278,PROD_68,3,2025-12-31 12:40:11
16416,CUST_323,PROD_42,4,2026-01-04 02:52:48
16417,CUST_35,PROD_28,1,2026-01-01 05:32:36
16418,CUST_9,PROD_1,2,2026-01-10 18:59:15
16419,CUST_60,PROD_10,2,2026-01-14 00:07:16
16420,CUST_415,PROD_46,5,2026-01-19 01:24:20
16421,CUST_62,PROD_74,2,2026-01-18 00:52:59
16422,CUST_211,PROD_36,2,2026-01-26 20:14:31
16423,CUST_315,PROD_66,5,2026-01-17 09:08:42
16424,CUST_243,PROD_33,1,2026-01-03 14:26:36
16425,CUST_415,PROD_45,2,2026-01-15 19:41:19
16426,CUST_336,PROD_88,4,2026-01-15 19:36:46
16427,CUST_402,PROD_48,3,2025-12-31 04:25:43
16428,CUST_391,PROD_65,4,2026-01-15 00:38:18
16429,CUST_488,PROD_40,4,2026-01-03 16:45:14
16430,CUST_456,PROD_23,1,2026-01-05 03:15:49
16431,CUST_188,PROD_14,1,2026-01-13 08:42:06
16432,CUST_309,PROD_83,2,2026-01-19 01:43:40
16433,CUST_440,PROD_51,2,2026-01-11 01:16:58
16434,CUST_253,PROD_10,2,2026-01-12 00:40:56
16435,CUST_142,PROD_46,2,2026-01-10 10:07:53
16436,CUST_142,PROD_68,5,2026-01-19 17:42:50
16437,CUST_199,PROD_12,2,2026-01-27 16:08:20
16438,CUST_112,PROD_97,1,2026-01-19 04:28:41
16439,CUST_451,PROD_81,4,2026-01-18 20:51:01
16440,CUST_181,PROD_63,2,2026-01-05 02:57:30
16441,CUST_161,PROD_20,1,2026-01-25 01:06:18
16442,CUST_217,PROD_51,2,2026-01-26 16:27:22
16443,CUST_391,PROD_55,2,2026-01-01 19:33:21
16444,CUST_343,PROD_17,4,2026-01-18 15:30:22
16445,CUST_262,PROD_99,4,2026-01-07 22:42:28
16446,CUST_153,PROD_46,1,2026-01-15 11:07:30
16447,CUST_137,PROD_67,3,2026-01-15 00:34:25
16448,CUST_150,PROD_2,4,2026-01-15 19:09:47
16449,CUST_44,PROD_67,5,2026-01-10 00:14:19
16450,CUST_435,PROD_54,2,2026-01-12 17:18:18
16451,CUST_239,PROD_84,5,2026-01-19 14:17:55
16452,CUST_429,PROD_32,2,2026-01-20 11:31:27
16453,CUST_103,PROD_8,4,2026-01-15 05:53:38
16454,CUST_438,PROD_13,2,2026-01-23 15:47:45
16455,CUST_146,PROD_23,2,2026-01-07 04:57:55
16456,CUST_124,PROD_41,1,2026-01-12 03:05:32
16457,CUST_46,PROD_26,3,2025-12-30 10:21:45
16458,CUST_91,PROD_59,5,2026-01-13 00:46:05
16459,CUST_364,PROD_26,5,2026-01-26 04:37:46
16460,CUST_180,PROD_24,4,2026-01-04 07:31:25
16461,CUST_158,PROD_45,3,2025-12-30 01:20:54
16462,CUST_296,PROD_37,5,2026-01-22 11:40:45
16463,CUST_449,PROD_28,3,2025-12-29 06:36:58
16464,CUST_351,PROD_45,2,2026-01-19 12:57:24
16465,CUST_75,PROD_89,2,2026-01-23 10:12:08
16466,CUST_393,PROD_39,4,2026-01-08 04:44:02
16467,CUST_3,PROD_92,1,2026-01-27 14:12:04
16468,CUST_229,PROD_95,2,2026-01-05 08:41:00
16469,CUST_31,PROD_47,3,2026-01-06 21:18:29
16470,CUST_346,PROD_51,5,2026-01-19 03:43:35
16471,CUST_206,PROD_58,1,2026-01-08 02:31:45
16472,CUST_87,PROD_34,3,2026-01-09 18:09:23
16473,CUST_408,PROD_47,1,2026-01-27 06:48:48
16474,CUST_82,PROD_97,2,2026-01-22 14:12:28
16475,CUST_478,PROD_77,1,2026-01-11 10:23:17
16476,CUST_104,PROD_65,4,2026-01-23 17:53:03
16477,CUST_75,PROD_2,1,2026-01-21 22:53:57
16478,CUST_420,PROD_48,4,2026-01-19 19:15:35
16479,CUST_337,PROD_70,1,2026-01-24 05:27:28
16480,CUST_45,PROD_26,2,2026-01-13 07:30:54
16481,CUST_123,PROD_86,1,2026-01-10 19:50:55
16482,CUST_22,PROD_33,1,2025-12-30 16:53:09
16483,CUST_338,PROD_82,5,2026-01-17 11:26:40
16484,CUST_15,PROD_91,5,2026-01-16 23:26:39
16485,CUST_246,PROD_55,2,2026-01-26 06:52:02
16486,CUST_489,PROD_7,3,2026-01-16 14:58:32
16487,CUST_300,PROD_68,4,2026-01-06 13:39:42
16488,CUST_439,PROD_10,2,2026-01-21 22:08:38
16489,CUST_276,PROD_53,5,2026-01-21 15:42:49
16490,CUST_288,PROD_58,5,2026-01-17 04:27:02
16491,CUST_370,PROD_22,3,2026-01-26 01:58:09
16492,CUST_7,PROD_92,4,2026-01-06 03:13:12
16493,CUST_252,PROD_59,4,2026-01-24 14:53:34
16494,CUST_341,PROD_16,1,2026-01-08 12:17:55
16495,CUST_171,PROD_12,3,2026-01-17 01:55:44
16496,CUST_171,PROD_51,1,2026-01-06 18:40:09
16497,CUST_435,PROD_3,3,2026-01-02 17:41:26
16498,CUST_404,PROD_56,2,2026-01-27 05:48:23
16499,CUST_42,PROD_71,4,2026-01-13 14:46:22
16500,CUST_334,PROD_19,1,2026-01-23 18:09:32
16501,CUST_82,PROD_73,3,2026-01-06 00:43:34
16502,CUST_232,PROD_6,4,2025-12-30 12:49:26
16503,CUST_244,PROD_100,1,2026-01-22 07:08:54
16504,CUST_265,PROD_12,1,2026-01-09 05:03:38
16505,CUST_212,PROD_45,1,2026-01-24 01:05:36
16506,CUST_312,PROD_70,4,2026-01-26 20:33:44
16507,CUST_259,PROD_40,3,2026-01-23 15:54:12
16508,CUST_319,PROD_18,5,2025-12-30 07:00:29
16509,CUST_161,PROD_64,4,2026-01-13 11:19:20
16510,CUST_292,PROD_72,1,2026-01-23 03:11:53
16511,CUST_471,PROD_65,4,2026-01-01 05:32:03
16512,CUST_11,PROD_59,1,2026-01-12 07:53:47
16513,CUST_110,PROD_8,1,2026-01-09 23:22:42
16514,CUST_26,PROD_64,5,2026-01-19 01:27:11
16515,CUST_411,PROD_24,3,2026-01-23 15:19:29
16516,CUST_56,PROD_25,3,2026-01-09 19:40:06
16517,CUST_96,PROD_2,1,2026-01-27 10:01:25
16518,CUST_375,PROD_21,1,2026-01-18 16:26:01
16519,CUST_390,PROD_28,1,2026-01-11 02:15:18
16520,CUST_259,PROD_69,2,2025-12-30 06:51:01
16521,CUST_159,PROD_33,5,2026-01-27 12:14:55
16522,CUST_325,PROD_27,5,2026-01-08 05:24:08
16523,CUST_13,PROD_22,2,2026-01-17 01:47:07
16524,CUST_65,PROD_47,5,2026-01-10 20:44:14
16525,CUST_287,PROD_5,2,2026-01-27 07:04:29
16526,CUST_37,PROD_58,1,2026-01-18 18:10:07
16527,CUST_464,PROD_32,4,2026-01-16 11:57:12
16528,CUST_257,PROD_84,2,2026-01-23 12:49:09
16529,CUST_304,PROD_62,5,2026-01-24 12:06:53
16530,CUST_316,PROD_59,1,2026-01-27 12:35:14
16531,CUST_340,PROD_83,4,2026-01-21 14:19:40
16532,CUST_276,PROD_83,1,2026-01-18 21:32:01
16533,CUST_466,PROD_34,1,2026-01-22 16:41:05
16534,CUST_130,PROD_84,5,2025-12-29 11:18:31
16535,CUST_372,PROD_83,3,2026-01-08 22:45:45
16536,CUST_352,PROD_93,5,2026-01-18 00:18:05
16537,CUST_212,PROD_27,3,2026-01-20 05:25:53
16538,CUST_2,PROD_79,5,2026-01-13 06:26:25
16539,CUST_388,PROD_50,4,2026-01-01 21:27:21
16540,CUST_398,PROD_82,2,2026-01-13 19:46:36
16541,CUST_135,PROD_11,3,2026-01-01 02:19:09
16542,CUST_455,PROD_96,1,2026-01-13 15:49:31
16543,CUST_252,PROD_15,1,2026-01-02 21:50:00
16544,CUST_235,PROD_5,2,2025-12-30 09:43:41
16545,CUST_405,PROD_28,1,2026-01-26 19:57:29
16546,CUST_357,PROD_62,2,2026-01-03 03:03:41
16547,CUST_486,PROD_9,4,2026-01-10 05:03:15
16548,CUST_176,PROD_56,2,2026-01-13 03:49:57
16549,CUST_39,PROD_6,3,2026-01-22 20:04:56
16550,CUST_329,PROD_24,2,2026-01-16 04:24:01
16551,CUST_388,PROD_88,4,2026-01-04 23:21:36
16552,CUST_450,PROD_73,2,2026-01-09 10:00:18
16553,CUST_4,PROD_67,2,2026-01-14 02:51:02
16554,CUST_155,PROD_38,3,2026-01-08 05:25:34
16555,CUST_349,PROD_52,1,2025-12-29 05:54:03
16556,CUST_2,PROD_89,3,2026-01-25 08:36:36
16557,CUST_169,PROD_93,5,2026-01-08 17:50:08
16558,CUST_440,PROD_20,3,2026-01-26 21:13:42
16559,CUST_448,PROD_58,4,2026-01-11 06:43:32
16560,CUST_210,PROD_21,1,2026-01-05 03:04:18
16561,CUST_299,PROD_91,4,2025-12-29 03:57:19
16562,CUST_299,PROD_40,3,2026-01-21 12:40:01
16563,CUST_334,PROD_69,1,2026-01-26 20:07:26
16564,CUST_345,PROD_15,4,2026-01-16 04:31:11
16565,CUST_295,PROD_95,4,2026-01-14 01:28:49
16566,CUST_131,PROD_10,4,2026-01-12 23:00:47
16567,CUST_150,PROD_69,2,2026-01-11 10:47:07
16568,CUST_235,PROD_50,4,2026-01-18 06:26:47
16569,CUST_170,PROD_45,4,2026-01-15 15:07:05
16570,CUST_233,PROD_4,3,2026-01-04 17:11:23
16571,CUST_80,PROD_15,2,2026-01-21 09:00:04
16572,CUST_467,PROD_20,3,2026-01-04 08:23:25
16573,CUST_207,PROD_67,1,2026-01-22 13:57:02
16574,CUST_329,PROD_8,1,2025-12-31 00:39:15
16575,CUST_381,PROD_27,4,2026-01-22 09:32:54
16576,CUST_478,PROD_79,2,2026-01-21 18:57:24
16577,CUST_89,PROD_22,1,2026-01-21 00:13:44
16578,CUST_154,PROD_72,5,2026-01-13 18:15:35
16579,CUST_98,PROD_90,1,2026-01-11 07:24:26
16580,CUST_450,PROD_19,4,2026-01-18 19:02:57
16581,CUST_341,PROD_89,3,2026-01-06 02:55:42
16582,CUST_63,PROD_54,4,2026-01-20 12:46:46
16583,CUST_468,PROD_30,3,2026-01-01 17:23:16
16584,CUST_333,PROD_26,1,2025-12-30 17:53:16
16585,CUST_443,PROD_38,3,2026-01-26 00:49:41
16586,CUST_84,PROD_23,4,2025-12-31 00:42:44
16587,CUST_173,PROD_62,3,2026-01-17 15:20:33
16588,CUST_347,PROD_32,2,2026-01-13 00:07:25
16589,CUST_354,PROD_93,2,2025-12-30 04:43:07
16590,CUST_145,PROD_2,2,2026-01-07 14:04:13
16591,CUST_206,PROD_3,4,2026-01-27 07:32:47
16592,CUST_373,PROD_71,1,2026-01-12 10:08:09
16593,CUST_264,PROD_67,1,2026-01-16 02:08:40
16594,CUST_338,PROD_87,3,2026-01-19 16:06:48
16595,CUST_181,PROD_52,3,2026-01-02 20:15:47
16596,CUST_406,PROD_72,4,2026-01-14 12:37:52
16597,CUST_78,PROD_18,1,2026-01-10 07:03:37
16598,CUST_282,PROD_55,3,2026-01-20 10:29:30
16599,CUST_474,PROD_29,4,2026-01-16 09:58:40
16600,CUST_163,PROD_6,5,2026-01-02 21:28:46
16601,CUST_290,PROD_22,4,2026-01-21 18:46:36
16602,CUST_165,PROD_20,3,2026-01-05 05:23:42
16603,CUST_482,PROD_79,3,2026-01-23 18:37:17
16604,CUST_328,PROD_49,3,2026-01-06 09:39:28
16605,CUST_43,PROD_48,4,2026-01-05 06:33:41
16606,CUST_209,PROD_88,2,2026-01-22 21:05:30
16607,CUST_375,PROD_94,3,2026-01-24 04:53:27
16608,CUST_13,PROD_33,2,2026-01-11 16:33:02
16609,CUST_167,PROD_32,5,2026-01-12 07:03:07
16610,CUST_484,PROD_14,5,2025-12-31 10:13:46
16611,CUST_348,PROD_69,3,2026-01-23 10:55:30
16612,CUST_39,PROD_4,2,2026-01-09 03:03:15
16613,CUST_173,PROD_58,1,2026-01-18 07:23:14
16614,CUST_260,PROD_31,4,2026-01-18 07:33:53
16615,CUST_40,PROD_37,4,2025-12-30 06:09:48
16616,CUST_287,PROD_70,5,2026-01-06 08:39:07
16617,CUST_6,PROD_31,4,2026-01-11 19:04:02
16618,CUST_351,PROD_87,1,2026-01-20 16:15:34
16619,CUST_214,PROD_6,1,2026-01-05 15:51:10
16620,CUST_391,PROD_6,3,2025-12-29 11:31:34
16621,CUST_347,PROD_50,4,2026-01-13 08:05:13
16622,CUST_181,PROD_27,5,2026-01-12 00:24:49
16623,CUST_276,PROD_68,1,2026-01-13 17:13:31
16624,CUST_233,PROD_23,3,2026-01-21 10:09:48
16625,CUST_381,PROD_64,2,2026-01-10 16:22:26
16626,CUST_168,PROD_72,5,2026-01-02 12:33:27
16627,CUST_72,PROD_21,4,2026-01-06 12:34:05
16628,CUST_282,PROD_15,2,2026-01-09 00:27:55
16629,CUST_346,PROD_28,3,2026-01-24 10:46:16
16630,CUST_240,PROD_11,2,2026-01-08 18:01:55
16631,CUST_329,PROD_97,4,2026-01-04 18:08:34
16632,CUST_171,PROD_88,1,2026-01-10 01:20:42
16633,CUST_125,PROD_58,2,2025-12-30 09:50:32
16634,CUST_141,PROD_35,2,2026-01-25 02:31:09
16635,CUST_499,PROD_59,5,2025-12-31 06:37:21
16636,CUST_360,PROD_7,5,2026-01-11 16:15:36
16637,CUST_22,PROD_35,4,2026-01-13 07:37:35
16638,CUST_19,PROD_94,3,2026-01-21 21:23:26
16639,CUST_247,PROD_27,1,2025-12-29 19:35:01
16640,CUST_201,PROD_69,2,2026-01-10 14:34:57
16641,CUST_468,PROD_79,2,2025-12-31 18:26:43
16642,CUST_61,PROD_59,5,2026-01-25 14:04:52
16643,CUST_68,PROD_46,1,2026-01-25 06:11:07
16644,CUST_10,PROD_44,2,2026-01-22 14:10:19
16645,CUST_460,PROD_96,3,2026-01-19 23:04:32
16646,CUST_436,PROD_72,5,2026-01-01 01:17:17
16647,CUST_421,PROD_11,4,2026-01-22 10:15:18
16648,CUST_199,PROD_83,4,2026-01-04 16:42:45
16649,CUST_132,PROD_58,5,2026-01-12 12:13:39
16650,CUST_97,PROD_99,4,2026-01-12 08:34:15
16651,CUST_468,PROD_9,3,2026-01-17 05:31:35
16652,CUST_363,PROD_77,1,2026-01-01 10:08:43
16653,CUST_280,PROD_18,2,2026-01-23 19:44:16
16654,CUST_318,PROD_55,5,2026-01-16 01:40:10
16655,CUST_460,PROD_48,2,2026-01-03 16:52:05
16656,CUST_237,PROD_92,2,2026-01-01 05:46:16
16657,CUST_200,PROD_78,1,2025-12-30 22:56:16
16658,CUST_12,PROD_38,3,2026-01-11 03:55:41
16659,CUST_47,PROD_70,3,2026-01-08 08:54:36
16660,CUST_18,PROD_5,3,2026-01-22 13:35:38
16661,CUST_51,PROD_84,5,2026-01-17 10:02:08
16662,CUST_105,PROD_88,4,2026-01-02 14:46:20
16663,CUST_375,PROD_56,5,2026-01-14 17:45:10
16664,CUST_3,PROD_7,3,2026-01-09 11:44:11
16665,CUST_367,PROD_74,3,2025-12-29 04:15:43
16666,CUST_123,PROD_90,1,2026-01-01 03:13:59
16667,CUST_460,PROD_12,2,2026-01-05 10:12:45
16668,CUST_395,PROD_48,3,2026-01-26 12:04:47
16669,CUST_279,PROD_18,4,2026-01-17 19:25:28
16670,CUST_452,PROD_98,5,2026-01-08 01:51:37
16671,CUST_207,PROD_99,2,2026-01-12 11:20:43
16672,CUST_278,PROD_43,3,2026-01-03 19:51:23
16673,CUST_262,PROD_50,1,2025-12-29 10:26:09
16674,CUST_437,PROD_68,5,2026-01-23 02:41:11
16675,CUST_185,PROD_84,4,2026-01-25 01:21:34
16676,CUST_79,PROD_68,5,2026-01-08 04:17:54
16677,CUST_99,PROD_38,2,2026-01-19 00:58:40
16678,CUST_460,PROD_49,2,2026-01-26 20:42:53
16679,CUST_481,PROD_33,5,2026-01-27 03:08:05
16680,CUST_453,PROD_44,2,2026-01-03 09:32:59
16681,CUST_38,PROD_18,3,2026-01-24 10:58:26
16682,CUST_202,PROD_11,5,2026-01-09 00:28:43
16683,CUST_332,PROD_57,1,2026-01-10 00:42:11
16684,CUST_353,PROD_54,1,2026-01-24 16:53:17
16685,CUST_408,PROD_32,5,2026-01-08 12:51:20
16686,CUST_108,PROD_71,3,2026-01-04 22:17:10
16687,CUST_412,PROD_52,1,2026-01-01 19:24:51
16688,CUST_33,PROD_27,4,2026-01-25 06:14:32
16689,CUST_469,PROD_100,4,2026-01-12 15:55:41
16690,CUST_154,PROD_51,1,2026-01-16 22:52:31
16691,CUST_305,PROD_64,5,2026-01-19 15:53:14
16692,CUST_377,PROD_96,2,2026-01-10 09:05:27
16693,CUST_300,PROD_48,5,2026-01-07 22:58:17
16694,CUST_1,PROD_35,1,2026-01-14 09:47:39
16695,CUST_487,PROD_45,1,2025-12-31 17:13:19
16696,CUST_217,PROD_22,2,2026-01-15 02:31:57
16697,CUST_470,PROD_41,2,2026-01-12 07:28:18
16698,CUST_129,PROD_39,4,2025-12-30 00:26:53
16699,CUST_118,PROD_63,3,2026-01-18 11:49:41
16700,CUST_371,PROD_35,3,2026-01-04 12:20:12
16701,CUST_497,PROD_29,4,2026-01-20 15:08:43
16702,CUST_372,PROD_88,3,2026-01-10 21:56:00
16703,CUST_324,PROD_22,5,2026-01-11 12:00:16
16704,CUST_255,PROD_98,5,2026-01-12 23:33:23
16705,CUST_480,PROD_7,2,2026-01-18 03:12:19
16706,CUST_137,PROD_78,5,2026-01-01 23:50:06
16707,CUST_155,PROD_64,3,2026-01-06 23:06:24
16708,CUST_496,PROD_17,4,2025-12-31 07:49:50
16709,CUST_418,PROD_31,1,2026-01-13 19:21:33
16710,CUST_314,PROD_71,4,2026-01-11 16:58:17
16711,CUST_156,PROD_84,1,2026-01-22 10:35:39
16712,CUST_224,PROD_42,4,2026-01-08 13:21:06
16713,CUST_44,PROD_84,2,2026-01-01 20:42:13
16714,CUST_206,PROD_1,3,2026-01-01 11:01:46
16715,CUST_351,PROD_64,5,2026-01-10 05:02:47
16716,CUST_391,PROD_38,2,2026-01-12 14:50:25
16717,CUST_180,PROD_65,3,2026-01-22 15:08:28
16718,CUST_177,PROD_16,4,2026-01-06 17:13:45
16719,CUST_470,PROD_12,5,2026-01-26 07:15:47
16720,CUST_270,PROD_56,2,2026-01-21 00:06:41
16721,CUST_14,PROD_62,1,2026-01-06 08:23:26
16722,CUST_446,PROD_54,4,2026-01-15 04:44:08
16723,CUST_283,PROD_70,1,2026-01-07 03:10:41
16724,CUST_342,PROD_55,3,2026-01-15 12:09:40
16725,CUST_297,PROD_28,4,2026-01-12 01:20:14
16726,CUST_276,PROD_85,1,2026-01-10 03:17:28
16727,CUST_162,PROD_7,3,2026-01-18 17:14:38
16728,CUST_235,PROD_90,1,2026-01-05 00:36:30
16729,CUST_65,PROD_1,4,2026-01-15 23:08:45
16730,CUST_83,PROD_48,3,2026-01-15 19:45:47
16731,CUST_342,PROD_42,1,2025-12-28 22:35:10
16732,CUST_464,PROD_7,2,2026-01-17 08:54:43
16733,CUST_359,PROD_17,4,2026-01-02 08:41:56
16734,CUST_250,PROD_99,5,2025-12-28 19:34:43
16735,CUST_265,PROD_77,2,2026-01-01 01:01:26
16736,CUST_105,PROD_10,3,2026-01-01 07:06:17
16737,CUST_172,PROD_78,5,2026-01-05 14:07:23
16738,CUST_396,PROD_53,1,2026-01-23 11:03:15
16739,CUST_137,PROD_53,5,2025-12-31 10:14:56
16740,CUST_276,PROD_74,3,2026-01-19 14:40:31
16741,CUST_176,PROD_17,3,2026-01-05 22:41:31
16742,CUST_392,PROD_18,1,2026-01-15 11:58:45
16743,CUST_411,PROD_2,1,2026-01-04 18:43:51
16744,CUST_127,PROD_9,5,2026-01-02 20:59:31
16745,CUST_330,PROD_95,1,2026-01-03 15:00:00
16746,CUST_396,PROD_58,5,2026-01-01 03:04:42
16747,CUST_429,PROD_17,4,2026-01-20 21:11:20
16748,CUST_484,PROD_5,3,2026-01-13 09:21:58
16749,CUST_31,PROD_55,5,2026-01-15 01:28:38
16750,CUST_305,PROD_10,4,2026-01-13 10:04:24
16751,CUST_326,PROD_37,2,2026-01-11 08:23:05
16752,CUST_168,PROD_17,3,2025-12-30 15:56:32
16753,CUST_350,PROD_31,4,2026-01-21 05:18:31
16754,CUST_473,PROD_98,2,2026-01-13 09:20:35
16755,CUST_135,PROD_62,1,2025-12-29 16:03:27
16756,CUST_455,PROD_94,4,2026-01-13 20:08:33
16757,CUST_15,PROD_86,3,2025-12-28 21:05:08
16758,CUST_259,PROD_4,5,2026-01-11 08:41:09
16759,CUST_435,PROD_41,4,2026-01-01 15:19:54
16760,CUST_290,PROD_74,5,2026-01-04 05:15:35
16761,CUST_227,PROD_14,4,2026-01-09 10:46:40
16762,CUST_405,PROD_32,4,2026-01-09 01:56:39
16763,CUST_331,PROD_54,1,2026-01-12 02:51:49
16764,CUST_269,PROD_90,3,2025-12-29 18:21:02
16765,CUST_204,PROD_66,2,2026-01-15 01:45:05
16766,CUST_273,PROD_17,4,2026-01-04 00:09:28
16767,CUST_129,PROD_49,1,2026-01-06 20:40:31
16768,CUST_383,PROD_42,2,2026-01-18 02:03:24
16769,CUST_471,PROD_65,2,2026-01-26 03:34:51
16770,CUST_426,PROD_99,5,2026-01-03 19:40:09
16771,CUST_20,PROD_49,2,2026-01-01 03:31:05
16772,CUST_405,PROD_42,4,2026-01-09 00:44:26
16773,CUST_151,PROD_97,4,2026-01-07 19:32:07
16774,CUST_53,PROD_13,2,2026-01-05 04:45:21
16775,CUST_50,PROD_49,5,2026-01-15 21:41:17
16776,CUST_58,PROD_31,4,2026-01-26 22:58:26
16777,CUST_235,PROD_79,3,2026-01-10 18:35:48
16778,CUST_389,PROD_3,2,2026-01-26 17:47:53
16779,CUST_127,PROD_13,1,2026-01-12 02:19:08
16780,CUST_388,PROD_94,2,2026-01-19 06:51:13
16781,CUST_393,PROD_25,3,2026-01-18 17:47:39
16782,CUST_172,PROD_43,5,2026-01-21 02:26:44
16783,CUST_265,PROD_52,3,2026-01-08 12:10:44
16784,CUST_191,PROD_88,3,2025-12-29 12:15:10
16785,CUST_250,PROD_70,1,2026-01-10 20:38:20
16786,CUST_398,PROD_14,3,2026-01-19 13:36:07
16787,CUST_193,PROD_34,1,2026-01-11 02:14:12
16788,CUST_379,PROD_11,3,2026-01-20 14:02:19
16789,CUST_194,PROD_42,2,2026-01-08 11:19:56
16790,CUST_151,PROD_26,4,2026-01-12 02:17:54
16791,CUST_131,PROD_48,2,2026-01-01 15:34:15
16792,CUST_189,PROD_36,2,2026-01-10 15:54:49
16793,CUST_235,PROD_88,3,2025-12-30 19:44:25
16794,CUST_30,PROD_70,5,2026-01-10 09:50:43
16795,CUST_178,PROD_90,3,2025-12-30 13:27:51
16796,CUST_288,PROD_30,5,2026-01-21 11:16:32
16797,CUST_229,PROD_23,3,2025-12-28 21:10:17
16798,CUST_499,PROD_10,3,2026-01-14 20:24:20
16799,CUST_270,PROD_29,1,2026-01-22 09:25:10
16800,CUST_118,PROD_29,3,2026-01-20 12:37:29
16801,CUST_153,PROD_48,5,2026-01-05 05:28:03
16802,CUST_283,PROD_32,5,2026-01-06 12:30:18
16803,CUST_372,PROD_46,2,2026-01-11 12:31:41
16804,CUST_185,PROD_55,2,2026-01-18 22:58:24
16805,CUST_123,PROD_74,3,2026-01-25 00:55:24
16806,CUST_464,PROD_5,5,2026-01-25 00:26:58
16807,CUST_432,PROD_50,5,2026-01-06 12:56:13
16808,CUST_70,PROD_29,4,2026-01-19 02:08:13
16809,CUST_203,PROD_5,3,2026-01-17 05:54:01
16810,CUST_82,PROD_21,2,2025-12-30 13:07:08
16811,CUST_52,PROD_8,2,2026-01-11 19:20:32
16812,CUST_198,PROD_9,3,2026-01-04 03:26:38
16813,CUST_63,PROD_46,2,2025-12-28 19:48:11
16814,CUST_51,PROD_19,1,2026-01-13 17:15:49
16815,CUST_167,PROD_43,3,2026-01-11 23:51:59
16816,CUST_54,PROD_77,2,2026-01-10 02:15:39
16817,CUST_80,PROD_79,3,2026-01-16 22:33:10
16818,CUST_218,PROD_71,4,2025-12-31 23:12:17
16819,CUST_130,PROD_62,1,2025-12-30 05:56:54
16820,CUST_83,PROD_73,3,2026-01-22 16:44:15
16821,CUST_193,PROD_26,4,2026-01-19 01:33:22
16822,CUST_473,PROD_94,5,2026-01-14 00:11:38
16823,CUST_90,PROD_7,1,2026-01-21 18:29:07
16824,CUST_89,PROD_88,3,2026-01-16 19:39:48
16825,CUST_149,PROD_52,4,2025-12-30 14:50:06
16826,CUST_407,PROD_28,4,2026-01-08 15:46:20
16827,CUST_23,PROD_28,5,2026-01-25 20:39:34
16828,CUST_440,PROD_4,5,2026-01-22 05:08:32
16829,CUST_336,PROD_14,1,2026-01-20 11:09:12
16830,CUST_105,PROD_89,5,2026-01-25 05:14:44
16831,CUST_132,PROD_55,1,2026-01-02 07:12:21
16832,CUST_235,PROD_73,2,2026-01-01 21:21:07
16833,CUST_341,PROD_69,5,2025-12-29 09:18:44
16834,CUST_290,PROD_13,2,2026-01-05 15:23:05
16835,CUST_48,PROD_60,4,2026-01-03 19:24:21
16836,CUST_482,PROD_88,4,2026-01-17 23:22:21
16837,CUST_476,PROD_16,1,2026-01-21 14:00:00
16838,CUST_27,PROD_50,3,2026-01-11 00:44:44
16839,CUST_237,PROD_45,2,2026-01-10 06:37:28
16840,CUST_218,PROD_91,1,2026-01-27 06:09:29
16841,CUST_388,PROD_24,5,2026-01-11 00:38:11
16842,CUST_341,PROD_72,3,2026-01-03 05:53:54
16843,CUST_86,PROD_44,2,2026-01-14 08:06:55
16844,CUST_26,PROD_7,4,2026-01-18 19:41:07
16845,CUST_110,PROD_81,5,2026-01-26 00:45:22
16846,CUST_52,PROD_4,2,2026-01-07 12:41:22
16847,CUST_78,PROD_31,3,2026-01-18 04:54:50
16848,CUST_493,PROD_17,4,2026-01-06 20:25:16
16849,CUST_220,PROD_73,5,2025-12-30 11:14:04
16850,CUST_67,PROD_57,1,2026-01-20 04:06:47
16851,CUST_458,PROD_32,1,2026-01-15 12:38:37
16852,CUST_256,PROD_18,4,2026-01-11 02:50:43
16853,CUST_373,PROD_15,1,2026-01-26 09:02:40
16854,CUST_110,PROD_19,3,2026-01-16 19:00:11
16855,CUST_9,PROD_75,5,2026-01-26 22:16:36
16856,CUST_33,PROD_34,2,2026-01-03 18:05:05
16857,CUST_54,PROD_66,4,2026-01-21 02:15:46
16858,CUST_395,PROD_22,4,2026-01-10 03:18:50
16859,CUST_215,PROD_42,4,2026-01-19 23:09:35
16860,CUST_370,PROD_96,4,2025-12-30 21:13:44
16861,CUST_457,PROD_38,1,2026-01-20 18:13:55
16862,CUST_303,PROD_4,5,2026-01-16 07:05:06
16863,CUST_195,PROD_57,1,2026-01-01 13:56:26
16864,CUST_175,PROD_33,2,2026-01-05 21:26:29
16865,CUST_464,PROD_89,2,2025-12-31 13:44:57
16866,CUST_291,PROD_4,3,2026-01-03 21:11:49
16867,CUST_159,PROD_63,1,2026-01-03 22:39:43
16868,CUST_301,PROD_91,3,2025-12-30 11:10:49
16869,CUST_217,PROD_84,1,2026-01-08 12:53:28
16870,CUST_223,PROD_40,3,2026-01-14 08:26:17
16871,CUST_147,PROD_46,5,2026-01-14 12:00:45
16872,CUST_21,PROD_77,3,2025-12-31 15:10:33
16873,CUST_101,PROD_50,5,2026-01-02 02:25:50
16874,CUST_173,PROD_78,4,2026-01-25 01:48:35
16875,CUST_48,PROD_2,2,2026-01-22 00:10:06
16876,CUST_126,PROD_63,4,2025-12-31 23:15:00
16877,CUST_151,PROD_16,2,2026-01-07 11:02:01
16878,CUST_66,PROD_60,1,2026-01-02 07:24:58
16879,CUST_167,PROD_81,4,2026-01-08 23:43:38
16880,CUST_184,PROD_44,4,2026-01-22 03:24:19
16881,CUST_235,PROD_52,2,2025-12-30 04:13:37
16882,CUST_208,PROD_4,3,2026-01-16 14:51:26
16883,CUST_328,PROD_39,5,2026-01-19 13:55:05
16884,CUST_323,PROD_16,4,2026-01-26 14:26:53
16885,CUST_349,PROD_71,4,2026-01-17 14:09:35
16886,CUST_275,PROD_31,1,2026-01-22 22:08:36
16887,CUST_22,PROD_56,4,2026-01-14 02:27:53
16888,CUST_36,PROD_89,3,2026-01-08 23:28:30
16889,CUST_198,PROD_29,3,2026-01-18 17:37:49
16890,CUST_264,PROD_56,2,2026-01-26 11:28:03
16891,CUST_246,PROD_79,4,2026-01-10 02:08:52
16892,CUST_392,PROD_87,5,2026-01-11 07:30:02
16893,CUST_66,PROD_78,2,2026-01-05 14:51:08
16894,CUST_127,PROD_30,2,2026-01-16 02:00:07
16895,CUST_342,PROD_24,2,2026-01-16 00:13:39
16896,CUST_78,PROD_89,4,2026-01-13 13:22:12
16897,CUST_110,PROD_88,5,2026-01-09 20:29:18
16898,CUST_258,PROD_38,3,2026-01-12 02:59:03
16899,CUST_158,PROD_45,5,2026-01-04 11:10:33
16900,CUST_38,PROD_35,3,2026-01-23 05:17:59
16901,CUST_191,PROD_74,2,2026-01-02 00:27:56
16902,CUST_351,PROD_92,1,2026-01-13 10:35:57
16903,CUST_14,PROD_31,2,2026-01-18 12:09:25
16904,CUST_234,PROD_43,2,2026-01-20 19:59:17
16905,CUST_472,PROD_85,5,2026-01-14 04:40:52
16906,CUST_111,PROD_77,5,2026-01-01 15:01:22
16907,CUST_320,PROD_69,3,2025-12-31 22:57:13
16908,CUST_200,PROD_41,1,2026-01-03 10:37:27
16909,CUST_194,PROD_67,1,2026-01-16 17:46:29
16910,CUST_319,PROD_8,1,2026-01-11 11:58:39
16911,CUST_405,PROD_11,2,2026-01-17 06:20:01
16912,CUST_423,PROD_30,2,2026-01-07 20:30:30
16913,CUST_154,PROD_43,2,2026-01-13 13:22:41
16914,CUST_128,PROD_30,2,2026-01-10 11:22:38
16915,CUST_187,PROD_34,1,2026-01-04 06:24:28
16916,CUST_392,PROD_8,5,2026-01-09 17:54:51
16917,CUST_212,PROD_92,1,2026-01-24 10:49:09
16918,CUST_34,PROD_56,3,2026-01-27 00:43:00
16919,CUST_65,PROD_33,4,2026-01-24 17:07:19
16920,CUST_183,PROD_33,4,2026-01-25 03:21:15
16921,CUST_266,PROD_99,5,2026-01-16 15:28:17
16922,CUST_96,PROD_79,3,2026-01-03 17:56:17
16923,CUST_102,PROD_50,2,2026-01-19 18:39:50
16924,CUST_301,PROD_17,5,2026-01-03 19:04:27
16925,CUST_390,PROD_69,5,2026-01-17 15:36:51
16926,CUST_380,PROD_96,1,2026-01-22 21:53:53
16927,CUST_159,PROD_28,4,2025-12-29 11:31:12
16928,CUST_262,PROD_81,4,2026-01-04 06:16:39
16929,CUST_74,PROD_79,4,2026-01-02 20:04:30
16930,CUST_17,PROD_35,1,2025-12-31 08:51:07
16931,CUST_73,PROD_70,1,2026-01-06 23:29:25
16932,CUST_447,PROD_40,2,2026-01-07 05:52:42
16933,CUST_359,PROD_26,1,2026-01-27 02:27:27
16934,CUST_368,PROD_91,5,2025-12-29 03:59:06
16935,CUST_29,PROD_3,4,2026-01-26 22:55:46
16936,CUST_447,PROD_96,4,2026-01-09 02:47:13
16937,CUST_97,PROD_78,3,2026-01-07 17:26:16
16938,CUST_204,PROD_99,4,2026-01-10 18:27:19
16939,CUST_483,PROD_94,3,2026-01-12 22:53:31
16940,CUST_44,PROD_3,3,2026-01-02 06:04:00
16941,CUST_123,PROD_68,5,2026-01-20 17:24:23
16942,CUST_245,PROD_63,3,2026-01-16 19:13:53
16943,CUST_117,PROD_25,3,2026-01-07 14:56:07
16944,CUST_201,PROD_3,4,2026-01-05 09:30:12
16945,CUST_254,PROD_13,1,2026-01-27 04:53:40
16946,CUST_388,PROD_64,1,2026-01-06 01:33:37
16947,CUST_223,PROD_83,1,2026-01-07 09:42:47
16948,CUST_452,PROD_99,2,2026-01-01 10:47:14
16949,CUST_421,PROD_23,3,2026-01-08 10:06:42
16950,CUST_297,PROD_89,4,2026-01-04 00:35:15
16951,CUST_21,PROD_9,4,2026-01-04 13:56:46
16952,CUST_470,PROD_26,4,2026-01-05 04:26:31
16953,CUST_449,PROD_11,5,2026-01-20 00:05:50
16954,CUST_352,PROD_74,2,2026-01-05 07:48:47
16955,CUST_203,PROD_53,5,2026-01-09 19:35:55
16956,CUST_27,PROD_11,3,2026-01-03 19:19:41
16957,CUST_279,PROD_36,4,2026-01-18 15:06:43
16958,CUST_162,PROD_52,1,2025-12-30 19:11:57
16959,CUST_65,PROD_73,5,2026-01-17 19:29:19
16960,CUST_186,PROD_44,2,2026-01-20 23:39:06
16961,CUST_126,PROD_15,4,2026-01-26 09:34:34
16962,CUST_398,PROD_47,5,2026-01-18 19:56:48
16963,CUST_282,PROD_96,4,2026-01-22 13:45:47
16964,CUST_273,PROD_18,2,2026-01-02 16:47:04
16965,CUST_285,PROD_57,4,2026-01-06 06:10:44
16966,CUST_279,PROD_46,2,2026-01-27 18:01:18
16967,CUST_105,PROD_66,1,2026-01-17 19:54:44
16968,CUST_255,PROD_14,2,2025-12-28 23:41:39
16969,CUST_478,PROD_74,3,2026-01-08 01:14:49
16970,CUST_56,PROD_60,1,2026-01-09 14:38:27
16971,CUST_421,PROD_21,2,2026-01-07 01:54:44
16972,CUST_139,PROD_97,2,2025-12-31 14:54:40
16973,CUST_283,PROD_6,4,2026-01-15 06:00:06
16974,CUST_218,PROD_51,2,2026-01-06 19:51:06
16975,CUST_417,PROD_80,3,2026-01-08 23:01:04
16976,CUST_149,PROD_68,4,2026-01-07 05:51:43
16977,CUST_80,PROD_12,4,2026-01-10 05:00:54
16978,CUST_36,PROD_93,1,2026-01-02 20:07:19
16979,CUST_123,PROD_71,2,2026-01-14 17:28:49
16980,CUST_473,PROD_80,3,2026-01-18 09:01:18
16981,CUST_154,PROD_97,4,2026-01-07 14:21:15
16982,CUST_423,PROD_17,2,2026-01-04 22:17:16
16983,CUST_306,PROD_30,2,2026-01-09 02:37:17
16984,CUST_358,PROD_74,2,2026-01-13 16:39:04
16985,CUST_414,PROD_87,1,2026-01-20 08:24:58
16986,CUST_40,PROD_60,1,2026-01-02 04:31:39
16987,CUST_106,PROD_88,4,2026-01-13 20:10:23
16988,CUST_371,PROD_24,4,2026-01-04 14:28:32
16989,CUST_220,PROD_73,1,2026-01-15 16:49:53
16990,CUST_100,PROD_70,3,2026-01-17 14:38:02
16991,CUST_130,PROD_17,3,2026-01-19 05:22:50
16992,CUST_227,PROD_60,3,2026-01-06 13:06:51
16993,CUST_399,PROD_16,4,2025-12-28 22:10:51
16994,CUST_256,PROD_87,4,2026-01-19 17:08:44
16995,CUST_467,PROD_50,2,2025-12-30 01:10:48
16996,CUST_185,PROD_2,2,2026-01-06 14:29:00
16997,CUST_233,PROD_89,2,2026-01-18 06:25:40
16998,CUST_359,PROD_55,4,2026-01-09 18:15:23
16999,CUST_352,PROD_34,3,2026-01-22 09:07:43
17000,CUST_302,PROD_19,5,2026-01-19 00:09:42
17001,CUST_233,PROD_98,3,2026-01-01 13:17:26
17002,CUST_92,PROD_87,2,2026-01-07 18:27:58
17003,CUST_296,PROD_66,4,2026-01-01 16:38:42
17004,CUST_361,PROD_100,4,2026-01-26 02:10:32
17005,CUST_414,PROD_96,1,2026-01-02 18:44:32
17006,CUST_85,PROD_61,3,2026-01-24 17:46:21
17007,CUST_254,PROD_86,5,2026-01-25 13:03:27
17008,CUST_151,PROD_92,3,2026-01-05 05:41:59
17009,CUST_152,PROD_88,2,2026-01-06 06:57:46
17010,CUST_326,PROD_91,4,2026-01-20 10:37:56
17011,CUST_72,PROD_47,5,2026-01-27 12:07:19
17012,CUST_371,PROD_68,3,2026-01-06 05:24:56
17013,CUST_295,PROD_91,3,2026-01-18 09:18:33
17014,CUST_203,PROD_88,2,2026-01-25 13:16:15
17015,CUST_126,PROD_51,2,2025-12-30 01:21:26
17016,CUST_296,PROD_100,5,2026-01-26 21:41:42
17017,CUST_247,PROD_15,1,2026-01-19 21:24:41
17018,CUST_486,PROD_78,4,2025-12-30 02:19:50
17019,CUST_298,PROD_59,2,2026-01-18 20:57:44
17020,CUST_351,PROD_35,2,2026-01-17 04:31:31
17021,CUST_94,PROD_100,2,2026-01-15 11:07:35
17022,CUST_350,PROD_56,1,2026-01-08 04:42:15
17023,CUST_364,PROD_55,2,2026-01-10 08:44:26
17024,CUST_325,PROD_83,2,2026-01-17 23:22:34
17025,CUST_49,PROD_10,4,2026-01-24 08:30:58
17026,CUST_313,PROD_66,5,2026-01-06 23:18:41
17027,CUST_274,PROD_63,4,2026-01-11 09:45:51
17028,CUST_351,PROD_60,3,2026-01-24 22:50:56
17029,CUST_423,PROD_30,1,2026-01-25 03:17:57
17030,CUST_494,PROD_33,3,2026-01-22 10:29:39
17031,CUST_416,PROD_47,2,2026-01-03 03:08:58
17032,CUST_356,PROD_15,2,2026-01-14 05:43:49
17033,CUST_417,PROD_22,1,2025-12-30 02:31:29
17034,CUST_207,PROD_98,5,2026-01-07 00:37:51
17035,CUST_45,PROD_8,1,2026-01-13 06:47:27
17036,CUST_345,PROD_55,4,2026-01-27 16:36:06
17037,CUST_57,PROD_93,3,2025-12-30 09:43:20
17038,CUST_301,PROD_97,2,2026-01-16 20:05:41
17039,CUST_476,PROD_9,2,2026-01-10 18:21:58
17040,CUST_51,PROD_14,1,2026-01-22 00:33:39
17041,CUST_475,PROD_19,5,2026-01-05 17:03:02
17042,CUST_204,PROD_36,3,2026-01-24 21:02:41
17043,CUST_61,PROD_29,5,2026-01-12 00:18:05
17044,CUST_487,PROD_75,5,2026-01-17 21:05:01
17045,CUST_343,PROD_89,3,2026-01-06 09:39:50
17046,CUST_362,PROD_53,3,2026-01-07 11:08:33
17047,CUST_36,PROD_36,5,2026-01-26 08:37:57
17048,CUST_88,PROD_32,5,2026-01-16 14:10:00
17049,CUST_346,PROD_30,5,2026-01-14 18:17:48
17050,CUST_328,PROD_74,2,2026-01-23 14:50:01
17051,CUST_276,PROD_6,3,2026-01-25 21:17:57
17052,CUST_230,PROD_81,1,2026-01-15 18:46:57
17053,CUST_407,PROD_54,4,2026-01-20 01:01:17
17054,CUST_479,PROD_80,2,2026-01-20 17:23:52
17055,CUST_385,PROD_93,5,2026-01-13 21:46:07
17056,CUST_393,PROD_76,1,2025-12-31 10:37:10
17057,CUST_318,PROD_9,3,2026-01-04 15:54:25
17058,CUST_428,PROD_14,1,2026-01-06 07:02:27
17059,CUST_267,PROD_42,2,2026-01-13 17:18:12
17060,CUST_99,PROD_23,3,2026-01-08 15:04:45
17061,CUST_207,PROD_53,1,2026-01-23 06:30:22
17062,CUST_57,PROD_45,1,2026-01-11 00:24:34
17063,CUST_287,PROD_32,3,2026-01-12 16:28:48
17064,CUST_288,PROD_36,5,2026-01-20 21:33:27
17065,CUST_447,PROD_83,1,2026-01-18 15:45:26
17066,CUST_176,PROD_27,2,2026-01-18 15:21:47
17067,CUST_381,PROD_90,5,2026-01-06 07:49:27
17068,CUST_174,PROD_85,1,2026-01-11 08:27:59
17069,CUST_33,PROD_29,3,2026-01-25 02:54:48
17070,CUST_364,PROD_25,1,2026-01-09 21:38:38
17071,CUST_484,PROD_23,3,2026-01-16 00:37:19
17072,CUST_132,PROD_94,4,2026-01-17 19:06:14
17073,CUST_106,PROD_9,5,2026-01-22 18:38:04
17074,CUST_109,PROD_74,2,2025-12-29 09:51:28
17075,CUST_442,PROD_22,4,2026-01-08 16:43:25
17076,CUST_83,PROD_87,4,2025-12-31 08:46:52
17077,CUST_227,PROD_43,2,2026-01-06 07:19:38
17078,CUST_178,PROD_39,4,2026-01-09 15:47:44
17079,CUST_131,PROD_97,4,2026-01-12 16:31:38
17080,CUST_211,PROD_86,5,2026-01-24 06:26:18
17081,CUST_224,PROD_48,5,2025-12-31 17:28:12
17082,CUST_18,PROD_92,2,2025-12-29 22:51:50
17083,CUST_346,PROD_78,3,2026-01-02 02:14:44
17084,CUST_181,PROD_25,2,2026-01-22 06:29:54
17085,CUST_376,PROD_20,5,2026-01-15 07:32:11
17086,CUST_61,PROD_96,3,2026-01-05 02:08:47
17087,CUST_225,PROD_39,1,2026-01-01 08:00:35
17088,CUST_485,PROD_26,2,2026-01-02 10:52:09
17089,CUST_422,PROD_22,3,2026-01-17 03:32:36
17090,CUST_324,PROD_13,1,2026-01-23 16:50:25
17091,CUST_272,PROD_41,1,2026-01-06 22:09:04
17092,CUST_192,PROD_82,4,2026-01-08 20:30:58
17093,CUST_198,PROD_5,3,2025-12-29 18:20:13
17094,CUST_284,PROD_66,5,2026-01-01 21:20:17
17095,CUST_29,PROD_24,3,2026-01-08 21:13:59
17096,CUST_494,PROD_46,2,2026-01-23 15:01:13
17097,CUST_67,PROD_52,4,2025-12-31 11:19:32
17098,CUST_327,PROD_10,5,2025-12-30 14:56:30
17099,CUST_135,PROD_64,5,2026-01-09 08:14:32
17100,CUST_126,PROD_44,1,2026-01-06 06:19:15
17101,CUST_114,PROD_82,5,2026-01-27 13:51:29
17102,CUST_392,PROD_27,2,2026-01-17 13:38:05
17103,CUST_479,PROD_83,3,2026-01-23 04:49:24
17104,CUST_141,PROD_19,2,2026-01-14 01:51:59
17105,CUST_23,PROD_93,5,2026-01-23 01:39:27
17106,CUST_190,PROD_10,5,2026-01-20 18:45:07
17107,CUST_445,PROD_14,1,2026-01-05 01:46:06
17108,CUST_144,PROD_11,1,2026-01-20 19:25:22
17109,CUST_413,PROD_37,1,2026-01-21 03:30:25
17110,CUST_168,PROD_88,3,2026-01-07 08:04:30
17111,CUST_109,PROD_18,2,2026-01-14 13:27:50
17112,CUST_88,PROD_52,2,2026-01-22 11:29:39
17113,CUST_109,PROD_25,3,2026-01-26 02:35:28
17114,CUST_474,PROD_48,5,2026-01-15 12:52:03
17115,CUST_72,PROD_56,4,2026-01-02 14:34:53
17116,CUST_318,PROD_45,1,2026-01-10 07:09:46
17117,CUST_497,PROD_2,5,2026-01-06 09:21:27
17118,CUST_234,PROD_81,2,2026-01-12 02:27:42
17119,CUST_428,PROD_50,3,2026-01-15 07:10:19
17120,CUST_246,PROD_24,2,2026-01-14 06:36:00
17121,CUST_379,PROD_97,5,2026-01-04 20:12:44
17122,CUST_284,PROD_19,3,2026-01-05 06:55:22
17123,CUST_9,PROD_67,4,2026-01-19 10:48:24
17124,CUST_413,PROD_41,3,2026-01-03 19:48:34
17125,CUST_206,PROD_52,5,2026-01-20 02:09:41
17126,CUST_358,PROD_90,5,2026-01-27 14:38:06
17127,CUST_372,PROD_68,3,2026-01-11 01:00:03
17128,CUST_58,PROD_67,5,2026-01-03 11:58:24
17129,CUST_483,PROD_42,5,2026-01-10 05:30:39
17130,CUST_139,PROD_54,3,2026-01-18 11:51:04
17131,CUST_7,PROD_56,2,2026-01-10 11:24:38
17132,CUST_47,PROD_98,5,2026-01-08 03:51:25
17133,CUST_360,PROD_33,3,2026-01-05 21:32:44
17134,CUST_332,PROD_42,3,2026-01-06 05:33:35
17135,CUST_217,PROD_8,4,2026-01-17 03:00:18
17136,CUST_254,PROD_28,1,2025-12-29 21:19:49
17137,CUST_26,PROD_35,2,2026-01-10 04:44:29
17138,CUST_474,PROD_4,3,2026-01-04 11:30:32
17139,CUST_435,PROD_99,2,2026-01-20 12:10:35
17140,CUST_439,PROD_93,4,2026-01-01 19:03:58
17141,CUST_438,PROD_22,3,2026-01-23 13:27:58
17142,CUST_138,PROD_41,4,2026-01-24 14:32:44
17143,CUST_480,PROD_15,4,2025-12-30 10:54:27
17144,CUST_33,PROD_3,5,2026-01-22 04:56:58
17145,CUST_499,PROD_35,3,2026-01-16 21:26:22
17146,CUST_155,PROD_67,5,2026-01-05 12:45:09
17147,CUST_137,PROD_34,2,2026-01-12 17:58:43
17148,CUST_37,PROD_58,4,2026-01-23 23:55:43
17149,CUST_407,PROD_53,5,2026-01-07 02:19:02
17150,CUST_471,PROD_36,3,2026-01-22 14:27:04
17151,CUST_500,PROD_18,2,2026-01-27 16:39:55
17152,CUST_205,PROD_96,2,2026-01-27 12:36:49
17153,CUST_256,PROD_96,4,2026-01-15 06:51:54
17154,CUST_78,PROD_89,1,2026-01-12 03:47:58
17155,CUST_468,PROD_9,1,2026-01-01 04:55:12
17156,CUST_314,PROD_59,1,2026-01-20 06:19:56
17157,CUST_289,PROD_65,1,2025-12-31 18:49:13
17158,CUST_217,PROD_62,5,2026-01-19 22:15:47
17159,CUST_133,PROD_79,5,2025-12-29 23:59:38
17160,CUST_164,PROD_99,5,2026-01-17 23:19:14
17161,CUST_110,PROD_57,4,2026-01-20 00:58:34
17162,CUST_29,PROD_12,1,2026-01-13 02:58:36
17163,CUST_127,PROD_74,1,2026-01-16 14:17:24
17164,CUST_279,PROD_39,1,2026-01-14 05:59:07
17165,CUST_490,PROD_73,1,2026-01-13 04:16:09
17166,CUST_338,PROD_33,5,2026-01-11 09:24:22
17167,CUST_243,PROD_1,5,2026-01-23 15:59:16
17168,CUST_27,PROD_97,3,2026-01-27 01:23:43
17169,CUST_222,PROD_80,1,2026-01-14 05:06:30
17170,CUST_103,PROD_59,5,2025-12-31 14:59:11
17171,CUST_299,PROD_90,2,2026-01-07 17:32:09
17172,CUST_292,PROD_53,4,2026-01-01 01:36:36
17173,CUST_321,PROD_61,1,2026-01-27 15:17:06
17174,CUST_2,PROD_73,3,2025-12-30 19:55:14
17175,CUST_38,PROD_65,3,2025-12-31 02:28:29
17176,CUST_205,PROD_53,4,2026-01-22 18:10:30
17177,CUST_374,PROD_27,5,2025-12-29 05:15:57
17178,CUST_111,PROD_13,2,2026-01-14 21:08:30
17179,CUST_68,PROD_34,5,2026-01-08 20:14:36
17180,CUST_156,PROD_93,5,2026-01-07 18:12:51
17181,CUST_121,PROD_55,5,2026-01-24 03:43:07
17182,CUST_353,PROD_8,1,2026-01-09 23:13:59
17183,CUST_74,PROD_52,2,2026-01-08 21:18:43
17184,CUST_101,PROD_32,3,2026-01-04 17:15:22
17185,CUST_255,PROD_21,4,2025-12-30 15:16:37
17186,CUST_74,PROD_96,4,2026-01-03 15:02:49
17187,CUST_116,PROD_96,2,2025-12-31 07:07:46
17188,CUST_340,PROD_21,4,2026-01-10 09:16:05
17189,CUST_126,PROD_76,5,2026-01-15 10:49:20
17190,CUST_131,PROD_53,2,2026-01-11 03:27:51
17191,CUST_197,PROD_55,5,2026-01-24 03:49:00
17192,CUST_165,PROD_47,2,2025-12-31 13:28:48
17193,CUST_222,PROD_41,3,2026-01-13 22:22:54
17194,CUST_211,PROD_24,5,2025-12-28 21:42:41
17195,CUST_252,PROD_66,4,2026-01-20 02:53:30
17196,CUST_409,PROD_69,4,2026-01-22 21:10:26
17197,CUST_47,PROD_4,2,2026-01-25 16:53:12
17198,CUST_490,PROD_10,4,2026-01-05 22:47:57
17199,CUST_130,PROD_4,4,2026-01-20 21:18:31
17200,CUST_150,PROD_40,5,2026-01-20 07:53:47
17201,CUST_362,PROD_47,3,2026-01-23 12:51:07
17202,CUST_469,PROD_83,3,2026-01-26 18:27:36
17203,CUST_12,PROD_86,2,2026-01-04 07:18:37
17204,CUST_210,PROD_37,3,2026-01-01 18:12:37
17205,CUST_332,PROD_78,3,2026-01-09 14:24:40
17206,CUST_421,PROD_4,2,2026-01-15 17:42:51
17207,CUST_314,PROD_76,2,2026-01-17 23:42:36
17208,CUST_466,PROD_14,5,2026-01-14 17:36:25
17209,CUST_298,PROD_54,5,2026-01-03 02:33:41
17210,CUST_234,PROD_86,1,2026-01-05 19:04:50
17211,CUST_355,PROD_54,3,2026-01-09 20:46:47
17212,CUST_184,PROD_35,1,2026-01-13 18:46:44
17213,CUST_200,PROD_93,5,2025-12-30 21:54:22
17214,CUST_258,PROD_56,4,2026-01-05 05:02:25
17215,CUST_466,PROD_97,2,2026-01-14 19:21:54
17216,CUST_417,PROD_85,3,2026-01-03 06:04:11
17217,CUST_176,PROD_71,4,2025-12-30 19:03:59
17218,CUST_199,PROD_46,5,2026-01-17 09:43:13
17219,CUST_17,PROD_13,1,2026-01-22 14:55:07
17220,CUST_56,PROD_89,4,2026-01-11 18:52:16
17221,CUST_280,PROD_2,5,2026-01-20 01:05:10
17222,CUST_427,PROD_36,2,2026-01-10 06:19:50
17223,CUST_78,PROD_17,2,2026-01-09 00:47:08
17224,CUST_473,PROD_2,5,2026-01-07 17:31:58
17225,CUST_74,PROD_87,4,2026-01-10 08:01:13
17226,CUST_92,PROD_65,3,2025-12-30 09:51:36
17227,CUST_304,PROD_29,4,2026-01-26 07:18:48
17228,CUST_149,PROD_43,1,2026-01-12 03:42:20
17229,CUST_290,PROD_31,4,2026-01-24 20:07:51
17230,CUST_49,PROD_71,3,2025-12-28 23:50:52
17231,CUST_196,PROD_93,5,2026-01-18 06:35:41
17232,CUST_30,PROD_86,2,2026-01-16 07:23:52
17233,CUST_500,PROD_30,2,2025-12-30 06:38:03
17234,CUST_116,PROD_95,5,2026-01-22 09:25:39
17235,CUST_25,PROD_38,2,2026-01-14 20:21:45
17236,CUST_55,PROD_76,2,2026-01-03 02:29:19
17237,CUST_478,PROD_60,4,2026-01-11 21:32:40
17238,CUST_477,PROD_83,2,2025-12-30 01:34:32
17239,CUST_319,PROD_49,5,2026-01-22 20:13:47
17240,CUST_345,PROD_72,4,2026-01-20 04:07:55
17241,CUST_172,PROD_22,2,2026-01-13 22:17:37
17242,CUST_267,PROD_58,2,2026-01-09 03:16:15
17243,CUST_285,PROD_79,4,2025-12-31 20:39:07
17244,CUST_332,PROD_74,1,2026-01-20 17:29:01
17245,CUST_35,PROD_15,2,2025-12-31 22:06:50
17246,CUST_97,PROD_90,5,2026-01-01 20:50:32
17247,CUST_138,PROD_87,5,2026-01-01 14:15:10
17248,CUST_483,PROD_41,1,2026-01-25 22:57:05
17249,CUST_93,PROD_25,4,2026-01-26 10:24:05
17250,CUST_88,PROD_53,4,2026-01-02 10:09:31
17251,CUST_322,PROD_51,4,2026-01-26 16:14:25
17252,CUST_285,PROD_34,5,2025-12-30 05:55:39
17253,CUST_89,PROD_36,1,2026-01-14 11:21:10
17254,CUST_194,PROD_29,1,2026-01-01 04:54:18
17255,CUST_270,PROD_45,2,2026-01-01 18:03:51
17256,CUST_474,PROD_82,5,2026-01-19 01:20:21
17257,CUST_77,PROD_36,2,2026-01-12 03:16:39
17258,CUST_142,PROD_86,2,2026-01-03 10:04:38
17259,CUST_270,PROD_1,2,2026-01-14 00:25:06
17260,CUST_374,PROD_30,2,2026-01-20 13:57:38
17261,CUST_346,PROD_55,3,2025-12-29 02:31:13
17262,CUST_350,PROD_95,1,2026-01-21 00:10:00
17263,CUST_499,PROD_26,3,2026-01-23 11:18:53
17264,CUST_296,PROD_8,3,2026-01-21 13:58:45
17265,CUST_2,PROD_92,2,2026-01-25 23:10:29
17266,CUST_285,PROD_98,1,2026-01-14 06:46:42
17267,CUST_17,PROD_80,5,2025-12-30 21:28:52
17268,CUST_172,PROD_96,2,2025-12-28 21:32:02
17269,CUST_390,PROD_39,4,2026-01-02 09:03:25
17270,CUST_474,PROD_16,5,2026-01-12 12:50:26
17271,CUST_253,PROD_21,3,2026-01-27 08:52:17
17272,CUST_107,PROD_41,4,2026-01-23 22:07:01
17273,CUST_74,PROD_82,2,2026-01-16 00:57:32
17274,CUST_109,PROD_88,1,2026-01-12 22:04:49
17275,CUST_408,PROD_34,3,2026-01-22 07:17:09
17276,CUST_481,PROD_77,1,2026-01-13 14:49:58
17277,CUST_255,PROD_77,1,2026-01-13 11:42:08
17278,CUST_242,PROD_90,5,2026-01-08 03:14:40
17279,CUST_355,PROD_92,1,2026-01-27 06:01:09
17280,CUST_224,PROD_34,5,2026-01-21 10:59:28
17281,CUST_369,PROD_40,1,2026-01-15 07:11:09
17282,CUST_481,PROD_76,3,2026-01-07 11:46:41
17283,CUST_221,PROD_38,3,2026-01-18 21:24:36
17284,CUST_183,PROD_60,4,2026-01-16 12:15:46
17285,CUST_357,PROD_79,4,2025-12-28 23:12:17
17286,CUST_104,PROD_83,4,2026-01-04 02:00:33
17287,CUST_384,PROD_56,2,2026-01-25 06:37:14
17288,CUST_281,PROD_65,1,2026-01-12 10:27:38
17289,CUST_277,PROD_28,5,2026-01-05 07:14:58
17290,CUST_114,PROD_27,2,2025-12-29 05:51:35
17291,CUST_101,PROD_77,4,2026-01-21 21:37:35
17292,CUST_199,PROD_39,1,2026-01-23 12:04:51
17293,CUST_66,PROD_17,2,2026-01-23 08:51:40
17294,CUST_304,PROD_82,4,2026-01-23 18:37:26
17295,CUST_193,PROD_94,4,2026-01-24 19:39:22
17296,CUST_30,PROD_6,2,2026-01-04 14:36:15
17297,CUST_120,PROD_39,2,2026-01-13 08:09:53
17298,CUST_164,PROD_89,5,2026-01-03 18:45:07
17299,CUST_277,PROD_28,3,2026-01-08 16:14:21
17300,CUST_19,PROD_28,4,2026-01-09 02:03:33
17301,CUST_405,PROD_56,2,2026-01-20 02:36:24
17302,CUST_366,PROD_88,2,2026-01-04 02:21:59
17303,CUST_373,PROD_18,2,2026-01-22 01:53:01
17304,CUST_174,PROD_53,3,2026-01-10 18:51:58
17305,CUST_344,PROD_47,5,2026-01-24 13:52:51
17306,CUST_236,PROD_14,4,2026-01-02 13:25:37
17307,CUST_151,PROD_45,2,2026-01-02 04:05:53
17308,CUST_164,PROD_19,1,2026-01-25 00:59:51
17309,CUST_128,PROD_45,4,2026-01-10 06:37:11
17310,CUST_253,PROD_62,4,2026-01-12 07:02:20
17311,CUST_34,PROD_22,3,2026-01-26 14:38:07
17312,CUST_340,PROD_65,4,2026-01-14 02:38:27
17313,CUST_135,PROD_76,2,2025-12-30 01:32:59
17314,CUST_483,PROD_67,5,2026-01-14 23:23:47
17315,CUST_474,PROD_78,4,2026-01-23 10:37:16
17316,CUST_6,PROD_7,4,2025-12-29 08:06:30
17317,CUST_419,PROD_98,5,2026-01-06 16:23:04
17318,CUST_115,PROD_94,2,2025-12-29 11:16:38
17319,CUST_8,PROD_68,3,2026-01-19 09:24:24
17320,CUST_454,PROD_79,1,2026-01-24 17:28:32
17321,CUST_336,PROD_12,3,2025-12-31 15:12:51
17322,CUST_406,PROD_89,2,2025-12-30 09:26:57
17323,CUST_117,PROD_24,3,2026-01-09 08:24:17
17324,CUST_362,PROD_96,3,2026-01-06 11:56:32
17325,CUST_268,PROD_3,1,2026-01-21 16:00:07
17326,CUST_433,PROD_38,4,2026-01-19 16:48:05
17327,CUST_167,PROD_64,3,2026-01-08 00:58:51
17328,CUST_313,PROD_88,5,2026-01-19 07:05:48
17329,CUST_95,PROD_95,1,2026-01-13 08:41:53
17330,CUST_316,PROD_13,2,2026-01-04 16:57:40
17331,CUST_50,PROD_3,1,2026-01-17 05:11:07
17332,CUST_350,PROD_40,1,2026-01-13 05:56:25
17333,CUST_101,PROD_37,2,2026-01-18 15:04:48
17334,CUST_430,PROD_62,5,2026-01-19 22:37:12
17335,CUST_29,PROD_42,3,2026-01-13 12:58:36
17336,CUST_380,PROD_82,4,2026-01-10 15:51:33
17337,CUST_450,PROD_72,5,2026-01-02 08:18:56
17338,CUST_65,PROD_90,1,2026-01-20 04:31:42
17339,CUST_159,PROD_93,2,2026-01-12 11:47:26
17340,CUST_202,PROD_30,1,2026-01-21 22:07:12
17341,CUST_216,PROD_95,3,2026-01-26 08:13:22
17342,CUST_198,PROD_70,1,2026-01-26 00:42:26
17343,CUST_15,PROD_68,1,2026-01-21 03:14:09
17344,CUST_243,PROD_85,4,2026-01-24 22:10:58
17345,CUST_178,PROD_58,2,2026-01-17 15:32:39
17346,CUST_279,PROD_29,2,2026-01-07 10:23:57
17347,CUST_417,PROD_63,5,2026-01-24 19:33:15
17348,CUST_103,PROD_70,2,2026-01-03 08:31:20
17349,CUST_86,PROD_2,2,2026-01-18 03:00:43
17350,CUST_475,PROD_62,4,2026-01-05 12:04:36
17351,CUST_497,PROD_66,5,2025-12-30 21:08:20
17352,CUST_27,PROD_46,2,2026-01-01 01:57:54
17353,CUST_434,PROD_65,3,2026-01-07 03:09:53
17354,CUST_112,PROD_96,3,2026-01-03 06:38:26
17355,CUST_332,PROD_33,4,2026-01-06 14:51:37
17356,CUST_107,PROD_71,4,2026-01-22 15:32:52
17357,CUST_100,PROD_68,4,2026-01-17 07:58:27
17358,CUST_275,PROD_78,3,2026-01-18 05:00:16
17359,CUST_4,PROD_37,3,2026-01-08 19:35:41
17360,CUST_139,PROD_98,5,2026-01-15 07:54:01
17361,CUST_263,PROD_10,4,2026-01-23 16:43:58
17362,CUST_395,PROD_48,3,2026-01-16 08:07:09
17363,CUST_283,PROD_29,1,2026-01-10 05:46:35
17364,CUST_37,PROD_35,1,2026-01-18 21:01:01
17365,CUST_307,PROD_95,2,2026-01-18 13:06:34
17366,CUST_228,PROD_67,1,2026-01-08 03:07:16
17367,CUST_97,PROD_19,2,2025-12-30 03:58:54
17368,CUST_132,PROD_11,3,2026-01-15 03:09:45
17369,CUST_113,PROD_97,1,2026-01-07 04:41:51
17370,CUST_205,PROD_26,4,2025-12-31 16:15:34
17371,CUST_48,PROD_99,1,2026-01-06 04:46:13
17372,CUST_39,PROD_50,3,2026-01-24 10:08:42
17373,CUST_108,PROD_69,5,2026-01-25 21:51:19
17374,CUST_341,PROD_42,2,2026-01-20 10:28:47
17375,CUST_215,PROD_79,5,2026-01-24 10:46:51
17376,CUST_495,PROD_96,1,2026-01-03 09:51:51
17377,CUST_143,PROD_89,4,2026-01-04 08:45:20
17378,CUST_379,PROD_66,5,2025-12-30 14:57:42
17379,CUST_306,PROD_35,1,2026-01-15 21:54:57
17380,CUST_194,PROD_2,3,2026-01-04 18:42:37
17381,CUST_207,PROD_91,4,2026-01-12 01:38:27
17382,CUST_221,PROD_91,1,2026-01-25 01:51:16
17383,CUST_53,PROD_62,4,2025-12-29 16:56:08
17384,CUST_42,PROD_40,1,2026-01-07 02:39:33
17385,CUST_53,PROD_55,5,2026-01-08 20:31:11
17386,CUST_453,PROD_67,2,2026-01-24 05:26:46
17387,CUST_159,PROD_83,1,2026-01-10 04:41:58
17388,CUST_321,PROD_32,2,2026-01-10 04:45:32
17389,CUST_297,PROD_83,4,2026-01-01 15:41:31
17390,CUST_69,PROD_22,2,2026-01-20 03:13:36
17391,CUST_139,PROD_24,4,2026-01-25 05:43:05
17392,CUST_451,PROD_44,3,2026-01-21 11:55:09
17393,CUST_205,PROD_90,3,2026-01-17 18:15:16
17394,CUST_33,PROD_28,2,2026-01-25 03:23:05
17395,CUST_331,PROD_61,2,2026-01-24 10:59:31
17396,CUST_345,PROD_59,1,2025-12-31 04:00:05
17397,CUST_498,PROD_41,4,2026-01-26 19:42:13
17398,CUST_327,PROD_96,2,2026-01-12 23:09:12
17399,CUST_455,PROD_60,5,2026-01-21 02:22:07
17400,CUST_419,PROD_41,5,2026-01-14 01:34:33
17401,CUST_120,PROD_11,1,2026-01-02 20:57:01
17402,CUST_9,PROD_4,4,2026-01-19 08:03:14
17403,CUST_158,PROD_88,1,2026-01-15 21:42:45
17404,CUST_305,PROD_20,5,2026-01-19 00:19:53
17405,CUST_272,PROD_51,4,2026-01-24 13:07:46
17406,CUST_381,PROD_12,1,2026-01-04 06:25:56
17407,CUST_371,PROD_47,3,2026-01-15 14:18:15
17408,CUST_311,PROD_48,4,2026-01-15 21:23:13
17409,CUST_249,PROD_13,5,2026-01-01 06:59:00
17410,CUST_67,PROD_23,4,2026-01-19 14:48:53
17411,CUST_307,PROD_40,4,2025-12-30 04:00:11
17412,CUST_226,PROD_58,1,2026-01-15 16:23:20
17413,CUST_75,PROD_84,5,2026-01-18 21:15:52
17414,CUST_246,PROD_89,4,2026-01-15 13:13:11
17415,CUST_389,PROD_38,1,2026-01-11 20:26:40
17416,CUST_316,PROD_48,2,2026-01-04 02:58:40
17417,CUST_369,PROD_94,5,2026-01-27 15:12:00
17418,CUST_469,PROD_41,5,2026-01-06 02:17:34
17419,CUST_349,PROD_76,5,2026-01-03 09:45:31
17420,CUST_424,PROD_8,1,2026-01-20 12:49:50
17421,CUST_242,PROD_28,1,2026-01-03 13:55:18
17422,CUST_116,PROD_52,2,2026-01-06 03:33:31
17423,CUST_53,PROD_82,3,2025-12-31 08:01:04
17424,CUST_214,PROD_22,1,2026-01-27 05:44:33
17425,CUST_352,PROD_38,5,2026-01-24 18:14:09
17426,CUST_280,PROD_15,3,2026-01-10 10:44:52
17427,CUST_495,PROD_26,1,2026-01-09 02:50:12
17428,CUST_78,PROD_4,5,2026-01-06 10:43:54
17429,CUST_85,PROD_84,1,2026-01-15 17:02:27
17430,CUST_117,PROD_52,1,2026-01-11 12:50:13
17431,CUST_23,PROD_18,3,2026-01-12 18:42:38
17432,CUST_101,PROD_80,1,2025-12-29 04:22:43
17433,CUST_221,PROD_60,4,2026-01-06 09:00:47
17434,CUST_168,PROD_92,2,2026-01-27 07:58:39
17435,CUST_433,PROD_60,3,2026-01-24 01:41:44
17436,CUST_236,PROD_71,2,2026-01-10 12:20:20
17437,CUST_316,PROD_38,4,2026-01-25 09:50:49
17438,CUST_367,PROD_88,4,2026-01-12 16:51:42
17439,CUST_346,PROD_1,5,2026-01-17 14:50:34
17440,CUST_190,PROD_16,5,2026-01-13 16:29:46
17441,CUST_278,PROD_81,5,2026-01-23 17:29:47
17442,CUST_259,PROD_91,2,2025-12-30 02:04:19
17443,CUST_51,PROD_48,1,2026-01-12 10:16:26
17444,CUST_57,PROD_3,5,2026-01-17 05:56:25
17445,CUST_157,PROD_56,2,2026-01-22 22:20:03
17446,CUST_317,PROD_12,2,2026-01-10 00:06:09
17447,CUST_318,PROD_29,4,2026-01-27 06:14:52
17448,CUST_161,PROD_97,1,2026-01-15 02:14:16
17449,CUST_264,PROD_36,1,2025-12-30 18:35:13
17450,CUST_246,PROD_71,5,2026-01-07 04:05:45
17451,CUST_102,PROD_65,5,2026-01-23 23:43:34
17452,CUST_392,PROD_4,1,2026-01-05 02:26:05
17453,CUST_45,PROD_14,5,2025-12-30 16:42:36
17454,CUST_490,PROD_62,1,2026-01-16 03:53:50
17455,CUST_464,PROD_51,5,2026-01-24 02:30:58
17456,CUST_444,PROD_29,2,2026-01-13 20:26:55
17457,CUST_253,PROD_32,4,2026-01-25 06:56:34
17458,CUST_101,PROD_88,1,2026-01-05 09:36:27
17459,CUST_219,PROD_40,2,2026-01-17 03:28:52
17460,CUST_33,PROD_61,1,2025-12-31 23:47:19
17461,CUST_40,PROD_53,3,2026-01-04 06:54:16
17462,CUST_415,PROD_84,5,2026-01-07 11:37:15
17463,CUST_128,PROD_87,2,2026-01-08 10:29:07
17464,CUST_269,PROD_3,2,2026-01-23 18:52:20
17465,CUST_7,PROD_34,3,2026-01-19 14:27:27
17466,CUST_158,PROD_43,4,2025-12-29 02:24:11
17467,CUST_408,PROD_35,4,2026-01-07 20:35:55
17468,CUST_435,PROD_13,3,2026-01-09 16:30:56
17469,CUST_418,PROD_64,4,2026-01-23 18:15:17
17470,CUST_86,PROD_13,3,2026-01-21 20:57:51
17471,CUST_24,PROD_59,4,2026-01-21 20:10:08
17472,CUST_470,PROD_86,2,2026-01-21 06:13:36
17473,CUST_93,PROD_20,2,2026-01-14 09:59:13
17474,CUST_97,PROD_18,2,2026-01-02 15:24:53
17475,CUST_148,PROD_59,2,2025-12-30 12:42:25
17476,CUST_84,PROD_31,3,2026-01-22 17:24:03
17477,CUST_97,PROD_93,5,2026-01-19 13:17:00
17478,CUST_260,PROD_92,1,2026-01-11 10:44:16
17479,CUST_427,PROD_37,1,2026-01-25 21:47:00
17480,CUST_77,PROD_11,3,2026-01-17 07:33:32
17481,CUST_134,PROD_18,5,2025-12-29 00:16:19
17482,CUST_17,PROD_80,5,2026-01-12 16:56:57
17483,CUST_57,PROD_61,1,2026-01-04 18:24:40
17484,CUST_352,PROD_43,3,2026-01-15 06:03:58
17485,CUST_415,PROD_59,1,2026-01-19 04:09:53
17486,CUST_343,PROD_77,1,2026-01-08 21:34:06
17487,CUST_444,PROD_76,3,2026-01-04 09:36:04
17488,CUST_165,PROD_71,4,2026-01-16 23:55:05
17489,CUST_434,PROD_84,4,2026-01-14 21:16:52
17490,CUST_299,PROD_58,4,2026-01-27 09:57:16
17491,CUST_42,PROD_75,2,2026-01-21 00:40:09
17492,CUST_207,PROD_18,2,2026-01-26 08:08:25
17493,CUST_411,PROD_25,2,2026-01-22 19:45:06
17494,CUST_430,PROD_47,2,2026-01-23 18:59:22
17495,CUST_422,PROD_77,3,2026-01-14 21:39:00
17496,CUST_483,PROD_99,4,2026-01-15 14:17:06
17497,CUST_287,PROD_48,3,2026-01-26 11:09:19
17498,CUST_238,PROD_13,3,2026-01-24 08:04:37
17499,CUST_202,PROD_26,1,2026-01-09 07:28:58
17500,CUST_264,PROD_44,5,2026-01-07 10:29:25
17501,CUST_492,PROD_78,1,2026-01-02 18:12:02
17502,CUST_211,PROD_81,3,2026-01-27 02:51:09
17503,CUST_185,PROD_82,5,2026-01-10 15:12:42
17504,CUST_28,PROD_75,4,2026-01-01 15:44:27
17505,CUST_242,PROD_89,1,2026-01-20 17:19:55
17506,CUST_391,PROD_59,4,2026-01-09 10:39:56
17507,CUST_51,PROD_69,4,2026-01-01 18:46:14
17508,CUST_93,PROD_68,4,2026-01-06 16:02:01
17509,CUST_93,PROD_14,5,2026-01-02 16:50:25
17510,CUST_179,PROD_64,5,2026-01-12 06:09:34
17511,CUST_1,PROD_89,5,2026-01-03 07:56:29
17512,CUST_163,PROD_78,4,2026-01-05 18:21:56
17513,CUST_310,PROD_27,2,2026-01-04 07:20:58
17514,CUST_334,PROD_18,2,2026-01-07 00:23:00
17515,CUST_438,PROD_43,5,2026-01-04 14:18:19
17516,CUST_350,PROD_57,1,2026-01-25 12:18:42
17517,CUST_355,PROD_13,3,2026-01-09 21:13:34
17518,CUST_348,PROD_78,2,2026-01-18 12:56:21
17519,CUST_233,PROD_28,5,2026-01-06 08:43:55
17520,CUST_424,PROD_81,1,2026-01-05 12:44:11
17521,CUST_407,PROD_67,1,2026-01-12 15:30:34
17522,CUST_54,PROD_42,1,2026-01-17 16:12:29
17523,CUST_80,PROD_9,4,2026-01-12 00:37:42
17524,CUST_11,PROD_18,2,2026-01-17 18:54:34
17525,CUST_18,PROD_48,4,2026-01-27 09:30:25
17526,CUST_140,PROD_50,1,2026-01-16 05:42:37
17527,CUST_128,PROD_5,2,2026-01-16 08:30:24
17528,CUST_210,PROD_89,4,2026-01-02 05:38:00
17529,CUST_306,PROD_88,2,2026-01-15 08:51:24
17530,CUST_251,PROD_32,4,2026-01-15 11:23:21
17531,CUST_40,PROD_60,3,2026-01-01 17:54:36
17532,CUST_22,PROD_76,2,2026-01-08 05:35:04
17533,CUST_475,PROD_73,2,2026-01-04 11:01:10
17534,CUST_407,PROD_71,2,2026-01-23 13:51:49
17535,CUST_105,PROD_78,3,2026-01-04 10:40:16
17536,CUST_392,PROD_63,5,2026-01-19 09:38:48
17537,CUST_486,PROD_17,1,2026-01-11 10:40:59
17538,CUST_421,PROD_37,2,2026-01-09 11:59:00
17539,CUST_83,PROD_6,2,2026-01-01 13:56:25
17540,CUST_206,PROD_81,3,2026-01-02 00:12:58
17541,CUST_329,PROD_46,3,2026-01-25 13:13:52
17542,CUST_212,PROD_69,4,2026-01-25 05:18:56
17543,CUST_441,PROD_100,1,2026-01-12 13:01:23
17544,CUST_250,PROD_91,4,2026-01-05 07:28:34
17545,CUST_8,PROD_9,5,2026-01-15 13:34:09
17546,CUST_44,PROD_3,1,2026-01-13 05:22:02
17547,CUST_259,PROD_54,5,2026-01-27 05:18:19
17548,CUST_354,PROD_17,2,2026-01-19 17:02:41
17549,CUST_244,PROD_16,5,2026-01-06 12:30:08
17550,CUST_360,PROD_41,3,2026-01-14 01:15:45
17551,CUST_62,PROD_73,4,2025-12-31 17:39:36
17552,CUST_142,PROD_35,1,2026-01-13 07:53:56
17553,CUST_125,PROD_27,2,2026-01-07 18:32:38
17554,CUST_146,PROD_38,5,2026-01-13 07:19:09
17555,CUST_73,PROD_97,5,2026-01-09 21:25:37
17556,CUST_358,PROD_2,4,2026-01-23 07:34:48
17557,CUST_470,PROD_69,2,2026-01-10 20:32:03
17558,CUST_94,PROD_82,5,2026-01-16 07:19:16
17559,CUST_97,PROD_67,5,2026-01-09 01:36:33
17560,CUST_51,PROD_10,2,2025-12-30 06:31:38
17561,CUST_153,PROD_28,5,2026-01-22 03:35:17
17562,CUST_323,PROD_27,1,2026-01-17 11:17:24
17563,CUST_16,PROD_100,2,2025-12-31 10:41:44
17564,CUST_426,PROD_61,1,2025-12-30 13:49:43
17565,CUST_469,PROD_71,2,2026-01-11 01:58:10
17566,CUST_424,PROD_77,5,2026-01-23 20:25:59
17567,CUST_386,PROD_73,5,2026-01-13 20:22:55
17568,CUST_177,PROD_37,4,2026-01-24 12:14:34
17569,CUST_80,PROD_52,1,2026-01-26 16:17:01
17570,CUST_281,PROD_65,1,2026-01-10 15:17:49
17571,CUST_430,PROD_92,5,2026-01-16 21:55:44
17572,CUST_429,PROD_91,3,2026-01-05 08:22:16
17573,CUST_5,PROD_14,2,2026-01-07 08:39:01
17574,CUST_360,PROD_45,1,2026-01-08 21:11:38
17575,CUST_314,PROD_4,3,2026-01-07 06:42:26
17576,CUST_227,PROD_79,4,2026-01-24 19:20:08
17577,CUST_24,PROD_48,2,2026-01-10 07:51:39
17578,CUST_250,PROD_29,2,2026-01-04 14:03:04
17579,CUST_107,PROD_2,3,2025-12-31 13:12:51
17580,CUST_188,PROD_52,1,2026-01-14 23:46:51
17581,CUST_81,PROD_34,2,2026-01-12 15:36:04
17582,CUST_143,PROD_94,1,2026-01-23 08:27:40
17583,CUST_390,PROD_24,2,2026-01-05 09:27:32
17584,CUST_492,PROD_14,2,2026-01-19 07:01:22
17585,CUST_317,PROD_68,1,2026-01-22 22:28:41
17586,CUST_90,PROD_12,1,2026-01-24 15:13:47
17587,CUST_351,PROD_24,3,2026-01-26 13:00:08
17588,CUST_405,PROD_55,4,2026-01-19 11:59:36
17589,CUST_156,PROD_50,5,2026-01-27 09:33:10
17590,CUST_39,PROD_51,5,2026-01-20 17:24:08
17591,CUST_362,PROD_52,1,2025-12-30 10:17:11
17592,CUST_73,PROD_58,4,2026-01-20 04:01:35
17593,CUST_304,PROD_50,1,2026-01-21 11:10:29
17594,CUST_162,PROD_15,2,2025-12-29 15:26:28
17595,CUST_307,PROD_80,5,2026-01-10 23:18:57
17596,CUST_450,PROD_63,2,2026-01-01 06:03:06
17597,CUST_58,PROD_47,1,2026-01-18 18:47:09
17598,CUST_494,PROD_79,4,2025-12-30 16:42:31
17599,CUST_112,PROD_48,1,2026-01-14 11:42:25
17600,CUST_94,PROD_18,3,2026-01-20 14:36:30
17601,CUST_168,PROD_40,3,2026-01-02 23:20:45
17602,CUST_190,PROD_8,1,2026-01-13 03:03:48
17603,CUST_3,PROD_1,2,2026-01-02 09:58:16
17604,CUST_238,PROD_46,2,2026-01-11 23:28:20
17605,CUST_463,PROD_32,4,2026-01-05 02:51:09
17606,CUST_33,PROD_83,5,2026-01-24 14:26:48
17607,CUST_499,PROD_62,1,2026-01-14 03:01:14
17608,CUST_124,PROD_2,3,2026-01-06 19:12:53
17609,CUST_151,PROD_14,2,2026-01-03 08:23:30
17610,CUST_443,PROD_46,4,2026-01-19 11:41:00
17611,CUST_370,PROD_5,5,2026-01-07 06:43:04
17612,CUST_358,PROD_84,5,2026-01-16 21:30:14
17613,CUST_307,PROD_81,3,2026-01-07 16:40:20
17614,CUST_102,PROD_8,5,2026-01-02 09:12:59
17615,CUST_40,PROD_6,1,2026-01-15 18:04:59
17616,CUST_258,PROD_100,4,2025-12-29 04:39:19
17617,CUST_498,PROD_87,1,2026-01-10 19:19:45
17618,CUST_482,PROD_27,4,2026-01-25 12:48:04
17619,CUST_10,PROD_92,1,2026-01-16 10:05:13
17620,CUST_105,PROD_77,5,2026-01-16 05:33:04
17621,CUST_472,PROD_91,2,2026-01-27 14:20:35
17622,CUST_132,PROD_46,1,2026-01-25 03:44:56
17623,CUST_201,PROD_52,3,2026-01-05 02:54:31
17624,CUST_92,PROD_76,3,2026-01-03 20:38:23
17625,CUST_457,PROD_64,5,2026-01-21 07:18:32
17626,CUST_172,PROD_61,2,2026-01-11 18:11:40
17627,CUST_283,PROD_92,3,2026-01-25 05:04:34
17628,CUST_252,PROD_93,5,2025-12-31 15:16:57
17629,CUST_250,PROD_13,1,2026-01-10 18:35:00
17630,CUST_216,PROD_15,2,2026-01-06 11:42:48
17631,CUST_409,PROD_30,3,2026-01-19 20:02:10
17632,CUST_385,PROD_40,3,2026-01-24 18:02:25
17633,CUST_79,PROD_80,5,2026-01-02 01:45:23
17634,CUST_45,PROD_53,3,2026-01-10 11:34:03
17635,CUST_134,PROD_73,4,2026-01-23 20:07:46
17636,CUST_33,PROD_15,5,2026-01-03 14:53:46
17637,CUST_45,PROD_93,1,2026-01-21 06:48:55
17638,CUST_264,PROD_8,4,2026-01-25 05:34:09
17639,CUST_434,PROD_2,5,2026-01-14 15:47:37
17640,CUST_23,PROD_24,1,2026-01-10 10:08:03
17641,CUST_138,PROD_33,3,2026-01-24 02:10:48
17642,CUST_206,PROD_79,4,2026-01-08 00:38:32
17643,CUST_425,PROD_16,2,2026-01-09 04:01:10
17644,CUST_65,PROD_84,1,2026-01-05 00:02:18
17645,CUST_485,PROD_35,5,2026-01-18 17:44:14
17646,CUST_77,PROD_73,3,2026-01-02 11:55:10
17647,CUST_362,PROD_100,2,2025-12-29 21:28:08
17648,CUST_491,PROD_42,2,2026-01-19 13:03:23
17649,CUST_318,PROD_69,4,2026-01-03 15:16:41
17650,CUST_497,PROD_50,3,2026-01-09 06:32:29
17651,CUST_375,PROD_24,5,2026-01-17 01:53:40
17652,CUST_313,PROD_49,2,2026-01-26 00:14:46
17653,CUST_180,PROD_28,5,2026-01-06 16:58:58
17654,CUST_478,PROD_81,1,2026-01-14 01:06:00
17655,CUST_450,PROD_10,5,2026-01-05 22:30:43
17656,CUST_391,PROD_4,1,2026-01-21 00:15:57
17657,CUST_244,PROD_30,4,2026-01-22 09:31:47
17658,CUST_165,PROD_57,5,2026-01-09 04:01:00
17659,CUST_25,PROD_93,3,2026-01-19 00:02:48
17660,CUST_51,PROD_100,1,2026-01-07 02:09:56
17661,CUST_410,PROD_24,3,2026-01-01 10:23:41
17662,CUST_419,PROD_77,5,2026-01-04 13:56:28
17663,CUST_189,PROD_6,1,2026-01-09 23:09:16
17664,CUST_345,PROD_39,5,2026-01-12 20:57:15
17665,CUST_93,PROD_12,4,2026-01-23 19:32:54
17666,CUST_19,PROD_45,5,2026-01-22 13:50:48
17667,CUST_392,PROD_64,4,2026-01-25 07:29:04
17668,CUST_171,PROD_98,5,2026-01-16 14:49:47
17669,CUST_414,PROD_34,1,2026-01-08 06:08:07
17670,CUST_469,PROD_36,4,2026-01-27 07:04:54
17671,CUST_2,PROD_51,5,2026-01-04 22:08:36
17672,CUST_145,PROD_38,2,2026-01-02 03:20:56
17673,CUST_492,PROD_69,3,2026-01-13 01:26:16
17674,CUST_79,PROD_45,1,2026-01-24 14:47:58
17675,CUST_292,PROD_21,4,2026-01-20 03:28:17
17676,CUST_500,PROD_80,1,2026-01-06 07:11:12
17677,CUST_302,PROD_17,4,2026-01-09 14:14:06
17678,CUST_396,PROD_74,5,2026-01-10 11:42:30
17679,CUST_70,PROD_8,1,2026-01-15 10:52:44
17680,CUST_20,PROD_56,1,2026-01-25 14:38:42
17681,CUST_381,PROD_78,5,2026-01-04 02:28:14
17682,CUST_263,PROD_93,4,2026-01-20 03:04:01
17683,CUST_496,PROD_72,2,2026-01-22 04:27:06
17684,CUST_474,PROD_8,4,2026-01-14 10:45:39
17685,CUST_66,PROD_80,3,2026-01-08 22:32:41
17686,CUST_314,PROD_37,3,2026-01-21 03:08:30
17687,CUST_410,PROD_75,2,2026-01-26 12:43:34
17688,CUST_390,PROD_91,4,2025-12-30 06:48:59
17689,CUST_274,PROD_64,3,2026-01-16 09:36:49
17690,CUST_239,PROD_85,2,2026-01-27 14:19:18
17691,CUST_201,PROD_28,5,2025-12-29 18:47:52
17692,CUST_118,PROD_67,1,2026-01-27 15:25:05
17693,CUST_365,PROD_19,4,2026-01-10 14:53:20
17694,CUST_58,PROD_50,3,2026-01-12 11:45:20
17695,CUST_15,PROD_19,2,2026-01-22 03:47:50
17696,CUST_107,PROD_4,5,2026-01-03 06:56:27
17697,CUST_12,PROD_90,1,2026-01-20 23:52:01
17698,CUST_4,PROD_71,1,2026-01-05 05:50:38
17699,CUST_276,PROD_15,5,2026-01-09 00:33:50
17700,CUST_344,PROD_84,1,2025-12-30 18:34:58
17701,CUST_412,PROD_95,5,2026-01-02 05:58:17
17702,CUST_406,PROD_35,3,2026-01-05 20:22:46
17703,CUST_108,PROD_8,1,2026-01-11 05:52:43
17704,CUST_495,PROD_73,5,2026-01-15 13:32:05
17705,CUST_307,PROD_28,2,2026-01-09 20:41:58
17706,CUST_163,PROD_86,5,2026-01-08 08:01:16
17707,CUST_238,PROD_99,1,2026-01-13 03:59:14
17708,CUST_297,PROD_32,4,2026-01-26 03:38:12
17709,CUST_424,PROD_42,5,2026-01-21 21:10:24
17710,CUST_42,PROD_68,4,2026-01-22 20:03:11
17711,CUST_371,PROD_54,2,2026-01-06 12:47:58
17712,CUST_85,PROD_100,2,2026-01-17 18:46:07
17713,CUST_306,PROD_24,1,2026-01-01 19:44:48
17714,CUST_152,PROD_58,2,2026-01-11 08:48:55
17715,CUST_134,PROD_8,5,2026-01-22 09:25:01
17716,CUST_283,PROD_59,5,2026-01-25 19:57:10
17717,CUST_466,PROD_55,4,2026-01-06 09:39:25
17718,CUST_19,PROD_40,4,2026-01-17 20:20:17
17719,CUST_66,PROD_55,3,2026-01-21 04:02:08
17720,CUST_66,PROD_4,1,2026-01-18 09:09:00
17721,CUST_61,PROD_31,4,2026-01-02 10:19:13
17722,CUST_182,PROD_2,4,2026-01-27 05:34:08
17723,CUST_321,PROD_39,4,2026-01-06 17:56:31
17724,CUST_106,PROD_45,5,2026-01-26 17:54:03
17725,CUST_7,PROD_84,1,2026-01-06 02:53:14
17726,CUST_350,PROD_90,5,2026-01-03 06:27:15
17727,CUST_319,PROD_77,4,2026-01-14 18:18:41
17728,CUST_437,PROD_99,4,2026-01-03 18:12:11
17729,CUST_451,PROD_87,1,2026-01-25 23:50:15
17730,CUST_187,PROD_60,5,2026-01-09 14:46:50
17731,CUST_174,PROD_46,5,2026-01-25 16:51:34
17732,CUST_288,PROD_83,2,2026-01-11 00:40:43
17733,CUST_223,PROD_50,4,2026-01-19 04:38:30
17734,CUST_216,PROD_48,3,2026-01-22 16:32:19
17735,CUST_243,PROD_27,5,2026-01-20 17:56:25
17736,CUST_189,PROD_29,1,2026-01-26 16:16:24
17737,CUST_86,PROD_52,4,2026-01-16 16:53:31
17738,CUST_10,PROD_53,4,2025-12-31 12:27:47
17739,CUST_271,PROD_41,2,2026-01-10 00:11:06
17740,CUST_57,PROD_1,2,2026-01-06 11:56:12
17741,CUST_284,PROD_50,3,2026-01-04 03:37:18
17742,CUST_449,PROD_29,5,2026-01-06 08:53:13
17743,CUST_124,PROD_63,4,2025-12-30 23:10:04
17744,CUST_3,PROD_52,2,2025-12-29 18:19:38
17745,CUST_164,PROD_21,4,2026-01-08 17:56:39
17746,CUST_139,PROD_16,1,2026-01-05 00:59:53
17747,CUST_28,PROD_36,3,2025-12-30 07:22:02
17748,CUST_167,PROD_63,5,2026-01-17 12:52:22
17749,CUST_176,PROD_80,5,2026-01-18 07:41:29
17750,CUST_161,PROD_85,3,2026-01-20 01:53:40
17751,CUST_268,PROD_50,5,2026-01-05 05:37:23
17752,CUST_151,PROD_59,2,2026-01-26 07:05:51
17753,CUST_444,PROD_39,3,2026-01-03 04:46:01
17754,CUST_231,PROD_20,1,2025-12-31 00:10:38
17755,CUST_33,PROD_46,2,2026-01-15 09:18:01
17756,CUST_268,PROD_16,3,2026-01-21 18:00:53
17757,CUST_204,PROD_29,2,2025-12-29 13:40:27
17758,CUST_22,PROD_12,3,2026-01-13 09:19:21
17759,CUST_251,PROD_78,1,2026-01-26 17:01:54
17760,CUST_303,PROD_73,1,2026-01-26 16:22:52
17761,CUST_291,PROD_40,5,2026-01-04 17:32:47
17762,CUST_443,PROD_82,5,2026-01-08 22:29:17
17763,CUST_84,PROD_40,5,2025-12-29 15:30:22
17764,CUST_468,PROD_35,5,2025-12-30 05:12:54
17765,CUST_5,PROD_73,5,2026-01-17 13:04:31
17766,CUST_206,PROD_30,4,2026-01-17 04:11:28
17767,CUST_289,PROD_100,2,2026-01-24 15:01:00
17768,CUST_445,PROD_80,5,2026-01-24 19:15:04
17769,CUST_6,PROD_42,2,2026-01-02 00:37:47
17770,CUST_135,PROD_67,5,2026-01-17 11:39:43
17771,CUST_46,PROD_95,5,2026-01-17 11:51:35
17772,CUST_433,PROD_44,2,2026-01-01 05:43:18
17773,CUST_348,PROD_21,3,2026-01-08 16:26:46
17774,CUST_216,PROD_3,4,2026-01-21 14:31:20
17775,CUST_191,PROD_26,4,2026-01-02 02:51:30
17776,CUST_135,PROD_40,3,2026-01-24 03:48:31
17777,CUST_382,PROD_75,4,2026-01-07 06:00:39
17778,CUST_428,PROD_12,2,2025-12-31 06:52:10
17779,CUST_204,PROD_66,4,2026-01-14 22:28:42
17780,CUST_264,PROD_54,4,2026-01-07 14:37:17
17781,CUST_491,PROD_8,2,2026-01-12 23:24:11
17782,CUST_391,PROD_25,3,2026-01-12 12:48:32
17783,CUST_101,PROD_51,4,2026-01-01 10:22:25
17784,CUST_336,PROD_67,2,2026-01-16 01:45:27
17785,CUST_218,PROD_91,5,2026-01-24 14:50:21
17786,CUST_482,PROD_60,2,2026-01-21 11:37:56
17787,CUST_498,PROD_46,5,2026-01-10 19:03:50
17788,CUST_146,PROD_4,2,2026-01-12 17:22:19
17789,CUST_369,PROD_51,4,2026-01-06 12:01:54
17790,CUST_421,PROD_83,1,2026-01-10 06:39:34
17791,CUST_93,PROD_25,1,2026-01-21 06:21:20
17792,CUST_221,PROD_74,1,2026-01-06 00:21:58
17793,CUST_191,PROD_62,1,2026-01-15 07:17:15
17794,CUST_285,PROD_66,5,2026-01-16 03:10:30
17795,CUST_285,PROD_4,2,2026-01-05 07:29:09
17796,CUST_389,PROD_82,3,2026-01-13 03:22:31
17797,CUST_311,PROD_59,1,2026-01-17 05:30:37
17798,CUST_128,PROD_29,1,2026-01-18 10:46:09
17799,CUST_340,PROD_24,3,2026-01-12 21:18:33
17800,CUST_305,PROD_1,2,2026-01-01 14:00:16
17801,CUST_313,PROD_25,5,2026-01-16 08:11:00
17802,CUST_432,PROD_29,5,2026-01-03 17:53:29
17803,CUST_396,PROD_86,1,2026-01-27 04:41:21
17804,CUST_74,PROD_24,3,2026-01-03 16:43:18
17805,CUST_136,PROD_99,4,2026-01-06 23:06:56
17806,CUST_110,PROD_74,2,2026-01-01 06:33:33
17807,CUST_345,PROD_34,5,2026-01-01 00:46:13
17808,CUST_335,PROD_70,1,2025-12-30 09:13:25
17809,CUST_390,PROD_23,4,2026-01-09 18:11:43
17810,CUST_484,PROD_96,5,2026-01-14 19:44:56
17811,CUST_113,PROD_56,4,2026-01-14 19:20:20
17812,CUST_223,PROD_52,4,2025-12-31 04:16:40
17813,CUST_236,PROD_26,4,2026-01-01 19:47:27
17814,CUST_270,PROD_5,5,2026-01-07 19:23:25
17815,CUST_335,PROD_99,2,2026-01-20 18:41:53
17816,CUST_156,PROD_6,5,2026-01-06 09:35:47
17817,CUST_442,PROD_55,4,2026-01-14 23:12:54
17818,CUST_423,PROD_64,4,2026-01-18 20:03:32
17819,CUST_446,PROD_57,3,2026-01-14 12:18:25
17820,CUST_456,PROD_29,5,2026-01-10 16:34:51
17821,CUST_231,PROD_31,4,2026-01-18 18:38:16
17822,CUST_419,PROD_59,2,2026-01-11 04:03:18
17823,CUST_109,PROD_21,2,2026-01-02 23:45:48
17824,CUST_1,PROD_67,2,2026-01-02 03:47:43
17825,CUST_448,PROD_86,3,2025-12-30 01:25:17
17826,CUST_253,PROD_50,5,2026-01-20 22:25:55
17827,CUST_45,PROD_80,4,2026-01-18 05:56:52
17828,CUST_358,PROD_23,1,2026-01-13 02:15:05
17829,CUST_336,PROD_9,5,2025-12-30 21:59:00
17830,CUST_151,PROD_30,3,2026-01-13 07:22:33
17831,CUST_500,PROD_5,2,2026-01-05 07:17:23
17832,CUST_462,PROD_3,3,2025-12-30 20:53:19
17833,CUST_170,PROD_10,5,2025-12-31 00:23:15
17834,CUST_17,PROD_46,3,2026-01-10 08:02:58
17835,CUST_474,PROD_37,5,2026-01-07 12:57:16
17836,CUST_473,PROD_61,1,2026-01-07 23:22:10
17837,CUST_81,PROD_17,1,2026-01-14 03:54:40
17838,CUST_300,PROD_98,1,2026-01-21 12:08:29
17839,CUST_290,PROD_2,3,2026-01-10 03:30:50
17840,CUST_53,PROD_9,1,2026-01-24 01:11:56
17841,CUST_92,PROD_70,5,2025-12-31 04:41:43
17842,CUST_288,PROD_44,5,2026-01-26 23:15:07
17843,CUST_318,PROD_62,4,2025-12-31 08:44:44
17844,CUST_448,PROD_69,4,2026-01-13 11:05:36
17845,CUST_366,PROD_9,1,2026-01-25 18:58:53
17846,CUST_378,PROD_50,2,2026-01-11 17:34:08
17847,CUST_162,PROD_6,4,2026-01-14 11:34:41
17848,CUST_109,PROD_41,1,2026-01-04 21:14:06
17849,CUST_337,PROD_23,1,2026-01-15 07:44:41
17850,CUST_457,PROD_69,4,2026-01-01 06:10:19
17851,CUST_466,PROD_77,1,2026-01-14 08:14:43
17852,CUST_177,PROD_97,3,2026-01-15 14:20:23
17853,CUST_295,PROD_16,5,2026-01-16 06:50:01
17854,CUST_351,PROD_17,1,2026-01-18 18:02:03
17855,CUST_298,PROD_31,3,2025-12-30 07:20:35
17856,CUST_464,PROD_87,2,2026-01-11 17:49:24
17857,CUST_414,PROD_65,5,2026-01-17 17:08:13
17858,CUST_238,PROD_22,4,2026-01-20 16:29:25
17859,CUST_474,PROD_29,1,2026-01-15 11:48:12
17860,CUST_476,PROD_42,1,2026-01-26 04:09:38
17861,CUST_181,PROD_76,2,2026-01-03 22:39:29
17862,CUST_205,PROD_74,5,2026-01-19 07:52:51
17863,CUST_440,PROD_60,2,2026-01-04 13:46:27
17864,CUST_364,PROD_56,5,2026-01-24 18:50:25
17865,CUST_16,PROD_50,3,2026-01-17 01:55:44
17866,CUST_244,PROD_36,3,2026-01-09 18:57:49
17867,CUST_412,PROD_21,4,2026-01-19 21:49:26
17868,CUST_283,PROD_69,5,2026-01-21 15:23:44
17869,CUST_192,PROD_84,5,2025-12-30 13:05:18
17870,CUST_178,PROD_15,5,2025-12-31 09:42:33
17871,CUST_85,PROD_20,1,2025-12-30 06:11:55
17872,CUST_478,PROD_47,3,2026-01-02 20:06:30
17873,CUST_94,PROD_53,2,2026-01-14 09:11:07
17874,CUST_138,PROD_91,5,2026-01-17 04:23:58
17875,CUST_89,PROD_38,2,2026-01-26 05:04:03
17876,CUST_367,PROD_62,1,2026-01-16 10:54:12
17877,CUST_411,PROD_4,5,2026-01-23 06:14:59
17878,CUST_64,PROD_69,1,2026-01-05 18:07:23
17879,CUST_215,PROD_15,3,2026-01-17 12:58:03
17880,CUST_90,PROD_1,4,2026-01-24 20:54:32
17881,CUST_452,PROD_68,2,2026-01-01 09:49:14
17882,CUST_184,PROD_50,4,2026-01-25 05:54:50
17883,CUST_73,PROD_85,5,2026-01-11 02:07:37
17884,CUST_230,PROD_91,1,2026-01-11 10:21:13
17885,CUST_104,PROD_69,1,2026-01-19 17:49:13
17886,CUST_134,PROD_33,1,2026-01-24 20:01:08
17887,CUST_427,PROD_15,5,2026-01-15 15:53:58
17888,CUST_123,PROD_13,3,2026-01-12 09:06:41
17889,CUST_208,PROD_62,2,2026-01-01 22:53:58
17890,CUST_465,PROD_33,3,2026-01-22 19:59:58
17891,CUST_232,PROD_93,2,2026-01-18 19:01:21
17892,CUST_114,PROD_73,1,2026-01-11 11:14:45
17893,CUST_232,PROD_90,1,2026-01-05 23:55:24
17894,CUST_28,PROD_85,2,2026-01-02 07:04:57
17895,CUST_476,PROD_42,4,2026-01-02 18:20:46
17896,CUST_223,PROD_51,2,2026-01-08 12:41:41
17897,CUST_15,PROD_96,3,2026-01-10 05:54:40
17898,CUST_9,PROD_20,5,2026-01-02 11:18:46
17899,CUST_358,PROD_83,2,2026-01-15 08:52:18
17900,CUST_488,PROD_60,3,2026-01-20 03:29:37
17901,CUST_243,PROD_89,3,2026-01-20 19:26:04
17902,CUST_187,PROD_38,5,2026-01-06 01:23:41
17903,CUST_186,PROD_71,1,2026-01-26 03:35:01
17904,CUST_65,PROD_67,1,2026-01-26 19:30:42
17905,CUST_256,PROD_74,2,2026-01-15 05:47:05
17906,CUST_356,PROD_5,4,2026-01-18 18:30:01
17907,CUST_59,PROD_74,1,2026-01-14 21:07:45
17908,CUST_400,PROD_46,5,2026-01-14 10:11:13
17909,CUST_309,PROD_85,2,2026-01-18 11:40:59
17910,CUST_298,PROD_100,4,2026-01-11 00:21:41
17911,CUST_10,PROD_2,4,2026-01-06 02:09:58
17912,CUST_161,PROD_11,4,2026-01-15 23:15:01
17913,CUST_142,PROD_11,2,2026-01-15 14:08:31
17914,CUST_385,PROD_83,1,2026-01-22 01:26:57
17915,CUST_231,PROD_8,5,2026-01-07 14:57:31
17916,CUST_28,PROD_16,5,2025-12-30 00:32:53
17917,CUST_101,PROD_52,1,2026-01-11 19:27:02
17918,CUST_494,PROD_32,3,2026-01-14 23:44:25
17919,CUST_95,PROD_68,3,2026-01-13 17:10:39
17920,CUST_421,PROD_14,3,2026-01-25 02:49:02
17921,CUST_6,PROD_87,1,2026-01-17 23:50:50
17922,CUST_300,PROD_53,3,2025-12-31 19:12:51
17923,CUST_150,PROD_45,3,2026-01-06 23:28:08
17924,CUST_141,PROD_42,5,2026-01-14 17:34:35
17925,CUST_228,PROD_44,3,2026-01-07 02:23:19
17926,CUST_430,PROD_76,3,2026-01-21 18:56:54
17927,CUST_30,PROD_76,4,2026-01-22 08:11:51
17928,CUST_32,PROD_8,2,2026-01-25 06:21:08
17929,CUST_22,PROD_53,2,2026-01-25 20:50:22
17930,CUST_426,PROD_59,5,2026-01-22 04:34:49
17931,CUST_38,PROD_8,2,2026-01-17 04:53:01
17932,CUST_27,PROD_45,5,2026-01-27 04:13:53
17933,CUST_207,PROD_91,5,2026-01-19 12:28:44
17934,CUST_181,PROD_74,3,2026-01-19 10:47:49
17935,CUST_98,PROD_9,3,2026-01-08 18:26:15
17936,CUST_127,PROD_70,1,2026-01-10 04:20:20
17937,CUST_76,PROD_82,3,2026-01-02 00:16:26
17938,CUST_414,PROD_86,2,2026-01-04 16:13:31
17939,CUST_386,PROD_1,5,2026-01-15 23:52:46
17940,CUST_203,PROD_35,1,2025-12-31 04:33:56
17941,CUST_59,PROD_31,2,2026-01-05 06:19:15
17942,CUST_143,PROD_34,2,2026-01-10 19:02:08
17943,CUST_346,PROD_71,1,2026-01-02 08:42:28
17944,CUST_300,PROD_45,1,2026-01-17 16:38:55
17945,CUST_252,PROD_5,3,2025-12-29 05:53:06
17946,CUST_66,PROD_12,1,2026-01-24 06:30:58
17947,CUST_332,PROD_60,5,2026-01-14 02:53:53
17948,CUST_46,PROD_95,1,2026-01-08 21:44:16
17949,CUST_38,PROD_3,2,2026-01-02 03:59:47
17950,CUST_359,PROD_14,5,2025-12-31 13:27:47
17951,CUST_310,PROD_73,2,2026-01-06 08:37:13
17952,CUST_35,PROD_56,4,2026-01-21 09:53:56
17953,CUST_115,PROD_12,4,2025-12-29 11:34:48
17954,CUST_424,PROD_62,2,2026-01-05 02:49:19
17955,CUST_171,PROD_89,5,2026-01-26 09:59:48
17956,CUST_417,PROD_56,4,2026-01-04 16:09:12
17957,CUST_264,PROD_70,5,2026-01-09 04:11:47
17958,CUST_182,PROD_7,3,2026-01-08 06:38:59
17959,CUST_116,PROD_34,4,2026-01-07 14:14:16
17960,CUST_453,PROD_39,5,2026-01-18 17:13:51
17961,CUST_378,PROD_59,1,2026-01-26 00:24:36
17962,CUST_301,PROD_35,3,2025-12-31 02:42:11
17963,CUST_178,PROD_3,1,2026-01-22 19:35:37
17964,CUST_256,PROD_13,4,2025-12-31 10:57:27
17965,CUST_352,PROD_71,4,2026-01-06 22:10:44
17966,CUST_307,PROD_17,1,2026-01-21 18:36:39
17967,CUST_497,PROD_10,4,2026-01-02 18:35:23
17968,CUST_57,PROD_98,5,2026-01-19 23:57:13
17969,CUST_40,PROD_2,2,2026-01-07 08:34:59
17970,CUST_478,PROD_27,2,2026-01-02 07:37:33
17971,CUST_49,PROD_79,5,2026-01-19 03:34:46
17972,CUST_191,PROD_61,5,2026-01-02 19:55:05
17973,CUST_78,PROD_2,4,2026-01-19 03:00:59
17974,CUST_468,PROD_91,1,2026-01-01 13:10:48
17975,CUST_106,PROD_72,4,2026-01-04 16:54:03
17976,CUST_188,PROD_94,4,2025-12-31 01:57:09
17977,CUST_180,PROD_92,1,2026-01-21 19:10:31
17978,CUST_430,PROD_60,2,2026-01-13 14:08:34
17979,CUST_290,PROD_8,1,2026-01-05 16:04:28
17980,CUST_347,PROD_25,2,2026-01-08 21:45:34
17981,CUST_451,PROD_5,2,2026-01-06 14:33:09
17982,CUST_181,PROD_89,5,2026-01-02 21:39:24
17983,CUST_35,PROD_72,3,2026-01-10 18:45:46
17984,CUST_493,PROD_77,1,2025-12-31 02:37:12
17985,CUST_443,PROD_27,5,2026-01-20 11:03:27
17986,CUST_379,PROD_63,1,2026-01-23 00:25:48
17987,CUST_491,PROD_53,4,2026-01-02 09:16:25
17988,CUST_37,PROD_44,1,2026-01-25 09:06:14
17989,CUST_454,PROD_93,1,2026-01-21 19:59:59
17990,CUST_439,PROD_29,3,2025-12-30 15:18:37
17991,CUST_189,PROD_30,1,2026-01-15 18:40:03
17992,CUST_403,PROD_73,1,2026-01-26 19:19:39
17993,CUST_228,PROD_33,3,2026-01-02 15:23:31
17994,CUST_409,PROD_27,1,2026-01-10 07:40:18
17995,CUST_36,PROD_48,5,2026-01-19 05:14:57
17996,CUST_439,PROD_22,4,2026-01-11 01:18:19
17997,CUST_187,PROD_99,3,2026-01-01 07:31:42
17998,CUST_312,PROD_8,2,2026-01-01 03:51:15
17999,CUST_53,PROD_13,5,2026-01-25 00:37:35
18000,CUST_468,PROD_83,1,2026-01-17 20:50:58
18001,CUST_49,PROD_63,1,2026-01-10 04:26:55
18002,CUST_12,PROD_45,1,2026-01-11 17:01:48
18003,CUST_309,PROD_93,2,2025-12-31 11:32:06
18004,CUST_27,PROD_64,4,2026-01-10 21:23:50
18005,CUST_488,PROD_26,5,2026-01-03 17:52:54
18006,CUST_259,PROD_69,5,2025-12-29 20:05:45
18007,CUST_443,PROD_70,3,2026-01-20 10:05:54
18008,CUST_311,PROD_34,1,2026-01-13 15:33:13
18009,CUST_297,PROD_16,1,2026-01-05 00:09:30
18010,CUST_129,PROD_49,3,2026-01-25 23:44:54
18011,CUST_299,PROD_61,2,2026-01-10 17:04:06
18012,CUST_219,PROD_26,4,2026-01-27 08:57:01
18013,CUST_318,PROD_69,3,2025-12-31 19:10:52
18014,CUST_160,PROD_55,4,2026-01-04 23:28:12
18015,CUST_77,PROD_92,3,2026-01-10 16:07:20
18016,CUST_25,PROD_72,5,2026-01-15 04:42:28
18017,CUST_118,PROD_84,1,2026-01-12 12:35:14
18018,CUST_275,PROD_49,1,2026-01-20 18:59:26
18019,CUST_80,PROD_55,3,2026-01-04 05:43:34
18020,CUST_165,PROD_90,3,2026-01-07 10:58:54
18021,CUST_79,PROD_57,1,2026-01-21 06:14:56
18022,CUST_277,PROD_86,3,2026-01-22 11:13:45
18023,CUST_228,PROD_89,2,2026-01-20 18:13:21
18024,CUST_202,PROD_85,3,2025-12-31 09:28:48
18025,CUST_296,PROD_11,4,2026-01-14 06:09:31
18026,CUST_317,PROD_52,5,2026-01-12 09:39:32
18027,CUST_31,PROD_59,1,2026-01-06 08:23:35
18028,CUST_437,PROD_95,4,2025-12-30 01:34:55
18029,CUST_99,PROD_11,5,2026-01-27 07:03:27
18030,CUST_481,PROD_43,1,2026-01-26 14:25:02
18031,CUST_112,PROD_45,5,2026-01-22 16:21:19
18032,CUST_164,PROD_51,3,2026-01-20 21:15:08
18033,CUST_301,PROD_86,5,2026-01-05 16:40:29
18034,CUST_206,PROD_92,4,2026-01-16 00:10:28
18035,CUST_23,PROD_91,1,2026-01-06 22:02:30
18036,CUST_323,PROD_68,5,2026-01-21 08:45:29
18037,CUST_168,PROD_42,3,2026-01-24 11:50:41
18038,CUST_398,PROD_74,4,2026-01-02 09:38:35
18039,CUST_464,PROD_52,5,2026-01-20 04:59:56
18040,CUST_191,PROD_30,4,2026-01-13 17:12:26
18041,CUST_424,PROD_8,5,2026-01-22 20:23:39
18042,CUST_459,PROD_14,5,2025-12-29 02:05:43
18043,CUST_89,PROD_34,3,2026-01-08 23:27:50
18044,CUST_278,PROD_19,5,2026-01-07 01:10:10
18045,CUST_201,PROD_30,2,2026-01-19 14:24:49
18046,CUST_361,PROD_46,3,2026-01-04 02:30:31
18047,CUST_169,PROD_69,1,2026-01-20 21:40:35
18048,CUST_341,PROD_56,5,2026-01-06 03:19:27
18049,CUST_184,PROD_3,1,2026-01-01 05:51:00
18050,CUST_151,PROD_3,3,2026-01-25 18:39:14
18051,CUST_307,PROD_11,4,2026-01-26 22:32:49
18052,CUST_125,PROD_50,5,2026-01-17 12:10:44
18053,CUST_360,PROD_39,3,2026-01-20 12:22:45
18054,CUST_275,PROD_12,2,2026-01-07 01:49:48
18055,CUST_21,PROD_3,5,2026-01-05 08:04:02
18056,CUST_461,PROD_28,4,2026-01-17 16:30:11
18057,CUST_13,PROD_5,4,2026-01-03 03:25:28
18058,CUST_305,PROD_68,2,2025-12-29 21:47:25
18059,CUST_108,PROD_92,2,2026-01-18 15:49:06
18060,CUST_53,PROD_70,1,2026-01-27 10:58:54
18061,CUST_5,PROD_27,3,2026-01-03 13:35:15
18062,CUST_87,PROD_81,1,2026-01-19 21:33:00
18063,CUST_482,PROD_5,5,2026-01-10 09:14:42
18064,CUST_67,PROD_37,1,2026-01-10 01:38:20
18065,CUST_111,PROD_33,3,2025-12-29 06:28:11
18066,CUST_324,PROD_89,5,2026-01-25 01:13:29
18067,CUST_150,PROD_60,2,2025-12-31 05:07:21
18068,CUST_10,PROD_74,4,2026-01-18 07:09:30
18069,CUST_484,PROD_17,2,2026-01-23 13:23:32
18070,CUST_180,PROD_89,2,2026-01-11 17:40:46
18071,CUST_365,PROD_51,5,2026-01-21 19:43:49
18072,CUST_413,PROD_74,2,2026-01-08 22:19:15
18073,CUST_474,PROD_56,2,2025-12-30 03:16:18
18074,CUST_195,PROD_80,4,2026-01-23 11:07:55
18075,CUST_133,PROD_32,2,2026-01-22 08:37:56
18076,CUST_477,PROD_74,2,2026-01-19 08:01:22
18077,CUST_303,PROD_25,4,2026-01-14 06:47:24
18078,CUST_5,PROD_97,5,2026-01-26 01:48:41
18079,CUST_432,PROD_44,2,2026-01-23 13:39:19
18080,CUST_131,PROD_56,3,2026-01-15 23:20:03
18081,CUST_318,PROD_84,2,2026-01-01 14:04:05
18082,CUST_106,PROD_63,4,2026-01-06 13:26:25
18083,CUST_390,PROD_92,5,2026-01-09 12:18:56
18084,CUST_442,PROD_89,3,2026-01-14 07:41:56
18085,CUST_309,PROD_27,4,2026-01-01 18:44:29
18086,CUST_315,PROD_28,2,2026-01-19 04:11:45
18087,CUST_470,PROD_53,4,2026-01-12 01:22:51
18088,CUST_283,PROD_86,2,2026-01-20 07:03:05
18089,CUST_346,PROD_2,2,2026-01-26 08:03:09
18090,CUST_472,PROD_50,1,2026-01-10 19:06:14
18091,CUST_340,PROD_46,1,2026-01-18 17:14:52
18092,CUST_189,PROD_97,5,2026-01-15 00:40:25
18093,CUST_376,PROD_73,2,2025-12-29 15:52:45
18094,CUST_219,PROD_6,2,2026-01-24 16:43:19
18095,CUST_348,PROD_73,1,2026-01-16 08:30:26
18096,CUST_469,PROD_33,2,2026-01-20 22:23:12
18097,CUST_355,PROD_23,5,2026-01-08 09:33:10
18098,CUST_466,PROD_69,2,2026-01-05 15:32:39
18099,CUST_366,PROD_89,4,2026-01-16 08:45:11
18100,CUST_371,PROD_29,3,2026-01-25 19:48:00
18101,CUST_9,PROD_99,2,2026-01-11 21:15:27
18102,CUST_9,PROD_67,2,2026-01-19 05:46:45
18103,CUST_41,PROD_73,4,2026-01-03 14:14:38
18104,CUST_274,PROD_94,3,2026-01-06 12:19:34
18105,CUST_328,PROD_96,5,2026-01-03 15:38:51
18106,CUST_283,PROD_76,1,2026-01-26 21:09:15
18107,CUST_458,PROD_13,1,2026-01-21 16:19:18
18108,CUST_207,PROD_61,2,2026-01-24 14:27:27
18109,CUST_438,PROD_57,3,2025-12-31 20:06:30
18110,CUST_347,PROD_41,3,2026-01-22 19:13:11
18111,CUST_358,PROD_75,2,2026-01-05 12:10:17
18112,CUST_407,PROD_27,2,2026-01-09 21:12:04
18113,CUST_201,PROD_41,3,2025-12-29 09:13:36
18114,CUST_193,PROD_3,2,2026-01-07 15:19:08
18115,CUST_297,PROD_58,5,2025-12-29 22:37:08
18116,CUST_253,PROD_17,3,2026-01-06 18:02:39
18117,CUST_161,PROD_76,3,2026-01-27 01:02:24
18118,CUST_148,PROD_41,1,2026-01-09 22:01:09
18119,CUST_387,PROD_72,4,2026-01-10 01:06:56
18120,CUST_433,PROD_28,2,2026-01-22 18:12:51
18121,CUST_312,PROD_91,1,2026-01-03 21:10:12
18122,CUST_135,PROD_64,5,2026-01-14 15:25:22
18123,CUST_486,PROD_31,3,2026-01-21 17:21:58
18124,CUST_354,PROD_60,3,2026-01-05 12:20:38
18125,CUST_487,PROD_55,2,2026-01-16 00:26:10
18126,CUST_173,PROD_16,1,2026-01-11 07:43:41
18127,CUST_230,PROD_78,2,2026-01-07 03:59:19
18128,CUST_2,PROD_27,5,2026-01-19 21:16:22
18129,CUST_86,PROD_74,4,2026-01-03 10:30:43
18130,CUST_188,PROD_64,4,2025-12-30 14:30:03
18131,CUST_66,PROD_75,5,2026-01-10 23:16:15
18132,CUST_476,PROD_53,2,2026-01-09 17:48:13
18133,CUST_249,PROD_36,3,2026-01-08 20:59:29
18134,CUST_423,PROD_80,4,2026-01-15 18:25:13
18135,CUST_29,PROD_87,3,2025-12-31 06:40:19
18136,CUST_244,PROD_35,5,2026-01-07 17:08:38
18137,CUST_483,PROD_78,2,2026-01-13 03:13:03
18138,CUST_130,PROD_30,4,2026-01-13 11:16:08
18139,CUST_349,PROD_20,1,2026-01-14 04:28:47
18140,CUST_127,PROD_52,2,2025-12-30 07:28:01
18141,CUST_269,PROD_88,1,2026-01-14 14:23:34
18142,CUST_116,PROD_45,4,2026-01-04 21:30:01
18143,CUST_34,PROD_33,2,2026-01-15 12:19:07
18144,CUST_40,PROD_20,2,2026-01-14 14:05:41
18145,CUST_194,PROD_81,1,2026-01-10 18:24:47
18146,CUST_258,PROD_15,4,2026-01-11 10:40:47
18147,CUST_399,PROD_93,5,2026-01-26 21:20:49
18148,CUST_469,PROD_37,5,2026-01-09 01:23:20
18149,CUST_211,PROD_67,5,2025-12-30 15:41:26
18150,CUST_162,PROD_91,5,2026-01-05 13:55:13
18151,CUST_120,PROD_63,2,2026-01-07 09:06:34
18152,CUST_491,PROD_39,3,2026-01-26 12:10:06
18153,CUST_381,PROD_3,4,2026-01-26 15:11:06
18154,CUST_387,PROD_84,2,2026-01-26 03:43:55
18155,CUST_138,PROD_99,3,2026-01-16 13:38:15
18156,CUST_342,PROD_62,1,2026-01-01 23:02:20
18157,CUST_466,PROD_71,1,2025-12-31 13:54:18
18158,CUST_405,PROD_68,1,2026-01-20 12:28:31
18159,CUST_266,PROD_8,4,2026-01-18 14:18:45
18160,CUST_459,PROD_3,2,2025-12-31 22:47:12
18161,CUST_201,PROD_22,5,2026-01-27 12:29:42
18162,CUST_160,PROD_15,2,2025-12-31 13:37:24
18163,CUST_405,PROD_19,3,2026-01-07 20:01:23
18164,CUST_485,PROD_84,3,2026-01-22 17:31:44
18165,CUST_246,PROD_60,5,2025-12-30 15:34:12
18166,CUST_67,PROD_36,2,2026-01-16 06:40:38
18167,CUST_85,PROD_29,3,2026-01-15 00:09:34
18168,CUST_288,PROD_3,2,2026-01-02 04:49:59
18169,CUST_68,PROD_11,3,2025-12-31 17:23:20
18170,CUST_271,PROD_19,3,2026-01-07 15:32:56
18171,CUST_281,PROD_22,5,2026-01-01 12:22:05
18172,CUST_338,PROD_63,3,2026-01-26 23:40:30
18173,CUST_95,PROD_51,1,2026-01-04 23:08:20
18174,CUST_192,PROD_28,3,2026-01-07 13:23:59
18175,CUST_181,PROD_83,2,2026-01-04 10:47:47
18176,CUST_105,PROD_6,3,2026-01-21 05:58:43
18177,CUST_22,PROD_85,3,2026-01-08 21:01:03
18178,CUST_391,PROD_89,2,2026-01-11 19:44:31
18179,CUST_84,PROD_48,4,2025-12-28 21:00:39
18180,CUST_218,PROD_48,2,2026-01-27 01:19:00
18181,CUST_56,PROD_29,2,2026-01-21 22:22:44
18182,CUST_410,PROD_6,3,2026-01-26 23:19:13
18183,CUST_253,PROD_83,4,2025-12-31 07:01:03
18184,CUST_364,PROD_7,1,2026-01-25 10:53:06
18185,CUST_234,PROD_22,3,2026-01-08 05:12:21
18186,CUST_145,PROD_60,4,2026-01-13 08:10:28
18187,CUST_308,PROD_31,3,2026-01-18 00:50:52
18188,CUST_179,PROD_53,2,2026-01-02 08:07:09
18189,CUST_164,PROD_60,3,2026-01-16 08:10:40
18190,CUST_410,PROD_69,4,2026-01-08 11:20:53
18191,CUST_378,PROD_1,3,2026-01-04 15:17:15
18192,CUST_106,PROD_44,4,2026-01-04 03:49:18
18193,CUST_380,PROD_43,4,2026-01-27 13:38:28
18194,CUST_441,PROD_79,2,2026-01-13 12:59:59
18195,CUST_97,PROD_60,4,2026-01-20 03:38:24
18196,CUST_83,PROD_3,3,2026-01-27 18:03:08
18197,CUST_302,PROD_90,2,2026-01-24 03:10:02
18198,CUST_291,PROD_45,2,2026-01-21 19:21:01
18199,CUST_100,PROD_84,3,2026-01-25 02:33:54
18200,CUST_397,PROD_51,2,2026-01-08 22:03:41
18201,CUST_88,PROD_87,5,2026-01-25 13:28:01
18202,CUST_12,PROD_95,3,2026-01-03 00:18:46
18203,CUST_435,PROD_36,4,2026-01-23 16:57:31
18204,CUST_43,PROD_72,4,2026-01-08 15:20:27
18205,CUST_100,PROD_77,4,2025-12-30 15:07:08
18206,CUST_37,PROD_71,3,2026-01-10 01:47:45
18207,CUST_452,PROD_26,2,2026-01-14 08:39:25
18208,CUST_465,PROD_94,4,2026-01-10 21:18:56
18209,CUST_152,PROD_18,4,2026-01-15 14:59:10
18210,CUST_308,PROD_96,4,2026-01-18 09:02:40
18211,CUST_494,PROD_4,1,2026-01-25 16:45:30
18212,CUST_354,PROD_61,4,2026-01-17 20:37:55
18213,CUST_157,PROD_53,1,2026-01-16 22:55:22
18214,CUST_92,PROD_15,1,2025-12-29 16:56:31
18215,CUST_294,PROD_10,1,2026-01-11 14:27:41
18216,CUST_280,PROD_53,3,2026-01-10 22:25:55
18217,CUST_329,PROD_47,3,2026-01-04 11:47:46
18218,CUST_358,PROD_22,3,2026-01-20 07:26:20
18219,CUST_154,PROD_3,1,2026-01-17 06:47:48
18220,CUST_68,PROD_56,5,2026-01-10 09:19:59
18221,CUST_265,PROD_74,3,2026-01-13 05:59:14
18222,CUST_339,PROD_85,1,2026-01-03 11:48:28
18223,CUST_220,PROD_88,1,2026-01-17 06:30:58
18224,CUST_363,PROD_97,2,2026-01-14 16:06:49
18225,CUST_139,PROD_85,5,2026-01-25 05:17:11
18226,CUST_470,PROD_11,3,2025-12-28 21:49:18
18227,CUST_105,PROD_25,4,2026-01-13 20:01:24
18228,CUST_313,PROD_32,3,2026-01-13 22:46:42
18229,CUST_271,PROD_29,5,2026-01-18 16:43:49
18230,CUST_172,PROD_86,5,2026-01-02 12:07:22
18231,CUST_470,PROD_79,3,2026-01-10 02:48:04
18232,CUST_252,PROD_39,1,2026-01-06 10:30:16
18233,CUST_400,PROD_60,3,2026-01-03 11:32:34
18234,CUST_8,PROD_82,2,2026-01-25 19:58:13
18235,CUST_363,PROD_10,5,2026-01-24 20:37:56
18236,CUST_8,PROD_64,5,2025-12-31 23:45:28
18237,CUST_240,PROD_13,4,2026-01-09 02:42:59
18238,CUST_83,PROD_62,1,2026-01-05 22:13:58
18239,CUST_107,PROD_19,1,2026-01-02 13:56:46
18240,CUST_252,PROD_91,5,2026-01-16 13:03:38
18241,CUST_58,PROD_72,4,2026-01-09 17:16:48
18242,CUST_61,PROD_81,2,2026-01-10 00:52:35
18243,CUST_486,PROD_88,3,2026-01-18 16:53:06
18244,CUST_263,PROD_20,1,2026-01-07 14:20:10
18245,CUST_308,PROD_10,2,2026-01-11 01:13:04
18246,CUST_33,PROD_38,3,2026-01-24 00:20:32
18247,CUST_77,PROD_91,4,2026-01-20 01:10:53
18248,CUST_322,PROD_86,1,2026-01-17 23:38:27
18249,CUST_338,PROD_5,4,2026-01-25 03:02:12
18250,CUST_337,PROD_79,1,2026-01-02 08:13:46
18251,CUST_25,PROD_38,1,2026-01-20 07:42:59
18252,CUST_114,PROD_94,3,2025-12-30 01:39:02
18253,CUST_215,PROD_94,5,2026-01-09 04:18:25
18254,CUST_144,PROD_71,3,2025-12-30 18:56:43
18255,CUST_382,PROD_47,1,2026-01-27 09:19:20
18256,CUST_45,PROD_3,1,2026-01-25 01:52:25
18257,CUST_288,PROD_59,4,2026-01-11 11:12:04
18258,CUST_254,PROD_80,2,2025-12-29 18:10:27
18259,CUST_447,PROD_85,1,2026-01-11 00:37:31
18260,CUST_436,PROD_39,1,2026-01-25 20:40:16
18261,CUST_241,PROD_73,3,2026-01-01 17:50:10
18262,CUST_460,PROD_51,4,2026-01-15 14:44:55
18263,CUST_36,PROD_30,3,2026-01-08 07:55:11
18264,CUST_473,PROD_73,2,2025-12-31 07:24:22
18265,CUST_454,PROD_87,2,2026-01-22 22:22:00
18266,CUST_177,PROD_57,4,2026-01-07 23:04:06
18267,CUST_414,PROD_63,3,2026-01-16 09:51:17
18268,CUST_333,PROD_60,4,2026-01-15 08:02:07
18269,CUST_314,PROD_67,4,2026-01-23 03:28:21
18270,CUST_21,PROD_10,2,2026-01-20 20:17:02
18271,CUST_62,PROD_46,5,2026-01-09 00:18:45
18272,CUST_103,PROD_82,2,2026-01-06 14:37:38
18273,CUST_2,PROD_53,4,2026-01-01 14:58:52
18274,CUST_460,PROD_46,4,2026-01-15 09:52:40
18275,CUST_497,PROD_32,4,2026-01-15 14:35:57
18276,CUST_342,PROD_62,2,2025-12-30 18:02:56
18277,CUST_461,PROD_27,3,2026-01-21 17:43:42
18278,CUST_47,PROD_21,2,2026-01-09 10:36:03
18279,CUST_401,PROD_76,5,2026-01-06 22:14:12
18280,CUST_451,PROD_53,5,2026-01-22 06:43:57
18281,CUST_323,PROD_100,1,2026-01-03 11:37:58
18282,CUST_405,PROD_92,1,2026-01-07 20:28:44
18283,CUST_151,PROD_40,4,2026-01-14 19:25:50
18284,CUST_417,PROD_19,4,2026-01-17 07:28:12
18285,CUST_107,PROD_4,4,2026-01-21 10:32:41
18286,CUST_495,PROD_29,5,2026-01-10 13:38:05
18287,CUST_209,PROD_2,2,2026-01-10 18:07:21
18288,CUST_49,PROD_31,4,2026-01-13 01:36:56
18289,CUST_147,PROD_44,3,2026-01-18 02:32:55
18290,CUST_32,PROD_27,1,2025-12-30 22:01:39
18291,CUST_230,PROD_64,4,2026-01-05 20:17:22
18292,CUST_261,PROD_42,5,2025-12-30 17:16:59
18293,CUST_95,PROD_47,4,2026-01-24 04:13:01
18294,CUST_265,PROD_52,5,2026-01-27 15:28:41
18295,CUST_99,PROD_66,1,2026-01-21 02:17:33
18296,CUST_96,PROD_67,4,2026-01-21 14:18:34
18297,CUST_396,PROD_79,4,2026-01-18 23:56:14
18298,CUST_235,PROD_19,2,2026-01-19 08:44:12
18299,CUST_468,PROD_84,2,2026-01-11 23:01:12
18300,CUST_329,PROD_33,3,2026-01-18 07:13:53
18301,CUST_288,PROD_23,2,2025-12-29 21:50:08
18302,CUST_215,PROD_10,5,2026-01-20 08:17:49
18303,CUST_91,PROD_82,1,2026-01-23 11:29:17
18304,CUST_219,PROD_71,4,2026-01-25 17:10:05
18305,CUST_172,PROD_9,1,2026-01-02 01:14:10
18306,CUST_76,PROD_35,5,2026-01-17 04:59:45
18307,CUST_212,PROD_64,1,2026-01-19 12:05:17
18308,CUST_390,PROD_83,5,2026-01-14 20:02:09
18309,CUST_44,PROD_75,2,2025-12-29 16:14:25
18310,CUST_49,PROD_35,3,2026-01-05 17:33:34
18311,CUST_95,PROD_65,2,2026-01-07 16:08:59
18312,CUST_232,PROD_96,4,2026-01-03 06:59:32
18313,CUST_385,PROD_36,1,2026-01-14 14:03:56
18314,CUST_500,PROD_31,1,2026-01-26 19:11:00
18315,CUST_194,PROD_75,5,2026-01-08 07:49:59
18316,CUST_200,PROD_64,2,2026-01-09 19:16:49
18317,CUST_113,PROD_92,2,2026-01-04 02:08:19
18318,CUST_28,PROD_17,3,2026-01-09 21:41:14
18319,CUST_15,PROD_54,2,2025-12-31 21:05:03
18320,CUST_216,PROD_13,4,2025-12-30 08:41:53
18321,CUST_234,PROD_100,2,2026-01-13 00:48:15
18322,CUST_173,PROD_28,1,2026-01-05 07:50:37
18323,CUST_382,PROD_66,5,2026-01-15 06:42:50
18324,CUST_146,PROD_87,5,2025-12-28 18:49:12
18325,CUST_221,PROD_72,3,2026-01-11 03:33:00
18326,CUST_133,PROD_100,3,2026-01-11 07:22:25
18327,CUST_292,PROD_46,3,2026-01-10 20:27:45
18328,CUST_252,PROD_85,4,2026-01-02 23:40:56
18329,CUST_86,PROD_98,3,2026-01-07 07:09:39
18330,CUST_377,PROD_39,1,2026-01-08 16:36:18
18331,CUST_36,PROD_78,5,2026-01-09 20:07:09
18332,CUST_291,PROD_93,4,2026-01-05 19:24:21
18333,CUST_254,PROD_43,1,2026-01-22 03:38:10
18334,CUST_15,PROD_54,1,2026-01-11 11:36:10
18335,CUST_365,PROD_23,3,2026-01-26 12:53:59
18336,CUST_316,PROD_88,3,2026-01-25 22:51:42
18337,CUST_471,PROD_6,4,2026-01-11 18:29:39
18338,CUST_251,PROD_5,1,2026-01-08 12:31:38
18339,CUST_253,PROD_32,1,2026-01-06 10:21:59
18340,CUST_1,PROD_46,5,2026-01-23 10:22:19
18341,CUST_435,PROD_78,1,2026-01-26 04:30:53
18342,CUST_376,PROD_60,1,2026-01-02 21:38:05
18343,CUST_197,PROD_98,4,2026-01-11 06:52:46
18344,CUST_173,PROD_98,2,2025-12-30 11:44:51
18345,CUST_308,PROD_98,4,2026-01-10 03:11:05
18346,CUST_285,PROD_30,5,2025-12-31 19:03:15
18347,CUST_492,PROD_80,2,2026-01-06 15:50:24
18348,CUST_298,PROD_27,1,2026-01-25 10:58:06
18349,CUST_498,PROD_51,3,2026-01-13 01:38:42
18350,CUST_340,PROD_93,4,2026-01-27 15:05:29
18351,CUST_245,PROD_94,3,2026-01-05 09:40:24
18352,CUST_299,PROD_49,5,2025-12-30 18:58:19
18353,CUST_318,PROD_32,2,2026-01-27 00:04:14
18354,CUST_320,PROD_25,3,2026-01-13 11:54:18
18355,CUST_295,PROD_22,5,2026-01-20 12:59:51
18356,CUST_130,PROD_12,1,2026-01-14 08:31:06
18357,CUST_446,PROD_24,2,2026-01-23 13:16:16
18358,CUST_3,PROD_7,2,2026-01-03 09:21:55
18359,CUST_208,PROD_7,4,2026-01-09 22:10:11
18360,CUST_253,PROD_60,1,2026-01-15 06:14:36
18361,CUST_300,PROD_70,3,2025-12-30 18:24:58
18362,CUST_18,PROD_31,3,2026-01-09 00:31:10
18363,CUST_11,PROD_91,2,2026-01-26 17:44:57
18364,CUST_378,PROD_93,2,2026-01-04 01:23:27
18365,CUST_90,PROD_41,5,2026-01-19 01:16:55
18366,CUST_29,PROD_91,3,2026-01-16 21:55:21
18367,CUST_372,PROD_100,3,2026-01-03 06:22:04
18368,CUST_425,PROD_10,1,2025-12-31 19:05:48
18369,CUST_9,PROD_48,3,2026-01-01 20:18:30
18370,CUST_319,PROD_78,2,2026-01-21 08:01:05
18371,CUST_234,PROD_29,2,2026-01-21 04:46:47
18372,CUST_90,PROD_91,4,2026-01-20 08:32:44
18373,CUST_407,PROD_68,5,2026-01-12 13:14:45
18374,CUST_119,PROD_7,2,2026-01-02 03:22:41
18375,CUST_326,PROD_23,5,2026-01-07 20:03:20
18376,CUST_455,PROD_21,5,2026-01-09 22:16:39
18377,CUST_208,PROD_63,1,2026-01-05 03:32:59
18378,CUST_377,PROD_62,5,2026-01-22 09:25:41
18379,CUST_219,PROD_10,4,2026-01-04 11:51:41
18380,CUST_104,PROD_36,1,2026-01-12 14:33:51
18381,CUST_161,PROD_93,4,2026-01-15 15:43:11
18382,CUST_147,PROD_49,4,2026-01-24 23:23:43
18383,CUST_417,PROD_39,2,2026-01-19 00:11:31
18384,CUST_106,PROD_23,1,2026-01-19 09:20:35
18385,CUST_143,PROD_76,4,2026-01-09 02:10:19
18386,CUST_69,PROD_51,1,2026-01-13 07:07:56
18387,CUST_493,PROD_6,4,2026-01-05 08:36:42
18388,CUST_340,PROD_91,2,2026-01-13 09:20:55
18389,CUST_282,PROD_24,4,2026-01-11 03:00:22
18390,CUST_500,PROD_22,1,2026-01-05 22:27:44
18391,CUST_400,PROD_44,4,2026-01-15 10:30:50
18392,CUST_433,PROD_26,4,2025-12-29 14:04:14
18393,CUST_183,PROD_24,4,2026-01-07 09:12:47
18394,CUST_417,PROD_69,5,2026-01-14 20:45:14
18395,CUST_134,PROD_3,2,2026-01-04 18:34:21
18396,CUST_110,PROD_65,2,2026-01-25 10:06:24
18397,CUST_244,PROD_98,5,2026-01-01 05:04:44
18398,CUST_268,PROD_36,4,2026-01-19 01:38:20
18399,CUST_29,PROD_95,3,2026-01-03 08:39:51
18400,CUST_176,PROD_19,4,2026-01-19 15:30:59
18401,CUST_34,PROD_54,4,2025-12-29 22:16:06
18402,CUST_60,PROD_40,5,2026-01-01 06:38:13
18403,CUST_422,PROD_38,4,2026-01-01 03:16:37
18404,CUST_228,PROD_83,4,2026-01-01 11:09:21
18405,CUST_336,PROD_73,5,2026-01-01 12:10:22
18406,CUST_372,PROD_46,2,2026-01-15 11:25:47
18407,CUST_28,PROD_75,1,2026-01-14 03:03:08
18408,CUST_395,PROD_56,2,2026-01-01 01:10:30
18409,CUST_178,PROD_67,1,2026-01-20 19:57:29
18410,CUST_211,PROD_71,5,2026-01-09 17:28:17
18411,CUST_120,PROD_18,5,2026-01-03 23:10:17
18412,CUST_8,PROD_68,2,2026-01-25 06:17:09
18413,CUST_272,PROD_52,4,2026-01-06 02:53:21
18414,CUST_143,PROD_94,1,2026-01-04 05:52:13
18415,CUST_390,PROD_57,3,2026-01-06 08:10:22
18416,CUST_123,PROD_31,3,2026-01-03 23:37:00
18417,CUST_202,PROD_57,4,2026-01-11 12:01:12
18418,CUST_387,PROD_4,4,2026-01-13 21:34:40
18419,CUST_266,PROD_91,1,2025-12-29 23:10:56
18420,CUST_281,PROD_14,5,2025-12-31 15:18:03
18421,CUST_195,PROD_49,4,2026-01-19 20:39:47
18422,CUST_492,PROD_31,1,2025-12-31 10:05:57
18423,CUST_340,PROD_40,5,2026-01-24 12:50:29
18424,CUST_460,PROD_90,2,2026-01-15 02:54:33
18425,CUST_59,PROD_11,4,2026-01-23 21:43:29
18426,CUST_161,PROD_59,1,2026-01-14 01:54:55
18427,CUST_266,PROD_56,1,2026-01-14 23:52:30
18428,CUST_475,PROD_6,4,2026-01-13 12:19:06
18429,CUST_285,PROD_29,2,2026-01-08 16:17:21
18430,CUST_387,PROD_14,2,2025-12-29 06:47:33
18431,CUST_39,PROD_29,1,2026-01-02 14:08:29
18432,CUST_444,PROD_28,3,2025-12-30 14:21:58
18433,CUST_42,PROD_74,4,2026-01-21 14:50:01
18434,CUST_187,PROD_8,4,2026-01-24 22:46:24
18435,CUST_196,PROD_46,2,2026-01-14 02:19:08
18436,CUST_135,PROD_68,4,2026-01-02 12:08:24
18437,CUST_359,PROD_68,4,2026-01-02 14:41:58
18438,CUST_18,PROD_11,5,2026-01-06 02:45:49
18439,CUST_87,PROD_58,2,2026-01-18 16:02:33
18440,CUST_112,PROD_68,3,2026-01-08 15:00:44
18441,CUST_47,PROD_84,5,2026-01-14 06:33:41
18442,CUST_217,PROD_4,3,2026-01-24 10:56:26
18443,CUST_146,PROD_16,1,2026-01-21 09:57:43
18444,CUST_360,PROD_96,5,2026-01-14 00:45:33
18445,CUST_53,PROD_16,1,2026-01-11 13:44:36
18446,CUST_433,PROD_93,2,2026-01-02 06:58:36
18447,CUST_454,PROD_65,5,2026-01-26 14:16:44
18448,CUST_283,PROD_33,3,2026-01-07 06:51:20
18449,CUST_4,PROD_14,2,2026-01-08 07:10:31
18450,CUST_296,PROD_28,1,2026-01-13 22:23:45
18451,CUST_310,PROD_19,3,2026-01-07 04:00:55
18452,CUST_460,PROD_3,3,2026-01-27 07:59:58
18453,CUST_26,PROD_19,3,2026-01-18 06:38:14
18454,CUST_164,PROD_96,5,2026-01-25 17:22:16
18455,CUST_275,PROD_96,4,2026-01-20 06:19:28
18456,CUST_13,PROD_93,4,2026-01-22 04:21:16
18457,CUST_26,PROD_73,1,2026-01-17 09:21:07
18458,CUST_220,PROD_4,4,2026-01-01 14:08:29
18459,CUST_60,PROD_91,3,2026-01-23 08:27:37
18460,CUST_194,PROD_48,5,2026-01-27 14:08:44
18461,CUST_461,PROD_50,5,2026-01-19 16:34:29
18462,CUST_416,PROD_94,4,2026-01-23 17:53:48
18463,CUST_29,PROD_30,4,2026-01-03 14:10:22
18464,CUST_48,PROD_54,3,2026-01-15 23:35:04
18465,CUST_162,PROD_32,5,2026-01-05 04:30:25
18466,CUST_207,PROD_80,3,2026-01-09 21:07:25
18467,CUST_186,PROD_52,5,2026-01-15 10:11:58
18468,CUST_393,PROD_2,2,2026-01-07 18:13:12
18469,CUST_113,PROD_32,4,2026-01-03 08:47:17
18470,CUST_337,PROD_13,4,2025-12-29 08:28:20
18471,CUST_266,PROD_60,4,2025-12-30 12:50:58
18472,CUST_20,PROD_66,2,2026-01-26 03:35:58
18473,CUST_291,PROD_40,3,2026-01-27 17:50:32
18474,CUST_342,PROD_60,3,2026-01-07 07:08:11
18475,CUST_89,PROD_28,2,2026-01-12 18:54:17
18476,CUST_407,PROD_19,5,2026-01-27 17:17:01
18477,CUST_427,PROD_28,4,2026-01-23 17:42:57
18478,CUST_258,PROD_1,1,2026-01-03 11:39:11
18479,CUST_215,PROD_94,3,2026-01-24 19:00:54
18480,CUST_209,PROD_8,5,2025-12-31 15:07:12
18481,CUST_172,PROD_77,2,2025-12-28 23:25:45
18482,CUST_324,PROD_71,3,2026-01-18 22:15:50
18483,CUST_201,PROD_73,4,2026-01-23 05:14:57
18484,CUST_399,PROD_1,5,2026-01-14 16:57:39
18485,CUST_391,PROD_25,1,2026-01-02 12:44:34
18486,CUST_426,PROD_45,3,2026-01-07 15:21:45
18487,CUST_473,PROD_57,4,2026-01-10 00:28:29
18488,CUST_253,PROD_16,2,2025-12-30 09:47:49
18489,CUST_14,PROD_38,1,2026-01-06 20:54:37
18490,CUST_239,PROD_4,3,2026-01-20 09:55:41
18491,CUST_76,PROD_91,4,2026-01-22 18:00:01
18492,CUST_204,PROD_5,3,2026-01-10 20:20:16
18493,CUST_78,PROD_34,4,2025-12-30 11:17:25
18494,CUST_57,PROD_88,5,2026-01-24 03:13:54
18495,CUST_337,PROD_61,2,2026-01-04 07:51:34
18496,CUST_152,PROD_17,4,2026-01-06 00:38:13
18497,CUST_17,PROD_1,1,2026-01-22 17:16:07
18498,CUST_176,PROD_81,5,2026-01-03 19:25:03
18499,CUST_159,PROD_24,3,2026-01-17 20:40:03
18500,CUST_289,PROD_9,1,2026-01-04 23:56:17
18501,CUST_36,PROD_19,2,2026-01-15 21:17:25
18502,CUST_36,PROD_25,5,2026-01-01 19:46:54
18503,CUST_279,PROD_30,1,2026-01-21 19:56:38
18504,CUST_217,PROD_3,2,2025-12-31 02:32:13
18505,CUST_141,PROD_3,3,2026-01-04 13:11:28
18506,CUST_62,PROD_60,4,2026-01-16 01:49:50
18507,CUST_142,PROD_71,1,2026-01-12 21:17:19
18508,CUST_282,PROD_94,4,2026-01-27 05:31:07
18509,CUST_144,PROD_47,5,2025-12-29 08:56:09
18510,CUST_205,PROD_88,2,2025-12-29 07:04:30
18511,CUST_99,PROD_5,5,2026-01-21 11:20:20
18512,CUST_302,PROD_97,3,2026-01-17 09:01:36
18513,CUST_38,PROD_100,3,2026-01-07 00:42:51
18514,CUST_154,PROD_98,4,2026-01-22 10:48:05
18515,CUST_444,PROD_47,2,2026-01-01 05:07:41
18516,CUST_51,PROD_19,3,2026-01-06 12:13:44
18517,CUST_140,PROD_71,5,2026-01-25 06:30:22
18518,CUST_184,PROD_73,5,2026-01-26 22:30:12
18519,CUST_100,PROD_48,2,2026-01-10 09:55:49
18520,CUST_464,PROD_24,1,2026-01-02 09:20:41
18521,CUST_68,PROD_60,1,2025-12-31 01:37:22
18522,CUST_490,PROD_52,3,2025-12-29 16:31:46
18523,CUST_118,PROD_95,1,2026-01-24 02:48:36
18524,CUST_337,PROD_8,1,2026-01-22 11:10:06
18525,CUST_398,PROD_37,1,2026-01-20 17:13:21
18526,CUST_444,PROD_30,4,2026-01-05 01:24:19
18527,CUST_475,PROD_10,1,2025-12-31 16:54:44
18528,CUST_428,PROD_38,4,2026-01-26 05:13:58
18529,CUST_378,PROD_44,2,2026-01-19 21:18:08
18530,CUST_477,PROD_38,5,2026-01-04 03:28:07
18531,CUST_178,PROD_25,3,2026-01-21 10:51:38
18532,CUST_255,PROD_85,2,2026-01-03 23:26:42
18533,CUST_404,PROD_13,3,2026-01-16 17:34:49
18534,CUST_69,PROD_82,1,2025-12-30 19:54:08
18535,CUST_162,PROD_57,4,2026-01-07 20:40:26
18536,CUST_87,PROD_100,3,2026-01-14 19:46:57
18537,CUST_164,PROD_31,1,2026-01-14 00:14:59
18538,CUST_14,PROD_76,5,2026-01-08 06:57:57
18539,CUST_55,PROD_87,2,2026-01-15 14:06:19
18540,CUST_175,PROD_100,1,2026-01-26 10:29:02
18541,CUST_247,PROD_36,4,2026-01-18 16:25:12
18542,CUST_411,PROD_8,5,2026-01-08 22:54:15
18543,CUST_78,PROD_88,2,2026-01-26 00:38:29
18544,CUST_289,PROD_14,4,2026-01-16 15:26:12
18545,CUST_82,PROD_89,1,2026-01-17 07:08:49
18546,CUST_333,PROD_31,3,2026-01-11 18:22:48
18547,CUST_454,PROD_66,2,2026-01-14 17:49:27
18548,CUST_248,PROD_48,3,2025-12-29 05:07:09
18549,CUST_300,PROD_17,2,2026-01-25 05:08:06
18550,CUST_35,PROD_33,2,2026-01-04 16:40:14
18551,CUST_227,PROD_63,3,2025-12-28 18:24:59
18552,CUST_111,PROD_22,3,2026-01-07 05:30:47
18553,CUST_261,PROD_65,2,2026-01-08 23:36:41
18554,CUST_428,PROD_68,3,2026-01-20 08:36:49
18555,CUST_42,PROD_44,4,2026-01-05 12:16:14
18556,CUST_4,PROD_60,5,2025-12-30 08:26:27
18557,CUST_244,PROD_5,1,2026-01-11 21:04:50
18558,CUST_54,PROD_30,2,2026-01-13 21:33:18
18559,CUST_353,PROD_97,3,2026-01-22 10:21:57
18560,CUST_131,PROD_28,2,2026-01-11 10:28:14
18561,CUST_375,PROD_81,3,2026-01-14 11:05:55
18562,CUST_219,PROD_11,1,2026-01-21 01:52:14
18563,CUST_3,PROD_57,5,2026-01-26 13:38:14
18564,CUST_113,PROD_67,2,2026-01-13 19:02:10
18565,CUST_1,PROD_59,2,2025-12-29 05:30:14
18566,CUST_239,PROD_37,5,2026-01-23 15:14:05
18567,CUST_147,PROD_28,4,2026-01-19 20:16:34
18568,CUST_319,PROD_2,2,2026-01-10 07:21:07
18569,CUST_490,PROD_72,3,2026-01-02 23:24:01
18570,CUST_57,PROD_40,4,2026-01-26 01:39:29
18571,CUST_425,PROD_75,4,2026-01-18 15:04:42
18572,CUST_426,PROD_32,5,2026-01-16 17:31:37
18573,CUST_416,PROD_53,5,2026-01-23 16:02:22
18574,CUST_353,PROD_11,3,2026-01-22 10:23:47
18575,CUST_188,PROD_41,1,2026-01-23 16:09:37
18576,CUST_310,PROD_83,1,2026-01-21 04:40:56
18577,CUST_228,PROD_70,1,2026-01-01 02:39:49
18578,CUST_164,PROD_81,2,2026-01-22 09:20:55
18579,CUST_443,PROD_74,1,2026-01-03 09:47:22
18580,CUST_231,PROD_47,2,2026-01-12 17:24:31
18581,CUST_39,PROD_42,3,2026-01-07 17:21:44
18582,CUST_262,PROD_71,3,2026-01-27 16:52:04
18583,CUST_316,PROD_31,3,2026-01-23 07:17:29
18584,CUST_490,PROD_41,2,2026-01-01 01:19:27
18585,CUST_129,PROD_47,5,2026-01-22 11:45:30
18586,CUST_319,PROD_20,1,2026-01-09 13:23:41
18587,CUST_106,PROD_79,3,2026-01-23 23:35:54
18588,CUST_422,PROD_90,4,2026-01-23 04:01:55
18589,CUST_405,PROD_42,4,2026-01-11 00:33:24
18590,CUST_371,PROD_92,1,2026-01-06 17:07:09
18591,CUST_245,PROD_79,2,2026-01-23 03:27:58
18592,CUST_184,PROD_100,3,2026-01-10 22:34:49
18593,CUST_299,PROD_82,5,2026-01-07 11:53:07
18594,CUST_169,PROD_81,3,2026-01-24 20:08:30
18595,CUST_452,PROD_47,1,2026-01-25 03:28:31
18596,CUST_131,PROD_76,2,2026-01-06 21:10:20
18597,CUST_65,PROD_82,4,2026-01-19 07:37:07
18598,CUST_394,PROD_27,2,2026-01-13 14:40:00
18599,CUST_241,PROD_19,1,2026-01-25 22:45:34
18600,CUST_233,PROD_4,3,2026-01-06 05:34:44
18601,CUST_164,PROD_19,1,2026-01-05 03:33:23
18602,CUST_40,PROD_43,1,2026-01-07 22:18:33
18603,CUST_20,PROD_18,1,2025-12-30 08:55:44
18604,CUST_64,PROD_97,2,2026-01-15 09:43:58
18605,CUST_292,PROD_73,1,2026-01-19 17:32:14
18606,CUST_364,PROD_87,1,2026-01-22 02:49:15
18607,CUST_399,PROD_1,2,2026-01-13 09:49:20
18608,CUST_260,PROD_46,3,2026-01-05 07:26:02
18609,CUST_195,PROD_94,4,2026-01-11 09:59:04
18610,CUST_124,PROD_5,1,2026-01-16 01:25:35
18611,CUST_203,PROD_61,2,2026-01-13 08:46:49
18612,CUST_352,PROD_20,2,2026-01-24 16:30:12
18613,CUST_103,PROD_70,4,2026-01-06 15:09:40
18614,CUST_161,PROD_42,3,2026-01-08 10:08:14
18615,CUST_37,PROD_67,2,2026-01-02 05:20:53
18616,CUST_482,PROD_25,1,2026-01-18 05:05:44
18617,CUST_281,PROD_95,3,2026-01-20 04:23:26
18618,CUST_162,PROD_88,4,2026-01-08 06:26:13
18619,CUST_364,PROD_14,1,2026-01-02 12:24:54
18620,CUST_161,PROD_8,1,2026-01-11 15:07:25
18621,CUST_234,PROD_94,4,2026-01-09 21:31:32
18622,CUST_462,PROD_25,2,2026-01-03 15:15:26
18623,CUST_74,PROD_25,2,2026-01-15 05:18:29
18624,CUST_246,PROD_12,2,2026-01-20 19:22:41
18625,CUST_163,PROD_72,1,2026-01-24 01:21:29
18626,CUST_338,PROD_12,1,2026-01-20 05:26:49
18627,CUST_459,PROD_34,5,2026-01-06 03:30:04
18628,CUST_97,PROD_74,1,2026-01-18 07:02:00
18629,CUST_140,PROD_24,5,2026-01-03 22:28:33
18630,CUST_177,PROD_7,4,2026-01-21 11:31:08
18631,CUST_287,PROD_23,3,2026-01-13 13:23:12
18632,CUST_207,PROD_1,1,2026-01-17 01:28:35
18633,CUST_124,PROD_27,5,2026-01-12 14:15:16
18634,CUST_331,PROD_90,2,2026-01-22 03:11:18
18635,CUST_444,PROD_6,2,2026-01-06 07:45:54
18636,CUST_479,PROD_5,1,2026-01-18 12:58:45
18637,CUST_131,PROD_37,5,2026-01-19 15:28:49
18638,CUST_486,PROD_1,2,2026-01-05 04:49:59
18639,CUST_267,PROD_35,4,2026-01-25 18:50:10
18640,CUST_218,PROD_66,4,2026-01-05 05:56:21
18641,CUST_278,PROD_68,3,2026-01-09 04:35:30
18642,CUST_59,PROD_26,5,2026-01-01 01:12:16
18643,CUST_203,PROD_49,1,2026-01-24 21:53:04
18644,CUST_216,PROD_33,3,2026-01-24 22:53:09
18645,CUST_241,PROD_4,2,2026-01-04 09:03:02
18646,CUST_205,PROD_39,1,2026-01-22 10:31:57
18647,CUST_338,PROD_75,1,2026-01-13 22:16:52
18648,CUST_113,PROD_47,5,2026-01-24 04:26:37
18649,CUST_471,PROD_88,3,2026-01-12 19:10:20
18650,CUST_491,PROD_10,1,2026-01-03 17:10:09
18651,CUST_255,PROD_25,3,2025-12-31 12:07:08
18652,CUST_214,PROD_20,3,2026-01-18 14:34:03
18653,CUST_194,PROD_56,1,2026-01-10 13:28:50
18654,CUST_400,PROD_62,1,2025-12-30 08:46:13
18655,CUST_235,PROD_5,5,2026-01-07 06:53:07
18656,CUST_185,PROD_69,1,2026-01-15 07:11:41
18657,CUST_173,PROD_85,1,2026-01-20 06:46:28
18658,CUST_165,PROD_82,2,2026-01-22 23:45:17
18659,CUST_140,PROD_87,4,2026-01-18 00:01:11
18660,CUST_345,PROD_83,4,2025-12-30 11:21:13
18661,CUST_456,PROD_91,3,2026-01-20 22:38:45
18662,CUST_92,PROD_21,5,2026-01-05 16:25:44
18663,CUST_155,PROD_95,1,2026-01-21 22:54:32
18664,CUST_450,PROD_83,4,2026-01-21 06:46:17
18665,CUST_372,PROD_88,5,2026-01-09 12:13:03
18666,CUST_267,PROD_36,1,2026-01-11 06:33:09
18667,CUST_144,PROD_32,3,2026-01-21 21:58:59
18668,CUST_414,PROD_38,4,2026-01-15 19:05:41
18669,CUST_94,PROD_52,4,2026-01-04 07:18:53
18670,CUST_467,PROD_42,2,2026-01-05 04:42:51
18671,CUST_177,PROD_47,5,2026-01-13 06:13:04
18672,CUST_167,PROD_67,2,2026-01-04 04:45:51
18673,CUST_10,PROD_81,1,2025-12-30 08:54:42
18674,CUST_423,PROD_56,5,2026-01-05 07:29:39
18675,CUST_376,PROD_40,3,2026-01-15 09:37:40
18676,CUST_59,PROD_90,1,2026-01-25 06:57:16
18677,CUST_286,PROD_66,4,2026-01-26 23:42:13
18678,CUST_500,PROD_45,3,2026-01-02 13:23:30
18679,CUST_215,PROD_60,3,2026-01-04 23:11:04
18680,CUST_64,PROD_8,1,2026-01-02 06:42:55
18681,CUST_27,PROD_22,4,2026-01-01 11:46:03
18682,CUST_99,PROD_11,3,2026-01-24 22:40:05
18683,CUST_192,PROD_70,3,2026-01-19 20:26:14
18684,CUST_267,PROD_64,5,2026-01-02 04:47:53
18685,CUST_60,PROD_35,2,2026-01-17 11:03:28
18686,CUST_419,PROD_68,1,2026-01-18 22:19:42
18687,CUST_404,PROD_55,2,2026-01-14 12:47:29
18688,CUST_382,PROD_96,5,2026-01-09 19:21:50
18689,CUST_408,PROD_66,5,2026-01-18 18:33:07
18690,CUST_227,PROD_17,3,2026-01-27 09:19:46
18691,CUST_125,PROD_25,2,2026-01-13 08:50:29
18692,CUST_354,PROD_50,5,2026-01-12 23:41:07
18693,CUST_191,PROD_45,5,2025-12-31 18:19:48
18694,CUST_16,PROD_38,2,2026-01-14 20:30:57
18695,CUST_344,PROD_13,2,2026-01-23 15:43:53
18696,CUST_480,PROD_70,4,2026-01-14 06:20:41
18697,CUST_159,PROD_55,2,2026-01-03 05:37:39
18698,CUST_1,PROD_33,4,2026-01-24 08:56:59
18699,CUST_114,PROD_83,1,2026-01-21 17:58:55
18700,CUST_373,PROD_56,3,2026-01-13 18:02:09
18701,CUST_1,PROD_41,2,2026-01-23 13:25:56
18702,CUST_309,PROD_84,2,2026-01-24 02:08:51
18703,CUST_487,PROD_10,1,2026-01-11 18:23:06
18704,CUST_97,PROD_91,1,2026-01-16 09:37:03
18705,CUST_307,PROD_8,5,2025-12-29 05:59:16
18706,CUST_487,PROD_15,5,2026-01-05 09:19:33
18707,CUST_96,PROD_3,5,2026-01-18 22:03:24
18708,CUST_89,PROD_72,2,2026-01-03 08:54:35
18709,CUST_390,PROD_63,5,2026-01-24 01:36:38
18710,CUST_161,PROD_58,2,2026-01-11 19:03:22
18711,CUST_35,PROD_65,4,2026-01-26 07:13:19
18712,CUST_40,PROD_98,4,2026-01-11 10:48:54
18713,CUST_12,PROD_92,3,2026-01-13 00:58:58
18714,CUST_89,PROD_26,5,2026-01-03 15:39:49
18715,CUST_76,PROD_79,1,2026-01-25 05:52:14
18716,CUST_182,PROD_69,3,2026-01-07 15:08:57
18717,CUST_10,PROD_89,5,2025-12-30 22:54:56
18718,CUST_338,PROD_80,4,2026-01-20 13:16:20
18719,CUST_100,PROD_67,5,2026-01-08 09:11:35
18720,CUST_255,PROD_35,2,2026-01-17 23:08:13
18721,CUST_143,PROD_27,4,2025-12-30 20:28:06
18722,CUST_77,PROD_86,3,2026-01-16 23:18:23
18723,CUST_57,PROD_6,4,2026-01-17 08:13:56
18724,CUST_486,PROD_41,4,2026-01-13 11:50:15
18725,CUST_110,PROD_2,5,2026-01-23 03:39:30
18726,CUST_476,PROD_75,5,2025-12-28 23:48:59
18727,CUST_276,PROD_1,3,2026-01-05 17:03:51
18728,CUST_69,PROD_63,1,2026-01-12 02:28:06
18729,CUST_95,PROD_12,5,2026-01-09 05:03:51
18730,CUST_215,PROD_89,2,2026-01-24 09:00:15
18731,CUST_256,PROD_78,4,2026-01-12 19:02:07
18732,CUST_346,PROD_25,1,2026-01-12 07:32:35
18733,CUST_277,PROD_47,1,2026-01-16 08:28:12
18734,CUST_177,PROD_24,2,2026-01-06 22:33:10
18735,CUST_112,PROD_60,1,2026-01-23 06:02:03
18736,CUST_489,PROD_86,5,2026-01-18 14:26:35
18737,CUST_201,PROD_38,1,2026-01-18 15:07:48
18738,CUST_142,PROD_84,4,2026-01-18 01:21:39
18739,CUST_297,PROD_44,1,2026-01-24 20:51:42
18740,CUST_438,PROD_2,3,2026-01-08 03:09:11
18741,CUST_62,PROD_52,3,2026-01-15 19:57:05
18742,CUST_10,PROD_48,3,2026-01-04 03:41:54
18743,CUST_427,PROD_96,5,2026-01-14 22:24:25
18744,CUST_93,PROD_55,3,2026-01-17 01:04:30
18745,CUST_164,PROD_7,5,2026-01-15 09:51:02
18746,CUST_139,PROD_28,5,2026-01-02 21:39:26
18747,CUST_262,PROD_6,4,2026-01-16 02:39:14
18748,CUST_421,PROD_66,2,2026-01-03 05:46:07
18749,CUST_321,PROD_38,1,2025-12-29 01:54:57
18750,CUST_265,PROD_88,2,2026-01-24 20:11:07
18751,CUST_99,PROD_68,5,2025-12-31 02:36:52
18752,CUST_122,PROD_53,1,2026-01-17 17:32:02
18753,CUST_205,PROD_84,3,2026-01-11 02:26:57
18754,CUST_164,PROD_28,4,2026-01-10 00:37:26
18755,CUST_207,PROD_20,4,2026-01-04 07:09:14
18756,CUST_160,PROD_85,2,2025-12-30 06:16:40
18757,CUST_404,PROD_54,5,2026-01-17 01:45:46
18758,CUST_1,PROD_85,5,2026-01-23 09:42:22
18759,CUST_39,PROD_32,1,2026-01-19 13:42:28
18760,CUST_5,PROD_63,2,2026-01-03 05:51:48
18761,CUST_29,PROD_15,4,2026-01-25 19:07:09
18762,CUST_167,PROD_77,3,2025-12-29 20:30:01
18763,CUST_162,PROD_35,1,2026-01-25 21:40:42
18764,CUST_481,PROD_39,5,2026-01-25 21:10:50
18765,CUST_445,PROD_27,2,2026-01-17 06:24:35
18766,CUST_265,PROD_77,2,2026-01-09 12:55:16
18767,CUST_459,PROD_21,5,2026-01-01 20:14:11
18768,CUST_409,PROD_40,2,2026-01-19 21:16:30
18769,CUST_453,PROD_21,4,2026-01-04 00:09:25
18770,CUST_325,PROD_55,4,2026-01-26 18:22:04
18771,CUST_245,PROD_3,5,2026-01-13 07:43:12
18772,CUST_391,PROD_62,3,2026-01-20 14:37:41
18773,CUST_444,PROD_18,2,2026-01-17 17:39:12
18774,CUST_471,PROD_85,4,2026-01-12 09:35:44
18775,CUST_168,PROD_47,5,2026-01-04 03:45:59
18776,CUST_165,PROD_95,3,2026-01-26 10:40:56
18777,CUST_56,PROD_16,4,2026-01-13 11:34:58
18778,CUST_479,PROD_36,5,2026-01-25 05:58:18
18779,CUST_225,PROD_81,3,2026-01-27 07:39:25
18780,CUST_375,PROD_26,2,2026-01-23 20:00:48
18781,CUST_474,PROD_83,3,2026-01-10 01:07:06
18782,CUST_370,PROD_7,2,2026-01-18 02:28:11
18783,CUST_464,PROD_58,4,2025-12-29 00:32:51
18784,CUST_148,PROD_67,3,2026-01-24 01:59:49
18785,CUST_278,PROD_33,2,2026-01-09 17:27:16
18786,CUST_133,PROD_70,3,2026-01-13 02:47:46
18787,CUST_324,PROD_29,4,2026-01-18 11:25:48
18788,CUST_218,PROD_76,4,2026-01-15 01:00:36
18789,CUST_133,PROD_70,4,2026-01-18 17:52:52
18790,CUST_480,PROD_42,1,2026-01-18 18:33:52
18791,CUST_417,PROD_35,2,2026-01-23 23:02:03
18792,CUST_170,PROD_96,1,2026-01-23 07:18:17
18793,CUST_424,PROD_1,1,2026-01-26 21:24:15
18794,CUST_132,PROD_33,3,2026-01-03 18:52:18
18795,CUST_477,PROD_21,5,2026-01-25 09:40:31
18796,CUST_321,PROD_30,2,2026-01-14 20:14:32
18797,CUST_84,PROD_57,4,2026-01-04 03:34:07
18798,CUST_457,PROD_35,4,2026-01-09 02:34:51
18799,CUST_305,PROD_51,1,2026-01-12 04:47:07
18800,CUST_233,PROD_44,4,2025-12-31 17:06:34
18801,CUST_117,PROD_100,2,2026-01-14 08:44:51
18802,CUST_143,PROD_56,1,2026-01-15 03:00:17
18803,CUST_378,PROD_93,1,2025-12-30 20:05:41
18804,CUST_214,PROD_53,2,2026-01-04 16:32:50
18805,CUST_140,PROD_41,5,2026-01-01 07:48:06
18806,CUST_490,PROD_68,4,2026-01-16 16:48:58
18807,CUST_391,PROD_52,3,2026-01-18 15:42:43
18808,CUST_324,PROD_16,1,2026-01-16 14:39:08
18809,CUST_205,PROD_98,4,2026-01-02 10:58:05
18810,CUST_177,PROD_18,4,2026-01-09 07:29:06
18811,CUST_107,PROD_10,3,2026-01-26 19:04:02
18812,CUST_472,PROD_98,5,2026-01-16 19:11:31
18813,CUST_27,PROD_31,1,2026-01-07 18:28:06
18814,CUST_93,PROD_11,5,2026-01-01 17:40:25
18815,CUST_292,PROD_16,2,2025-12-30 14:43:54
18816,CUST_25,PROD_4,3,2026-01-09 01:19:06
18817,CUST_471,PROD_68,2,2026-01-15 13:23:38
18818,CUST_226,PROD_10,1,2026-01-10 04:12:07
18819,CUST_206,PROD_91,1,2026-01-26 11:54:55
18820,CUST_209,PROD_37,5,2026-01-01 00:26:46
18821,CUST_74,PROD_67,2,2026-01-04 13:05:10
18822,CUST_439,PROD_95,2,2026-01-12 05:42:50
18823,CUST_289,PROD_55,4,2025-12-31 17:28:00
18824,CUST_281,PROD_96,1,2026-01-08 05:12:12
18825,CUST_54,PROD_68,5,2026-01-24 07:44:47
18826,CUST_414,PROD_38,5,2025-12-29 01:22:19
18827,CUST_327,PROD_87,5,2026-01-11 03:35:03
18828,CUST_270,PROD_3,2,2026-01-19 14:26:15
18829,CUST_114,PROD_4,3,2026-01-11 14:57:59
18830,CUST_15,PROD_43,2,2026-01-27 00:09:22
18831,CUST_40,PROD_77,4,2026-01-09 03:15:50
18832,CUST_221,PROD_25,2,2026-01-24 21:12:50
18833,CUST_256,PROD_24,4,2026-01-01 02:53:50
18834,CUST_421,PROD_67,4,2026-01-15 20:24:36
18835,CUST_405,PROD_41,4,2026-01-21 04:02:51
18836,CUST_248,PROD_12,1,2026-01-19 00:40:25
18837,CUST_72,PROD_53,3,2026-01-02 08:52:46
18838,CUST_169,PROD_51,1,2026-01-07 12:49:06
18839,CUST_407,PROD_84,5,2026-01-09 16:10:00
18840,CUST_438,PROD_4,3,2026-01-26 11:09:24
18841,CUST_455,PROD_29,2,2025-12-30 10:12:32
18842,CUST_345,PROD_51,3,2026-01-26 10:45:40
18843,CUST_36,PROD_35,1,2026-01-11 16:56:21
18844,CUST_196,PROD_27,4,2026-01-13 14:33:34
18845,CUST_205,PROD_35,3,2026-01-06 18:57:33
18846,CUST_49,PROD_22,1,2026-01-24 00:43:29
18847,CUST_66,PROD_83,3,2026-01-14 10:50:35
18848,CUST_321,PROD_14,1,2026-01-09 09:12:36
18849,CUST_135,PROD_67,4,2026-01-02 21:08:40
18850,CUST_110,PROD_43,2,2026-01-26 04:43:20
18851,CUST_56,PROD_30,2,2026-01-07 21:27:51
18852,CUST_98,PROD_100,4,2026-01-16 10:33:38
18853,CUST_315,PROD_26,4,2026-01-24 18:18:15
18854,CUST_394,PROD_74,4,2026-01-21 15:54:47
18855,CUST_326,PROD_13,5,2026-01-18 20:38:55
18856,CUST_60,PROD_23,3,2026-01-04 10:10:18
18857,CUST_63,PROD_93,2,2026-01-03 14:22:36
18858,CUST_103,PROD_99,5,2026-01-01 10:58:41
18859,CUST_377,PROD_73,4,2026-01-03 19:30:06
18860,CUST_18,PROD_71,2,2026-01-11 05:36:21
18861,CUST_227,PROD_47,2,2026-01-10 11:24:12
18862,CUST_302,PROD_82,5,2026-01-18 22:56:04
18863,CUST_47,PROD_44,5,2026-01-09 02:08:07
18864,CUST_105,PROD_6,1,2026-01-13 07:43:01
18865,CUST_181,PROD_3,5,2026-01-02 16:46:46
18866,CUST_81,PROD_93,2,2026-01-22 06:32:02
18867,CUST_117,PROD_41,5,2026-01-07 08:41:11
18868,CUST_482,PROD_47,2,2026-01-04 04:11:48
18869,CUST_68,PROD_13,1,2026-01-26 05:46:29
18870,CUST_407,PROD_80,5,2026-01-18 12:09:24
18871,CUST_157,PROD_38,4,2025-12-31 21:11:55
18872,CUST_182,PROD_25,2,2026-01-22 12:01:18
18873,CUST_316,PROD_12,5,2026-01-21 05:02:34
18874,CUST_96,PROD_71,1,2026-01-20 03:11:13
18875,CUST_65,PROD_34,5,2026-01-03 18:40:49
18876,CUST_287,PROD_4,1,2026-01-05 09:17:58
18877,CUST_210,PROD_77,5,2026-01-16 18:59:17
18878,CUST_93,PROD_9,4,2025-12-29 11:38:31
18879,CUST_46,PROD_67,5,2026-01-27 12:12:19
18880,CUST_422,PROD_70,5,2026-01-05 15:53:10
18881,CUST_311,PROD_74,4,2026-01-09 12:24:13
18882,CUST_221,PROD_77,1,2026-01-10 21:52:38
18883,CUST_237,PROD_34,2,2026-01-18 10:04:23
18884,CUST_114,PROD_91,1,2026-01-03 14:30:44
18885,CUST_182,PROD_81,4,2026-01-03 18:03:18
18886,CUST_437,PROD_51,3,2026-01-03 18:21:52
18887,CUST_398,PROD_100,5,2026-01-05 19:50:06
18888,CUST_461,PROD_90,1,2025-12-29 21:45:08
18889,CUST_370,PROD_2,3,2026-01-20 10:07:25
18890,CUST_289,PROD_59,3,2026-01-15 21:00:47
18891,CUST_311,PROD_39,2,2026-01-17 01:02:58
18892,CUST_489,PROD_69,3,2025-12-29 22:39:38
18893,CUST_120,PROD_90,5,2026-01-16 12:41:12
18894,CUST_55,PROD_70,5,2026-01-11 13:15:27
18895,CUST_466,PROD_72,4,2026-01-25 17:54:01
18896,CUST_110,PROD_77,5,2026-01-02 03:21:07
18897,CUST_165,PROD_40,1,2026-01-22 06:36:42
18898,CUST_109,PROD_2,4,2026-01-09 13:00:45
18899,CUST_150,PROD_94,5,2026-01-17 16:55:48
18900,CUST_485,PROD_60,3,2026-01-11 23:21:45
18901,CUST_18,PROD_79,4,2026-01-13 15:49:01
18902,CUST_282,PROD_23,4,2026-01-16 09:30:43
18903,CUST_327,PROD_32,1,2026-01-18 20:25:08
18904,CUST_71,PROD_91,5,2026-01-25 19:15:57
18905,CUST_407,PROD_67,4,2026-01-22 22:52:12
18906,CUST_369,PROD_59,5,2025-12-28 21:10:17
18907,CUST_94,PROD_80,2,2026-01-22 14:13:55
18908,CUST_148,PROD_33,2,2026-01-06 00:18:58
18909,CUST_61,PROD_24,4,2026-01-09 13:23:51
18910,CUST_3,PROD_61,2,2026-01-26 15:19:10
18911,CUST_355,PROD_40,5,2026-01-01 11:35:28
18912,CUST_283,PROD_15,1,2026-01-27 04:09:22
18913,CUST_209,PROD_23,2,2026-01-20 02:09:53
18914,CUST_84,PROD_61,5,2026-01-16 02:46:50
18915,CUST_471,PROD_92,5,2026-01-07 14:01:49
18916,CUST_281,PROD_28,1,2026-01-09 20:08:17
18917,CUST_363,PROD_98,1,2026-01-26 07:43:59
18918,CUST_308,PROD_55,2,2026-01-26 17:00:04
18919,CUST_307,PROD_22,4,2026-01-18 13:44:07
18920,CUST_99,PROD_14,4,2026-01-13 22:34:03
18921,CUST_290,PROD_88,3,2026-01-24 01:09:52
18922,CUST_222,PROD_86,2,2026-01-01 00:04:13
18923,CUST_264,PROD_32,1,2026-01-04 08:37:29
18924,CUST_234,PROD_65,1,2026-01-12 23:54:55
18925,CUST_398,PROD_32,2,2026-01-12 03:39:11
18926,CUST_316,PROD_81,3,2026-01-15 12:48:35
18927,CUST_387,PROD_12,3,2026-01-26 08:07:29
18928,CUST_422,PROD_21,4,2026-01-22 05:16:29
18929,CUST_153,PROD_21,2,2026-01-03 09:04:11
18930,CUST_152,PROD_37,4,2026-01-09 11:39:36
18931,CUST_4,PROD_24,4,2026-01-06 18:35:17
18932,CUST_237,PROD_32,3,2026-01-06 00:16:56
18933,CUST_39,PROD_37,5,2026-01-24 12:34:43
18934,CUST_312,PROD_17,2,2026-01-18 22:35:42
18935,CUST_199,PROD_80,5,2026-01-07 13:17:21
18936,CUST_170,PROD_72,3,2026-01-20 09:53:25
18937,CUST_108,PROD_52,2,2026-01-14 12:48:33
18938,CUST_38,PROD_89,1,2026-01-22 11:16:01
18939,CUST_440,PROD_89,1,2026-01-12 19:30:09
18940,CUST_475,PROD_28,3,2026-01-27 05:37:12
18941,CUST_37,PROD_59,2,2026-01-24 20:48:55
18942,CUST_378,PROD_46,1,2025-12-29 21:13:59
18943,CUST_133,PROD_13,2,2026-01-10 07:13:43
18944,CUST_372,PROD_70,1,2026-01-03 05:33:35
18945,CUST_259,PROD_97,3,2026-01-05 00:35:24
18946,CUST_46,PROD_91,2,2026-01-26 14:15:47
18947,CUST_498,PROD_37,1,2026-01-17 10:23:14
18948,CUST_363,PROD_4,4,2026-01-18 18:14:55
18949,CUST_350,PROD_13,3,2026-01-19 13:46:16
18950,CUST_263,PROD_29,3,2026-01-11 17:58:51
18951,CUST_33,PROD_10,2,2026-01-18 19:00:24
18952,CUST_217,PROD_40,2,2026-01-20 01:32:31
18953,CUST_339,PROD_62,1,2026-01-04 07:15:31
18954,CUST_365,PROD_55,4,2026-01-26 21:50:45
18955,CUST_98,PROD_86,1,2026-01-07 06:31:16
18956,CUST_283,PROD_82,2,2026-01-26 14:17:01
18957,CUST_156,PROD_23,1,2026-01-27 16:11:51
18958,CUST_496,PROD_50,3,2026-01-23 11:06:26
18959,CUST_104,PROD_41,5,2026-01-10 10:46:27
18960,CUST_13,PROD_68,3,2026-01-13 21:52:59
18961,CUST_101,PROD_20,2,2026-01-02 07:23:35
18962,CUST_290,PROD_42,5,2026-01-05 13:49:35
18963,CUST_176,PROD_36,2,2026-01-19 08:32:26
18964,CUST_58,PROD_16,2,2026-01-05 18:44:59
18965,CUST_328,PROD_36,1,2026-01-07 19:44:49
18966,CUST_123,PROD_42,4,2026-01-27 13:44:46
18967,CUST_314,PROD_2,5,2026-01-11 16:13:17
18968,CUST_378,PROD_2,3,2026-01-08 17:15:55
18969,CUST_493,PROD_11,1,2026-01-03 19:27:04
18970,CUST_346,PROD_42,5,2026-01-13 15:12:32
18971,CUST_418,PROD_41,5,2026-01-03 22:29:17
18972,CUST_40,PROD_47,2,2026-01-16 14:51:30
18973,CUST_267,PROD_25,1,2026-01-03 14:05:55
18974,CUST_140,PROD_75,1,2026-01-01 09:55:21
18975,CUST_96,PROD_47,2,2026-01-19 23:32:29
18976,CUST_201,PROD_32,4,2026-01-15 22:35:33
18977,CUST_333,PROD_40,3,2026-01-24 11:43:55
18978,CUST_13,PROD_34,4,2026-01-26 12:40:31
18979,CUST_367,PROD_67,4,2025-12-30 04:45:35
18980,CUST_334,PROD_78,3,2026-01-06 19:45:26
18981,CUST_492,PROD_28,4,2026-01-11 00:49:59
18982,CUST_196,PROD_47,5,2026-01-13 16:11:13
18983,CUST_111,PROD_63,2,2026-01-07 09:04:18
18984,CUST_205,PROD_52,1,2025-12-31 01:36:29
18985,CUST_276,PROD_59,3,2026-01-09 02:39:02
18986,CUST_83,PROD_19,5,2026-01-15 15:33:47
18987,CUST_166,PROD_26,1,2026-01-21 16:07:33
18988,CUST_399,PROD_41,5,2026-01-09 23:55:05
18989,CUST_300,PROD_86,1,2026-01-26 19:58:58
18990,CUST_487,PROD_5,3,2025-12-31 23:42:39
18991,CUST_96,PROD_1,5,2026-01-09 22:24:02
18992,CUST_399,PROD_49,2,2026-01-10 00:50:08
18993,CUST_221,PROD_82,5,2026-01-23 19:36:42
18994,CUST_375,PROD_62,4,2026-01-09 02:05:45
18995,CUST_186,PROD_89,3,2026-01-14 20:04:58
18996,CUST_57,PROD_51,3,2026-01-20 15:27:04
18997,CUST_159,PROD_22,1,2026-01-01 22:49:29
18998,CUST_245,PROD_97,1,2026-01-07 21:47:20
18999,CUST_180,PROD_13,5,2026-01-19 06:23:04
19000,CUST_433,PROD_89,5,2026-01-11 15:47:04
19001,CUST_235,PROD_8,5,2026-01-14 17:13:23
19002,CUST_372,PROD_67,4,2025-12-30 02:36:11
19003,CUST_312,PROD_30,4,2026-01-24 01:53:38
19004,CUST_44,PROD_22,2,2026-01-02 18:01:14
19005,CUST_192,PROD_46,4,2026-01-02 17:15:20
19006,CUST_389,PROD_77,3,2026-01-11 18:56:04
19007,CUST_230,PROD_53,4,2026-01-09 06:19:06
19008,CUST_488,PROD_52,4,2026-01-20 06:57:19
19009,CUST_357,PROD_12,5,2026-01-03 11:17:11
19010,CUST_45,PROD_97,4,2026-01-15 08:23:53
19011,CUST_37,PROD_9,4,2026-01-05 03:39:24
19012,CUST_337,PROD_90,1,2026-01-14 11:00:35
19013,CUST_258,PROD_64,1,2026-01-16 09:38:45
19014,CUST_410,PROD_34,5,2026-01-02 06:06:58
19015,CUST_371,PROD_58,5,2026-01-26 12:55:23
19016,CUST_219,PROD_84,2,2026-01-11 07:49:05
19017,CUST_30,PROD_29,5,2026-01-19 04:05:34
19018,CUST_345,PROD_40,1,2026-01-06 17:13:41
19019,CUST_352,PROD_20,4,2026-01-03 05:33:19
19020,CUST_488,PROD_71,1,2026-01-09 20:59:33
19021,CUST_252,PROD_11,4,2026-01-25 10:39:48
19022,CUST_241,PROD_53,4,2026-01-22 12:32:35
19023,CUST_81,PROD_25,5,2026-01-13 11:55:44
19024,CUST_138,PROD_93,1,2026-01-12 21:30:08
19025,CUST_62,PROD_99,1,2026-01-24 17:48:28
19026,CUST_431,PROD_93,5,2026-01-24 11:22:20
19027,CUST_457,PROD_86,2,2026-01-04 17:49:42
19028,CUST_227,PROD_14,2,2026-01-09 15:28:01
19029,CUST_268,PROD_70,3,2026-01-19 03:41:18
19030,CUST_335,PROD_63,3,2025-12-29 05:04:33
19031,CUST_125,PROD_41,4,2026-01-12 08:02:04
19032,CUST_65,PROD_36,1,2026-01-23 09:22:59
19033,CUST_478,PROD_60,2,2026-01-07 01:06:22
19034,CUST_292,PROD_46,4,2026-01-21 23:47:49
19035,CUST_357,PROD_27,5,2026-01-27 16:47:29
19036,CUST_437,PROD_27,5,2026-01-03 15:12:00
19037,CUST_152,PROD_64,3,2026-01-27 16:28:29
19038,CUST_374,PROD_75,2,2026-01-15 21:18:49
19039,CUST_216,PROD_44,5,2026-01-14 20:27:57
19040,CUST_224,PROD_13,3,2026-01-02 20:40:07
19041,CUST_113,PROD_99,3,2026-01-12 21:03:35
19042,CUST_339,PROD_81,1,2026-01-15 12:43:27
19043,CUST_329,PROD_41,2,2026-01-03 13:16:15
19044,CUST_145,PROD_56,5,2026-01-03 03:16:51
19045,CUST_104,PROD_84,3,2026-01-11 01:52:37
19046,CUST_429,PROD_91,1,2026-01-22 06:22:31
19047,CUST_317,PROD_47,5,2026-01-07 17:51:50
19048,CUST_488,PROD_18,3,2026-01-08 03:09:58
19049,CUST_154,PROD_70,5,2026-01-01 01:03:46
19050,CUST_64,PROD_65,5,2025-12-30 09:46:23
19051,CUST_22,PROD_98,1,2026-01-08 03:36:23
19052,CUST_3,PROD_42,1,2026-01-06 15:38:01
19053,CUST_369,PROD_99,1,2026-01-25 08:05:52
19054,CUST_223,PROD_12,3,2026-01-23 00:19:31
19055,CUST_238,PROD_55,1,2026-01-01 23:53:54
19056,CUST_18,PROD_56,5,2026-01-17 20:30:59
19057,CUST_150,PROD_75,2,2026-01-01 03:51:39
19058,CUST_340,PROD_67,5,2026-01-19 01:20:29
19059,CUST_174,PROD_11,4,2026-01-23 04:36:52
19060,CUST_395,PROD_92,4,2026-01-11 03:08:28
19061,CUST_177,PROD_9,2,2026-01-15 10:45:57
19062,CUST_297,PROD_57,2,2026-01-14 20:59:46
19063,CUST_70,PROD_18,3,2026-01-07 03:18:47
19064,CUST_5,PROD_72,4,2026-01-23 22:33:41
19065,CUST_235,PROD_93,2,2026-01-09 06:45:40
19066,CUST_425,PROD_39,5,2026-01-07 03:04:11
19067,CUST_106,PROD_77,2,2026-01-20 01:27:19
19068,CUST_423,PROD_56,4,2026-01-07 06:14:36
19069,CUST_323,PROD_69,5,2026-01-15 07:05:54
19070,CUST_411,PROD_55,1,2026-01-01 18:21:07
19071,CUST_147,PROD_76,2,2026-01-05 14:06:28
19072,CUST_39,PROD_80,3,2026-01-01 05:28:53
19073,CUST_236,PROD_33,1,2026-01-05 11:50:36
19074,CUST_381,PROD_6,5,2025-12-30 00:38:59
19075,CUST_68,PROD_30,2,2026-01-04 05:33:43
19076,CUST_483,PROD_47,4,2025-12-31 07:12:39
19077,CUST_241,PROD_7,3,2026-01-01 15:02:23
19078,CUST_468,PROD_35,5,2026-01-11 17:09:45
19079,CUST_366,PROD_59,2,2026-01-03 23:49:07
19080,CUST_491,PROD_60,2,2026-01-11 07:59:02
19081,CUST_361,PROD_12,3,2026-01-23 17:28:51
19082,CUST_277,PROD_19,3,2025-12-30 06:21:32
19083,CUST_450,PROD_81,3,2026-01-11 21:33:12
19084,CUST_307,PROD_42,4,2026-01-26 02:35:44
19085,CUST_331,PROD_92,3,2026-01-15 00:29:13
19086,CUST_304,PROD_3,5,2026-01-09 02:44:27
19087,CUST_302,PROD_12,3,2026-01-05 18:09:02
19088,CUST_114,PROD_41,4,2026-01-08 23:15:51
19089,CUST_353,PROD_36,1,2026-01-15 11:15:57
19090,CUST_500,PROD_35,2,2026-01-24 17:58:58
19091,CUST_241,PROD_12,3,2026-01-24 23:03:05
19092,CUST_225,PROD_79,1,2026-01-08 04:58:52
19093,CUST_265,PROD_66,4,2026-01-02 08:25:58
19094,CUST_231,PROD_1,4,2026-01-19 06:25:44
19095,CUST_377,PROD_100,4,2026-01-21 00:01:52
19096,CUST_402,PROD_50,1,2026-01-18 13:53:24
19097,CUST_401,PROD_90,1,2026-01-20 16:08:14
19098,CUST_49,PROD_3,2,2026-01-19 02:07:38
19099,CUST_133,PROD_36,1,2026-01-03 15:11:15
19100,CUST_76,PROD_23,3,2025-12-31 02:02:59
19101,CUST_221,PROD_13,2,2026-01-06 11:06:17
19102,CUST_384,PROD_53,2,2026-01-09 04:34:15
19103,CUST_55,PROD_13,3,2026-01-16 04:37:22
19104,CUST_377,PROD_59,5,2026-01-24 16:02:12
19105,CUST_201,PROD_9,1,2026-01-13 08:44:31
19106,CUST_378,PROD_80,2,2026-01-13 17:25:58
19107,CUST_243,PROD_28,4,2026-01-06 03:39:47
19108,CUST_428,PROD_44,4,2026-01-23 22:08:33
19109,CUST_352,PROD_59,1,2026-01-12 18:12:43
19110,CUST_168,PROD_41,5,2026-01-13 07:26:24
19111,CUST_56,PROD_82,5,2025-12-31 02:40:47
19112,CUST_283,PROD_55,5,2026-01-03 05:24:02
19113,CUST_168,PROD_40,2,2026-01-03 09:47:36
19114,CUST_467,PROD_66,2,2026-01-10 15:20:56
19115,CUST_194,PROD_53,5,2026-01-13 04:14:03
19116,CUST_499,PROD_11,4,2026-01-09 14:11:00
19117,CUST_308,PROD_44,5,2026-01-10 08:26:27
19118,CUST_344,PROD_20,3,2026-01-23 00:06:00
19119,CUST_387,PROD_42,1,2026-01-07 01:00:40
19120,CUST_34,PROD_46,2,2026-01-26 22:32:37
19121,CUST_379,PROD_69,3,2026-01-21 12:24:54
19122,CUST_78,PROD_53,1,2025-12-31 14:54:15
19123,CUST_218,PROD_66,5,2026-01-26 18:06:56
19124,CUST_366,PROD_64,2,2026-01-08 00:55:33
19125,CUST_6,PROD_46,2,2026-01-03 20:50:01
19126,CUST_99,PROD_35,2,2026-01-08 14:31:18
19127,CUST_92,PROD_63,1,2026-01-16 23:56:17
19128,CUST_179,PROD_23,2,2026-01-16 14:17:38
19129,CUST_77,PROD_57,5,2026-01-20 06:39:05
19130,CUST_401,PROD_46,3,2026-01-22 20:42:55
19131,CUST_139,PROD_43,2,2026-01-19 14:27:06
19132,CUST_99,PROD_44,3,2025-12-29 20:32:09
19133,CUST_30,PROD_82,1,2026-01-13 15:45:12
19134,CUST_228,PROD_98,4,2026-01-03 04:11:29
19135,CUST_94,PROD_64,4,2026-01-11 07:45:49
19136,CUST_166,PROD_71,3,2025-12-28 23:25:37
19137,CUST_123,PROD_91,4,2026-01-18 14:27:32
19138,CUST_398,PROD_96,5,2026-01-07 16:17:46
19139,CUST_258,PROD_83,1,2026-01-06 00:14:07
19140,CUST_353,PROD_68,3,2026-01-26 07:58:58
19141,CUST_453,PROD_25,2,2026-01-01 11:03:24
19142,CUST_417,PROD_36,4,2026-01-01 19:19:00
19143,CUST_77,PROD_20,3,2026-01-25 09:35:11
19144,CUST_267,PROD_61,2,2026-01-20 18:50:18
19145,CUST_104,PROD_46,2,2026-01-06 16:43:57
19146,CUST_168,PROD_71,4,2026-01-23 17:15:57
19147,CUST_226,PROD_83,2,2026-01-06 21:36:50
19148,CUST_455,PROD_63,3,2026-01-27 14:32:00
19149,CUST_397,PROD_48,2,2025-12-30 19:38:46
19150,CUST_419,PROD_7,3,2026-01-18 01:12:14
19151,CUST_255,PROD_83,4,2026-01-27 14:47:03
19152,CUST_449,PROD_30,1,2026-01-21 22:48:32
19153,CUST_262,PROD_1,2,2026-01-02 14:12:12
19154,CUST_296,PROD_69,1,2026-01-13 13:06:22
19155,CUST_340,PROD_8,2,2026-01-19 03:57:34
19156,CUST_71,PROD_51,5,2026-01-05 19:54:20
19157,CUST_98,PROD_62,2,2026-01-25 04:06:51
19158,CUST_426,PROD_19,2,2026-01-10 10:25:54
19159,CUST_249,PROD_93,5,2026-01-12 11:02:21
19160,CUST_431,PROD_40,4,2026-01-03 23:34:44
19161,CUST_490,PROD_41,2,2026-01-14 08:06:03
19162,CUST_69,PROD_82,2,2026-01-17 09:38:10
19163,CUST_141,PROD_92,5,2026-01-08 02:56:35
19164,CUST_240,PROD_77,4,2026-01-09 03:03:22
19165,CUST_6,PROD_17,4,2026-01-17 03:36:40
19166,CUST_73,PROD_99,5,2026-01-08 08:03:46
19167,CUST_303,PROD_56,3,2026-01-26 17:15:59
19168,CUST_121,PROD_33,4,2026-01-24 10:41:37
19169,CUST_230,PROD_86,2,2026-01-15 13:32:37
19170,CUST_338,PROD_14,4,2026-01-24 01:17:55
19171,CUST_105,PROD_42,2,2025-12-29 20:04:19
19172,CUST_355,PROD_50,4,2026-01-03 23:32:50
19173,CUST_378,PROD_77,4,2026-01-12 01:43:30
19174,CUST_34,PROD_37,3,2026-01-17 08:15:37
19175,CUST_407,PROD_39,1,2026-01-10 15:38:30
19176,CUST_118,PROD_65,5,2026-01-15 01:02:57
19177,CUST_32,PROD_31,2,2026-01-10 12:11:51
19178,CUST_309,PROD_66,3,2026-01-10 21:26:29
19179,CUST_324,PROD_35,2,2025-12-30 22:03:07
19180,CUST_485,PROD_73,3,2026-01-21 13:34:09
19181,CUST_109,PROD_5,3,2026-01-23 18:39:08
19182,CUST_110,PROD_31,4,2026-01-05 05:16:22
19183,CUST_402,PROD_25,1,2026-01-09 10:48:56
19184,CUST_383,PROD_53,5,2025-12-31 03:15:09
19185,CUST_484,PROD_38,4,2025-12-31 08:53:51
19186,CUST_159,PROD_16,1,2026-01-20 14:59:20
19187,CUST_453,PROD_84,1,2025-12-30 01:47:54
19188,CUST_431,PROD_48,5,2026-01-14 20:59:14
19189,CUST_495,PROD_72,1,2026-01-06 21:04:20
19190,CUST_180,PROD_60,1,2026-01-14 16:07:51
19191,CUST_7,PROD_72,5,2026-01-22 01:33:39
19192,CUST_326,PROD_82,4,2026-01-25 07:34:41
19193,CUST_111,PROD_39,2,2026-01-22 20:18:20
19194,CUST_337,PROD_69,1,2026-01-27 07:47:51
19195,CUST_18,PROD_97,2,2026-01-12 02:38:19
19196,CUST_162,PROD_19,1,2026-01-02 18:55:20
19197,CUST_157,PROD_64,1,2026-01-17 15:31:10
19198,CUST_403,PROD_6,3,2026-01-15 03:26:29
19199,CUST_197,PROD_30,3,2026-01-19 14:37:11
19200,CUST_336,PROD_26,3,2026-01-02 11:00:33
19201,CUST_1,PROD_60,5,2026-01-27 12:45:33
19202,CUST_151,PROD_57,1,2026-01-05 03:09:46
19203,CUST_268,PROD_19,4,2026-01-09 00:03:45
19204,CUST_391,PROD_85,3,2026-01-24 19:25:35
19205,CUST_98,PROD_21,3,2025-12-29 16:28:22
19206,CUST_58,PROD_83,4,2026-01-21 14:17:12
19207,CUST_185,PROD_76,5,2026-01-08 23:46:47
19208,CUST_94,PROD_42,3,2025-12-31 14:38:26
19209,CUST_477,PROD_74,5,2026-01-09 23:30:48
19210,CUST_497,PROD_64,4,2026-01-06 19:54:46
19211,CUST_81,PROD_80,4,2026-01-12 19:27:50
19212,CUST_407,PROD_77,3,2026-01-13 00:34:59
19213,CUST_347,PROD_56,3,2026-01-08 12:51:43
19214,CUST_470,PROD_26,2,2026-01-23 03:48:28
19215,CUST_46,PROD_82,3,2026-01-15 02:34:05
19216,CUST_43,PROD_98,4,2026-01-01 23:17:39
19217,CUST_369,PROD_28,4,2026-01-26 06:30:18
19218,CUST_48,PROD_97,4,2026-01-24 17:59:11
19219,CUST_87,PROD_73,2,2026-01-16 05:58:38
19220,CUST_185,PROD_87,4,2026-01-16 07:49:46
19221,CUST_139,PROD_19,2,2026-01-21 10:13:39
19222,CUST_279,PROD_29,3,2026-01-04 22:46:03
19223,CUST_481,PROD_26,3,2026-01-19 19:11:01
19224,CUST_306,PROD_82,3,2026-01-22 16:40:53
19225,CUST_337,PROD_4,3,2026-01-21 20:22:09
19226,CUST_173,PROD_92,2,2026-01-26 21:54:12
19227,CUST_164,PROD_28,5,2025-12-30 10:05:20
19228,CUST_447,PROD_47,3,2026-01-09 14:57:52
19229,CUST_253,PROD_41,5,2026-01-01 16:29:13
19230,CUST_95,PROD_84,1,2026-01-06 20:48:22
19231,CUST_72,PROD_93,2,2026-01-27 03:43:09
19232,CUST_56,PROD_34,5,2026-01-16 07:47:05
19233,CUST_101,PROD_47,5,2026-01-27 11:12:12
19234,CUST_308,PROD_71,1,2026-01-05 10:58:36
19235,CUST_122,PROD_87,1,2025-12-29 14:55:36
19236,CUST_497,PROD_58,2,2026-01-13 12:36:59
19237,CUST_365,PROD_99,5,2026-01-19 05:19:28
19238,CUST_496,PROD_85,3,2026-01-19 13:30:48
19239,CUST_457,PROD_32,2,2025-12-29 17:17:51
19240,CUST_196,PROD_78,4,2026-01-02 19:08:29
19241,CUST_222,PROD_11,1,2026-01-02 10:44:21
19242,CUST_227,PROD_98,1,2026-01-25 17:30:11
19243,CUST_133,PROD_70,1,2026-01-03 23:41:13
19244,CUST_191,PROD_99,2,2026-01-02 04:14:05
19245,CUST_440,PROD_44,2,2026-01-22 09:15:37
19246,CUST_332,PROD_10,1,2026-01-23 15:18:58
19247,CUST_276,PROD_53,3,2026-01-02 19:00:44
19248,CUST_347,PROD_50,4,2026-01-13 21:47:42
19249,CUST_4,PROD_38,5,2026-01-12 20:41:42
19250,CUST_2,PROD_52,4,2026-01-01 18:25:35
19251,CUST_114,PROD_44,2,2026-01-19 00:23:01
19252,CUST_149,PROD_26,4,2026-01-14 01:54:32
19253,CUST_176,PROD_40,5,2026-01-13 13:26:32
19254,CUST_149,PROD_41,2,2026-01-22 07:44:46
19255,CUST_148,PROD_40,3,2026-01-19 12:47:03
19256,CUST_161,PROD_54,2,2026-01-20 04:17:36
19257,CUST_430,PROD_61,5,2026-01-04 06:17:32
19258,CUST_426,PROD_43,3,2026-01-23 09:40:28
19259,CUST_395,PROD_77,2,2026-01-07 13:05:10
19260,CUST_390,PROD_19,1,2026-01-09 21:02:07
19261,CUST_345,PROD_35,1,2026-01-01 04:37:39
19262,CUST_416,PROD_59,3,2026-01-17 19:03:32
19263,CUST_74,PROD_87,3,2026-01-14 04:45:23
19264,CUST_193,PROD_37,4,2026-01-03 18:52:43
19265,CUST_90,PROD_56,4,2026-01-01 07:06:05
19266,CUST_152,PROD_82,4,2026-01-18 03:59:03
19267,CUST_23,PROD_43,1,2026-01-11 19:23:08
19268,CUST_56,PROD_26,2,2025-12-29 19:02:53
19269,CUST_286,PROD_34,1,2025-12-29 01:32:01
19270,CUST_105,PROD_9,5,2026-01-18 04:14:39
19271,CUST_109,PROD_2,4,2026-01-26 12:26:01
19272,CUST_27,PROD_64,1,2026-01-01 21:09:36
19273,CUST_225,PROD_49,5,2025-12-31 03:03:58
19274,CUST_298,PROD_66,5,2026-01-17 15:50:21
19275,CUST_376,PROD_7,5,2026-01-14 13:04:25
19276,CUST_496,PROD_34,1,2026-01-18 09:02:34
19277,CUST_305,PROD_23,4,2026-01-21 15:22:41
19278,CUST_1,PROD_59,4,2026-01-16 12:01:08
19279,CUST_487,PROD_46,4,2026-01-07 17:35:45
19280,CUST_384,PROD_73,3,2026-01-24 09:23:27
19281,CUST_497,PROD_22,2,2025-12-31 08:55:37
19282,CUST_270,PROD_80,2,2025-12-30 15:56:51
19283,CUST_49,PROD_44,5,2026-01-05 23:47:50
19284,CUST_491,PROD_20,4,2026-01-17 10:20:23
19285,CUST_22,PROD_85,3,2026-01-17 00:03:04
19286,CUST_66,PROD_53,5,2026-01-14 15:41:37
19287,CUST_382,PROD_14,2,2025-12-30 20:50:33
19288,CUST_256,PROD_4,2,2026-01-16 02:31:57
19289,CUST_124,PROD_79,4,2026-01-16 19:28:22
19290,CUST_458,PROD_78,5,2026-01-14 08:30:10
19291,CUST_49,PROD_60,4,2026-01-08 06:33:14
19292,CUST_214,PROD_71,1,2026-01-11 04:29:06
19293,CUST_225,PROD_47,1,2026-01-03 18:15:16
19294,CUST_41,PROD_49,4,2026-01-21 15:18:25
19295,CUST_351,PROD_97,1,2026-01-10 11:16:07
19296,CUST_415,PROD_2,5,2026-01-24 01:15:10
19297,CUST_302,PROD_83,2,2026-01-23 11:46:29
19298,CUST_465,PROD_23,3,2026-01-05 17:21:03
19299,CUST_147,PROD_2,4,2026-01-06 17:08:44
19300,CUST_97,PROD_57,1,2026-01-24 17:59:08
19301,CUST_277,PROD_36,2,2026-01-09 16:24:48
19302,CUST_287,PROD_23,3,2026-01-25 17:59:56
19303,CUST_155,PROD_19,5,2026-01-20 02:44:50
19304,CUST_110,PROD_38,4,2026-01-15 15:56:50
19305,CUST_109,PROD_38,3,2026-01-06 08:28:08
19306,CUST_163,PROD_69,2,2026-01-04 12:06:40
19307,CUST_107,PROD_84,4,2026-01-17 22:23:07
19308,CUST_312,PROD_97,4,2026-01-06 00:35:21
19309,CUST_389,PROD_13,3,2026-01-26 15:56:15
19310,CUST_308,PROD_66,2,2026-01-19 11:52:44
19311,CUST_182,PROD_86,3,2026-01-18 22:02:11
19312,CUST_162,PROD_64,2,2026-01-19 12:49:13
19313,CUST_479,PROD_33,2,2026-01-08 13:43:04
19314,CUST_266,PROD_11,3,2026-01-27 02:20:59
19315,CUST_280,PROD_27,4,2026-01-09 23:19:48
19316,CUST_266,PROD_64,1,2026-01-21 02:47:53
19317,CUST_465,PROD_25,4,2026-01-23 13:17:05
19318,CUST_315,PROD_18,2,2026-01-19 10:47:20
19319,CUST_123,PROD_26,4,2026-01-03 15:57:21
19320,CUST_321,PROD_37,2,2026-01-06 19:19:43
19321,CUST_387,PROD_3,1,2026-01-26 22:48:32
19322,CUST_1,PROD_55,4,2026-01-03 03:39:17
19323,CUST_331,PROD_17,5,2026-01-25 14:09:43
19324,CUST_43,PROD_32,5,2025-12-30 19:12:31
19325,CUST_425,PROD_51,2,2025-12-29 04:54:03
19326,CUST_430,PROD_32,4,2026-01-04 10:40:02
19327,CUST_342,PROD_69,2,2025-12-30 22:06:52
19328,CUST_314,PROD_82,2,2026-01-15 05:38:37
19329,CUST_187,PROD_79,4,2026-01-24 00:24:44
19330,CUST_108,PROD_95,4,2025-12-29 13:43:56
19331,CUST_135,PROD_14,3,2026-01-27 14:44:30
19332,CUST_390,PROD_51,3,2026-01-04 04:28:44
19333,CUST_259,PROD_79,5,2026-01-04 05:27:49
19334,CUST_63,PROD_22,2,2026-01-19 17:22:35
19335,CUST_283,PROD_20,1,2026-01-27 09:11:07
19336,CUST_461,PROD_37,3,2026-01-19 07:55:04
19337,CUST_467,PROD_49,4,2026-01-10 12:41:31
19338,CUST_377,PROD_64,5,2025-12-28 18:42:31
19339,CUST_343,PROD_13,3,2026-01-18 07:45:12
19340,CUST_227,PROD_45,3,2026-01-16 19:29:42
19341,CUST_99,PROD_88,5,2026-01-16 10:17:23
19342,CUST_199,PROD_86,3,2026-01-17 04:12:04
19343,CUST_32,PROD_58,5,2026-01-06 08:22:15
19344,CUST_25,PROD_100,4,2026-01-27 16:54:32
19345,CUST_338,PROD_97,1,2026-01-02 00:37:39
19346,CUST_138,PROD_34,1,2026-01-12 15:32:37
19347,CUST_76,PROD_39,2,2026-01-09 15:15:51
19348,CUST_250,PROD_100,3,2026-01-27 05:33:26
19349,CUST_481,PROD_48,1,2026-01-01 08:14:58
19350,CUST_5,PROD_70,4,2025-12-30 19:57:32
19351,CUST_430,PROD_14,2,2026-01-10 09:35:40
19352,CUST_246,PROD_13,2,2026-01-23 14:58:41
19353,CUST_24,PROD_16,3,2026-01-21 05:50:25
19354,CUST_178,PROD_64,1,2025-12-31 19:20:34
19355,CUST_58,PROD_50,3,2026-01-04 05:28:03
19356,CUST_158,PROD_75,3,2026-01-06 08:52:13
19357,CUST_207,PROD_92,1,2026-01-18 04:15:24
19358,CUST_168,PROD_72,4,2026-01-20 12:31:05
19359,CUST_224,PROD_38,4,2026-01-21 16:00:11
19360,CUST_129,PROD_27,1,2026-01-03 17:58:12
19361,CUST_270,PROD_73,3,2026-01-17 18:39:30
19362,CUST_480,PROD_71,5,2026-01-21 18:14:00
19363,CUST_449,PROD_13,4,2026-01-19 08:59:33
19364,CUST_124,PROD_30,5,2025-12-30 08:41:21
19365,CUST_11,PROD_91,3,2026-01-07 00:29:06
19366,CUST_250,PROD_24,3,2025-12-28 21:15:24
19367,CUST_76,PROD_62,3,2026-01-03 06:37:34
19368,CUST_391,PROD_61,4,2026-01-25 20:09:08
19369,CUST_103,PROD_80,3,2026-01-20 16:06:20
19370,CUST_185,PROD_66,1,2026-01-24 03:51:31
19371,CUST_297,PROD_45,1,2026-01-22 14:39:12
19372,CUST_102,PROD_91,4,2026-01-02 17:23:50
19373,CUST_376,PROD_43,2,2025-12-30 18:51:12
19374,CUST_247,PROD_59,5,2026-01-24 00:37:20
19375,CUST_356,PROD_19,4,2026-01-18 22:24:15
19376,CUST_438,PROD_14,4,2026-01-11 09:46:27
19377,CUST_413,PROD_55,5,2025-12-30 17:57:20
19378,CUST_19,PROD_75,4,2026-01-22 10:42:03
19379,CUST_471,PROD_92,5,2026-01-26 10:15:34
19380,CUST_432,PROD_61,5,2026-01-21 16:48:21
19381,CUST_154,PROD_43,5,2026-01-27 14:45:02
19382,CUST_195,PROD_11,3,2026-01-19 15:40:57
19383,CUST_102,PROD_56,3,2026-01-15 11:27:03
19384,CUST_373,PROD_16,1,2026-01-11 17:05:11
19385,CUST_487,PROD_54,1,2025-12-28 19:02:03
19386,CUST_112,PROD_95,4,2026-01-14 22:20:54
19387,CUST_151,PROD_98,5,2026-01-05 23:36:02
19388,CUST_118,PROD_6,1,2026-01-01 04:35:26
19389,CUST_87,PROD_56,4,2026-01-07 09:44:56
19390,CUST_62,PROD_80,2,2026-01-01 01:15:11
19391,CUST_421,PROD_15,3,2025-12-29 03:07:36
19392,CUST_81,PROD_26,1,2026-01-11 02:50:58
19393,CUST_148,PROD_36,5,2026-01-12 10:32:46
19394,CUST_223,PROD_70,3,2026-01-25 20:41:16
19395,CUST_393,PROD_43,1,2026-01-16 17:06:02
19396,CUST_445,PROD_22,1,2026-01-19 04:18:09
19397,CUST_316,PROD_46,2,2026-01-11 17:58:02
19398,CUST_87,PROD_23,5,2026-01-23 17:37:29
19399,CUST_189,PROD_87,1,2026-01-15 21:56:59
19400,CUST_151,PROD_89,3,2026-01-03 12:33:45
19401,CUST_80,PROD_56,2,2026-01-10 23:45:26
19402,CUST_375,PROD_9,5,2026-01-13 10:48:58
19403,CUST_290,PROD_81,1,2026-01-23 15:37:33
19404,CUST_365,PROD_65,2,2026-01-02 19:15:58
19405,CUST_408,PROD_29,5,2025-12-31 07:21:22
19406,CUST_103,PROD_76,1,2026-01-05 19:24:49
19407,CUST_328,PROD_93,4,2026-01-15 13:29:46
19408,CUST_152,PROD_35,3,2026-01-14 01:37:58
19409,CUST_320,PROD_25,4,2026-01-25 06:41:14
19410,CUST_48,PROD_83,3,2026-01-14 20:44:34
19411,CUST_161,PROD_32,1,2026-01-21 12:42:17
19412,CUST_481,PROD_62,2,2026-01-06 19:00:34
19413,CUST_131,PROD_23,1,2026-01-06 22:49:37
19414,CUST_462,PROD_27,5,2026-01-15 07:21:17
19415,CUST_37,PROD_30,1,2026-01-19 13:58:06
19416,CUST_309,PROD_37,3,2026-01-01 11:37:44
19417,CUST_300,PROD_65,2,2026-01-20 07:09:40
19418,CUST_11,PROD_40,3,2026-01-02 07:12:29
19419,CUST_394,PROD_27,2,2026-01-20 18:53:36
19420,CUST_123,PROD_18,1,2026-01-11 02:46:51
19421,CUST_161,PROD_62,1,2026-01-05 12:31:43
19422,CUST_463,PROD_63,4,2026-01-02 07:24:39
19423,CUST_35,PROD_5,5,2026-01-04 05:37:37
19424,CUST_336,PROD_6,4,2026-01-10 19:10:48
19425,CUST_283,PROD_23,2,2026-01-02 18:04:37
19426,CUST_345,PROD_60,2,2026-01-20 02:48:41
19427,CUST_368,PROD_59,2,2026-01-04 17:18:54
19428,CUST_257,PROD_36,5,2026-01-15 19:55:12
19429,CUST_341,PROD_42,1,2025-12-30 07:54:47
19430,CUST_281,PROD_39,3,2026-01-11 15:16:09
19431,CUST_171,PROD_73,4,2026-01-03 12:13:38
19432,CUST_139,PROD_61,1,2026-01-17 18:08:27
19433,CUST_355,PROD_83,1,2026-01-19 17:30:53
19434,CUST_96,PROD_49,4,2025-12-28 23:47:57
19435,CUST_355,PROD_3,1,2026-01-22 07:09:06
19436,CUST_155,PROD_22,2,2026-01-05 06:02:26
19437,CUST_181,PROD_78,1,2026-01-11 00:42:16
19438,CUST_412,PROD_47,1,2026-01-04 03:51:45
19439,CUST_385,PROD_11,5,2026-01-18 00:56:26
19440,CUST_281,PROD_16,3,2026-01-18 02:36:51
19441,CUST_346,PROD_49,5,2026-01-26 03:57:09
19442,CUST_82,PROD_44,1,2026-01-12 07:57:52
19443,CUST_212,PROD_35,5,2025-12-30 21:09:57
19444,CUST_91,PROD_76,2,2025-12-30 20:34:10
19445,CUST_35,PROD_37,3,2026-01-07 14:18:09
19446,CUST_232,PROD_61,5,2026-01-10 21:00:25
19447,CUST_251,PROD_19,5,2026-01-15 06:39:03
19448,CUST_320,PROD_69,2,2026-01-10 15:58:50
19449,CUST_324,PROD_25,1,2026-01-16 03:38:09
19450,CUST_396,PROD_70,1,2025-12-30 08:59:57
19451,CUST_88,PROD_61,5,2026-01-14 23:45:24
19452,CUST_243,PROD_26,4,2026-01-20 02:19:18
19453,CUST_387,PROD_31,1,2026-01-08 15:11:14
19454,CUST_369,PROD_34,2,2026-01-15 22:48:21
19455,CUST_138,PROD_12,3,2026-01-18 22:30:17
19456,CUST_320,PROD_45,3,2026-01-25 09:01:46
19457,CUST_432,PROD_81,2,2026-01-02 20:28:34
19458,CUST_465,PROD_78,4,2026-01-03 07:43:33
19459,CUST_353,PROD_20,3,2026-01-01 17:53:44
19460,CUST_382,PROD_100,1,2026-01-10 08:42:45
19461,CUST_216,PROD_84,3,2026-01-26 11:27:53
19462,CUST_338,PROD_16,4,2026-01-06 09:28:57
19463,CUST_314,PROD_97,1,2026-01-27 08:23:41
19464,CUST_383,PROD_52,3,2026-01-03 20:49:10
19465,CUST_47,PROD_86,3,2026-01-05 15:05:30
19466,CUST_236,PROD_86,1,2026-01-14 11:22:41
19467,CUST_325,PROD_39,5,2026-01-15 16:49:39
19468,CUST_445,PROD_91,4,2026-01-18 15:21:21
19469,CUST_24,PROD_36,4,2026-01-16 16:17:46
19470,CUST_493,PROD_37,2,2026-01-27 16:52:57
19471,CUST_13,PROD_2,2,2026-01-11 11:42:38
19472,CUST_202,PROD_26,2,2026-01-06 20:57:19
19473,CUST_492,PROD_47,1,2025-12-30 19:22:26
19474,CUST_238,PROD_71,4,2026-01-13 11:46:22
19475,CUST_154,PROD_96,3,2026-01-09 21:47:10
19476,CUST_34,PROD_76,2,2026-01-04 06:45:45
19477,CUST_399,PROD_15,4,2026-01-14 01:09:26
19478,CUST_162,PROD_34,2,2026-01-09 22:47:45
19479,CUST_452,PROD_20,5,2026-01-09 14:23:16
19480,CUST_98,PROD_8,5,2026-01-13 04:15:19
19481,CUST_113,PROD_25,1,2026-01-26 12:07:34
19482,CUST_167,PROD_95,1,2026-01-17 06:37:47
19483,CUST_30,PROD_19,4,2026-01-21 15:44:41
19484,CUST_122,PROD_7,1,2026-01-12 08:52:14
19485,CUST_104,PROD_15,1,2026-01-27 08:17:02
19486,CUST_103,PROD_7,4,2026-01-06 08:51:56
19487,CUST_213,PROD_12,5,2026-01-09 11:48:38
19488,CUST_428,PROD_63,4,2026-01-04 03:26:31
19489,CUST_49,PROD_33,1,2026-01-04 14:39:45
19490,CUST_446,PROD_97,4,2026-01-18 22:05:08
19491,CUST_459,PROD_4,2,2025-12-29 03:25:00
19492,CUST_96,PROD_51,1,2025-12-29 15:02:55
19493,CUST_356,PROD_32,3,2026-01-18 01:14:03
19494,CUST_217,PROD_90,2,2026-01-02 23:02:00
19495,CUST_269,PROD_73,3,2026-01-02 14:07:53
19496,CUST_94,PROD_54,2,2026-01-14 21:23:20
19497,CUST_366,PROD_55,5,2026-01-14 15:28:06
19498,CUST_387,PROD_28,1,2026-01-11 13:21:34
19499,CUST_111,PROD_5,2,2025-12-30 18:57:14
19500,CUST_97,PROD_90,3,2026-01-10 04:43:27
19501,CUST_328,PROD_97,3,2026-01-20 12:06:14
19502,CUST_261,PROD_100,4,2026-01-12 09:28:24
19503,CUST_37,PROD_66,4,2026-01-26 05:29:38
19504,CUST_79,PROD_77,5,2026-01-12 10:18:06
19505,CUST_339,PROD_77,1,2026-01-18 13:30:33
19506,CUST_418,PROD_3,4,2025-12-29 06:40:55
19507,CUST_197,PROD_84,1,2026-01-06 23:29:40
19508,CUST_35,PROD_9,3,2026-01-25 17:24:09
19509,CUST_318,PROD_89,5,2026-01-05 12:18:56
19510,CUST_486,PROD_49,3,2025-12-29 00:26:24
19511,CUST_197,PROD_39,1,2026-01-06 14:51:10
19512,CUST_461,PROD_4,5,2026-01-03 17:57:42
19513,CUST_1,PROD_87,2,2025-12-29 05:05:32
19514,CUST_344,PROD_44,5,2025-12-30 10:04:00
19515,CUST_398,PROD_42,5,2026-01-09 09:25:10
19516,CUST_144,PROD_85,3,2026-01-07 04:49:09
19517,CUST_444,PROD_7,3,2026-01-09 19:29:02
19518,CUST_360,PROD_87,3,2026-01-24 06:16:41
19519,CUST_219,PROD_11,2,2026-01-09 18:05:22
19520,CUST_253,PROD_79,1,2026-01-03 14:38:44
19521,CUST_158,PROD_2,3,2026-01-07 16:57:29
19522,CUST_461,PROD_66,5,2026-01-14 06:48:59
19523,CUST_422,PROD_7,3,2026-01-24 12:13:56
19524,CUST_92,PROD_47,1,2026-01-25 08:05:58
19525,CUST_256,PROD_30,2,2026-01-15 13:27:52
19526,CUST_389,PROD_44,3,2026-01-05 11:15:45
19527,CUST_193,PROD_99,1,2026-01-24 03:57:41
19528,CUST_481,PROD_37,1,2026-01-07 20:20:11
19529,CUST_10,PROD_71,1,2026-01-03 20:49:32
19530,CUST_258,PROD_38,3,2026-01-25 17:21:40
19531,CUST_222,PROD_42,3,2026-01-14 19:03:26
19532,CUST_402,PROD_5,5,2026-01-11 09:30:33
19533,CUST_130,PROD_74,1,2026-01-27 00:38:49
19534,CUST_314,PROD_46,2,2026-01-04 03:30:02
19535,CUST_365,PROD_12,3,2026-01-11 01:14:08
19536,CUST_188,PROD_20,2,2026-01-12 01:31:14
19537,CUST_219,PROD_45,2,2026-01-20 18:09:08
19538,CUST_471,PROD_88,2,2026-01-24 00:27:49
19539,CUST_269,PROD_49,3,2026-01-02 21:50:25
19540,CUST_406,PROD_75,4,2026-01-03 05:24:56
19541,CUST_206,PROD_13,3,2026-01-19 03:37:55
19542,CUST_321,PROD_98,5,2026-01-08 05:34:22
19543,CUST_96,PROD_5,4,2026-01-16 18:17:57
19544,CUST_429,PROD_51,2,2026-01-20 06:25:02
19545,CUST_463,PROD_71,2,2026-01-13 17:15:37
19546,CUST_34,PROD_97,5,2026-01-03 00:19:18
19547,CUST_287,PROD_74,1,2026-01-05 15:46:12
19548,CUST_286,PROD_29,5,2026-01-17 06:28:35
19549,CUST_144,PROD_98,4,2026-01-21 19:21:44
19550,CUST_289,PROD_89,2,2026-01-23 07:54:45
19551,CUST_247,PROD_23,2,2026-01-06 03:20:00
19552,CUST_378,PROD_66,2,2026-01-11 15:45:24
19553,CUST_293,PROD_63,3,2026-01-26 17:06:27
19554,CUST_144,PROD_26,2,2026-01-11 01:24:16
19555,CUST_247,PROD_77,4,2026-01-22 21:28:22
19556,CUST_245,PROD_92,5,2026-01-03 03:59:56
19557,CUST_429,PROD_85,2,2026-01-23 18:34:25
19558,CUST_243,PROD_4,4,2026-01-12 10:36:05
19559,CUST_334,PROD_88,2,2026-01-21 23:57:02
19560,CUST_307,PROD_39,3,2026-01-27 10:31:44
19561,CUST_169,PROD_40,1,2026-01-10 08:06:26
19562,CUST_327,PROD_97,1,2026-01-21 06:56:14
19563,CUST_97,PROD_79,5,2026-01-24 10:11:09
19564,CUST_207,PROD_94,5,2026-01-06 06:12:53
19565,CUST_91,PROD_33,1,2026-01-11 04:35:38
19566,CUST_256,PROD_73,3,2026-01-18 03:51:26
19567,CUST_156,PROD_14,5,2026-01-14 16:46:22
19568,CUST_14,PROD_40,5,2026-01-26 01:18:14
19569,CUST_283,PROD_74,4,2026-01-10 17:36:22
19570,CUST_276,PROD_19,1,2026-01-05 05:47:24
19571,CUST_133,PROD_85,1,2025-12-31 20:14:04
19572,CUST_127,PROD_63,5,2026-01-02 04:49:04
19573,CUST_214,PROD_41,4,2026-01-19 19:21:10
19574,CUST_214,PROD_34,5,2025-12-29 14:02:59
19575,CUST_450,PROD_19,4,2026-01-02 18:15:53
19576,CUST_51,PROD_69,4,2026-01-16 04:10:47
19577,CUST_265,PROD_50,3,2026-01-14 02:46:39
19578,CUST_267,PROD_75,1,2026-01-06 04:22:24
19579,CUST_200,PROD_54,5,2026-01-09 03:52:42
19580,CUST_197,PROD_84,3,2026-01-24 22:13:50
19581,CUST_209,PROD_58,2,2026-01-17 11:55:20
19582,CUST_442,PROD_61,4,2026-01-09 10:00:58
19583,CUST_395,PROD_69,4,2026-01-05 04:36:52
19584,CUST_494,PROD_59,2,2026-01-24 10:22:26
19585,CUST_357,PROD_77,1,2026-01-11 20:15:16
19586,CUST_208,PROD_31,5,2026-01-02 08:52:36
19587,CUST_164,PROD_46,5,2026-01-10 10:56:44
19588,CUST_253,PROD_54,5,2026-01-11 12:36:42
19589,CUST_112,PROD_11,3,2026-01-08 01:23:06
19590,CUST_305,PROD_66,2,2026-01-06 00:51:53
19591,CUST_283,PROD_88,2,2026-01-06 15:38:07
19592,CUST_37,PROD_99,5,2026-01-16 07:02:53
19593,CUST_450,PROD_28,1,2026-01-18 08:00:12
19594,CUST_104,PROD_46,2,2026-01-08 00:57:46
19595,CUST_385,PROD_11,2,2025-12-31 21:16:18
19596,CUST_179,PROD_58,5,2026-01-21 17:04:32
19597,CUST_123,PROD_49,2,2026-01-16 19:21:41
19598,CUST_71,PROD_81,5,2026-01-14 21:24:09
19599,CUST_439,PROD_98,5,2026-01-08 05:07:16
19600,CUST_465,PROD_45,3,2026-01-05 21:42:49
19601,CUST_324,PROD_56,3,2026-01-02 13:45:21
19602,CUST_39,PROD_48,1,2026-01-08 16:33:44
19603,CUST_162,PROD_54,5,2026-01-05 05:42:49
19604,CUST_419,PROD_3,3,2026-01-12 17:47:57
19605,CUST_292,PROD_98,4,2025-12-30 11:14:25
19606,CUST_300,PROD_31,4,2026-01-01 10:27:56
19607,CUST_265,PROD_67,3,2026-01-21 04:33:57
19608,CUST_146,PROD_83,2,2026-01-23 14:45:50
19609,CUST_494,PROD_40,5,2026-01-13 23:20:40
19610,CUST_363,PROD_99,4,2026-01-26 16:52:17
19611,CUST_69,PROD_78,4,2026-01-11 15:52:06
19612,CUST_208,PROD_85,1,2026-01-10 10:14:03
19613,CUST_393,PROD_13,2,2026-01-03 21:16:25
19614,CUST_117,PROD_60,2,2026-01-24 08:02:54
19615,CUST_52,PROD_39,5,2026-01-20 16:24:45
19616,CUST_133,PROD_18,4,2026-01-12 14:41:15
19617,CUST_386,PROD_1,5,2025-12-31 20:57:36
19618,CUST_488,PROD_59,3,2026-01-06 17:20:39
19619,CUST_83,PROD_64,5,2026-01-07 05:06:56
19620,CUST_379,PROD_85,1,2026-01-22 10:02:27
19621,CUST_96,PROD_27,3,2026-01-13 17:55:51
19622,CUST_247,PROD_13,1,2026-01-07 23:29:31
19623,CUST_124,PROD_72,2,2026-01-22 13:17:31
19624,CUST_426,PROD_100,4,2026-01-05 09:16:37
19625,CUST_99,PROD_68,1,2026-01-16 16:32:19
19626,CUST_444,PROD_92,2,2026-01-18 05:25:14
19627,CUST_466,PROD_58,1,2026-01-10 20:53:05
19628,CUST_456,PROD_88,1,2026-01-25 05:45:26
19629,CUST_384,PROD_76,4,2026-01-19 04:30:33
19630,CUST_86,PROD_24,3,2026-01-05 05:07:30
19631,CUST_313,PROD_76,4,2026-01-23 00:58:18
19632,CUST_295,PROD_95,4,2026-01-25 11:49:22
19633,CUST_350,PROD_48,2,2026-01-23 00:30:34
19634,CUST_115,PROD_27,5,2026-01-06 19:47:19
19635,CUST_2,PROD_63,5,2026-01-04 07:44:39
19636,CUST_460,PROD_94,5,2026-01-26 05:21:11
19637,CUST_118,PROD_24,1,2026-01-11 20:01:27
19638,CUST_360,PROD_83,4,2026-01-15 09:16:56
19639,CUST_95,PROD_57,4,2026-01-16 08:55:52
19640,CUST_351,PROD_16,4,2026-01-08 07:54:26
19641,CUST_36,PROD_8,1,2026-01-05 14:44:29
19642,CUST_229,PROD_89,5,2026-01-04 20:04:58
19643,CUST_391,PROD_26,4,2026-01-15 23:28:32
19644,CUST_61,PROD_77,4,2026-01-20 09:27:41
19645,CUST_304,PROD_84,3,2026-01-27 14:10:04
19646,CUST_311,PROD_10,3,2026-01-17 17:08:09
19647,CUST_282,PROD_48,2,2026-01-11 16:25:51
19648,CUST_420,PROD_59,1,2026-01-25 22:03:39
19649,CUST_237,PROD_73,1,2026-01-25 23:52:25
19650,CUST_50,PROD_83,2,2026-01-24 14:02:28
19651,CUST_449,PROD_67,5,2026-01-11 13:13:38
19652,CUST_83,PROD_65,4,2026-01-15 23:31:53
19653,CUST_333,PROD_7,3,2026-01-01 00:33:19
19654,CUST_272,PROD_36,2,2026-01-07 07:37:13
19655,CUST_497,PROD_21,5,2026-01-21 22:23:23
19656,CUST_189,PROD_62,3,2026-01-25 10:49:19
19657,CUST_351,PROD_81,2,2026-01-17 06:12:37
19658,CUST_18,PROD_23,4,2026-01-15 05:16:28
19659,CUST_143,PROD_81,1,2026-01-13 02:35:01
19660,CUST_67,PROD_49,3,2025-12-30 03:01:46
19661,CUST_358,PROD_25,1,2026-01-21 14:09:23
19662,CUST_115,PROD_43,4,2026-01-13 18:41:51
19663,CUST_326,PROD_9,2,2026-01-10 07:08:10
19664,CUST_424,PROD_80,4,2026-01-05 00:08:20
19665,CUST_361,PROD_41,2,2026-01-25 03:16:02
19666,CUST_174,PROD_10,5,2026-01-20 12:50:48
19667,CUST_387,PROD_61,5,2026-01-02 19:17:30
19668,CUST_384,PROD_36,4,2026-01-16 19:50:50
19669,CUST_414,PROD_100,1,2026-01-08 09:25:56
19670,CUST_368,PROD_17,5,2026-01-19 23:30:05
19671,CUST_207,PROD_94,4,2026-01-23 05:20:57
19672,CUST_50,PROD_34,4,2026-01-25 19:00:55
19673,CUST_285,PROD_61,2,2026-01-15 17:14:24
19674,CUST_415,PROD_97,5,2026-01-24 07:20:16
19675,CUST_5,PROD_5,1,2026-01-18 05:14:41
19676,CUST_299,PROD_72,2,2026-01-24 23:07:52
19677,CUST_442,PROD_52,2,2026-01-17 23:57:20
19678,CUST_55,PROD_44,5,2026-01-16 07:07:45
19679,CUST_16,PROD_53,2,2026-01-14 07:54:56
19680,CUST_140,PROD_87,3,2026-01-04 20:27:39
19681,CUST_60,PROD_87,3,2026-01-19 19:04:22
19682,CUST_6,PROD_42,3,2026-01-23 15:23:33
19683,CUST_412,PROD_49,5,2025-12-30 07:07:28
19684,CUST_386,PROD_88,1,2026-01-15 10:18:58
19685,CUST_82,PROD_75,3,2026-01-26 00:21:21
19686,CUST_320,PROD_26,2,2026-01-03 23:46:04
19687,CUST_51,PROD_82,2,2026-01-15 20:10:12
19688,CUST_289,PROD_60,5,2026-01-20 03:46:48
19689,CUST_64,PROD_77,1,2026-01-07 01:22:13
19690,CUST_193,PROD_60,4,2026-01-19 13:20:36
19691,CUST_396,PROD_44,3,2026-01-26 15:56:34
19692,CUST_127,PROD_23,1,2026-01-13 17:28:32
19693,CUST_338,PROD_79,1,2026-01-22 23:10:15
19694,CUST_299,PROD_66,2,2026-01-17 18:10:51
19695,CUST_250,PROD_37,3,2026-01-23 07:43:25
19696,CUST_41,PROD_65,2,2026-01-25 17:19:37
19697,CUST_318,PROD_88,5,2026-01-15 06:30:47
19698,CUST_384,PROD_27,3,2026-01-11 22:04:49
19699,CUST_424,PROD_39,5,2026-01-23 07:28:27
19700,CUST_106,PROD_55,1,2025-12-29 04:57:20
19701,CUST_413,PROD_55,1,2026-01-02 10:15:01
19702,CUST_58,PROD_19,4,2026-01-26 18:48:57
19703,CUST_200,PROD_64,2,2026-01-05 16:09:40
19704,CUST_449,PROD_84,2,2026-01-03 17:09:29
19705,CUST_339,PROD_5,2,2026-01-26 05:41:07
19706,CUST_493,PROD_63,5,2026-01-05 13:01:13
19707,CUST_69,PROD_94,5,2026-01-17 23:59:15
19708,CUST_425,PROD_80,1,2025-12-29 11:46:41
19709,CUST_60,PROD_32,4,2026-01-23 15:56:22
19710,CUST_433,PROD_71,1,2026-01-05 13:02:58
19711,CUST_489,PROD_56,2,2026-01-01 09:23:28
19712,CUST_420,PROD_62,2,2026-01-06 19:34:18
19713,CUST_130,PROD_84,3,2026-01-10 11:18:30
19714,CUST_404,PROD_30,4,2026-01-11 18:53:09
19715,CUST_292,PROD_6,5,2026-01-07 08:15:53
19716,CUST_236,PROD_83,4,2026-01-24 16:34:42
19717,CUST_29,PROD_27,1,2025-12-29 15:04:09
19718,CUST_488,PROD_26,2,2026-01-12 04:52:31
19719,CUST_199,PROD_12,2,2026-01-11 10:02:07
19720,CUST_8,PROD_26,2,2026-01-18 14:41:03
19721,CUST_62,PROD_27,5,2026-01-27 16:08:50
19722,CUST_326,PROD_87,3,2026-01-26 19:01:29
19723,CUST_249,PROD_51,2,2026-01-04 05:46:53
19724,CUST_364,PROD_2,1,2026-01-07 16:23:20
19725,CUST_212,PROD_61,1,2026-01-02 06:51:33
19726,CUST_346,PROD_69,5,2026-01-03 09:19:39
19727,CUST_379,PROD_65,1,2026-01-21 07:38:34
19728,CUST_122,PROD_97,5,2026-01-22 06:29:44
19729,CUST_483,PROD_90,1,2026-01-09 08:20:27
19730,CUST_251,PROD_96,1,2026-01-16 16:02:43
19731,CUST_168,PROD_65,3,2026-01-09 17:15:38
19732,CUST_66,PROD_100,4,2026-01-13 03:08:12
19733,CUST_24,PROD_38,4,2026-01-26 21:43:30
19734,CUST_349,PROD_31,1,2026-01-27 18:02:57
19735,CUST_330,PROD_64,1,2026-01-22 02:26:22
19736,CUST_177,PROD_49,4,2026-01-17 23:04:58
19737,CUST_76,PROD_86,1,2026-01-24 02:31:58
19738,CUST_65,PROD_48,1,2025-12-30 01:26:58
19739,CUST_117,PROD_36,3,2026-01-02 02:01:44
19740,CUST_378,PROD_49,2,2025-12-29 07:36:33
19741,CUST_77,PROD_85,2,2026-01-07 15:27:03
19742,CUST_251,PROD_22,5,2026-01-01 02:31:23
19743,CUST_494,PROD_86,3,2026-01-21 21:01:36
19744,CUST_259,PROD_41,1,2026-01-25 20:46:44
19745,CUST_448,PROD_61,4,2026-01-07 19:45:56
19746,CUST_40,PROD_75,5,2026-01-05 18:18:59
19747,CUST_157,PROD_77,1,2026-01-06 02:14:57
19748,CUST_95,PROD_67,3,2026-01-09 21:37:44
19749,CUST_153,PROD_82,5,2025-12-29 15:03:03
19750,CUST_121,PROD_63,5,2026-01-21 08:19:40
19751,CUST_300,PROD_83,1,2026-01-11 11:17:00
19752,CUST_448,PROD_6,2,2026-01-08 19:45:50
19753,CUST_252,PROD_60,1,2026-01-09 06:15:11
19754,CUST_199,PROD_49,2,2025-12-29 17:20:03
19755,CUST_104,PROD_49,2,2026-01-15 17:59:59
19756,CUST_262,PROD_28,1,2026-01-18 12:45:20
19757,CUST_457,PROD_20,3,2026-01-25 21:39:16
19758,CUST_487,PROD_36,2,2025-12-30 17:47:04
19759,CUST_263,PROD_33,1,2026-01-18 14:30:27
19760,CUST_211,PROD_53,2,2026-01-18 21:42:18
19761,CUST_130,PROD_80,4,2026-01-27 00:21:05
19762,CUST_389,PROD_45,3,2026-01-16 06:44:36
19763,CUST_209,PROD_22,2,2026-01-04 04:03:39
19764,CUST_25,PROD_70,1,2026-01-25 02:56:33
19765,CUST_337,PROD_40,4,2026-01-07 10:33:28
19766,CUST_144,PROD_13,2,2026-01-06 23:13:30
19767,CUST_143,PROD_45,5,2026-01-25 18:44:49
19768,CUST_407,PROD_80,5,2026-01-13 15:54:15
19769,CUST_336,PROD_22,3,2026-01-11 16:33:28
19770,CUST_423,PROD_93,4,2026-01-21 19:17:57
19771,CUST_447,PROD_6,4,2026-01-20 08:18:10
19772,CUST_484,PROD_78,1,2026-01-20 08:36:04
19773,CUST_389,PROD_63,4,2026-01-27 09:02:21
19774,CUST_367,PROD_63,3,2026-01-12 16:54:21
19775,CUST_361,PROD_57,1,2026-01-20 19:56:42
19776,CUST_163,PROD_100,3,2026-01-12 13:22:06
19777,CUST_131,PROD_64,5,2026-01-26 07:42:13
19778,CUST_192,PROD_75,4,2026-01-18 21:15:47
19779,CUST_186,PROD_59,3,2026-01-18 08:28:44
19780,CUST_468,PROD_93,2,2026-01-22 05:50:41
19781,CUST_112,PROD_55,5,2026-01-12 05:34:44
19782,CUST_424,PROD_61,1,2026-01-20 14:10:39
19783,CUST_386,PROD_23,3,2026-01-08 23:55:46
19784,CUST_203,PROD_85,2,2026-01-11 20:39:08
19785,CUST_117,PROD_85,1,2026-01-01 00:06:39
19786,CUST_259,PROD_42,1,2026-01-09 18:15:14
19787,CUST_211,PROD_45,5,2026-01-03 09:32:06
19788,CUST_362,PROD_33,5,2026-01-26 16:47:49
19789,CUST_330,PROD_20,5,2026-01-24 10:17:42
19790,CUST_383,PROD_20,4,2026-01-05 14:54:44
19791,CUST_169,PROD_18,2,2026-01-17 04:17:19
19792,CUST_354,PROD_64,1,2026-01-07 05:34:56
19793,CUST_135,PROD_46,1,2026-01-15 07:10:22
19794,CUST_65,PROD_6,5,2026-01-06 17:19:10
19795,CUST_93,PROD_18,3,2026-01-02 23:17:17
19796,CUST_365,PROD_39,2,2026-01-27 17:15:47
19797,CUST_243,PROD_54,5,2026-01-11 04:04:47
19798,CUST_282,PROD_43,2,2025-12-30 05:57:58
19799,CUST_98,PROD_58,2,2026-01-21 18:54:07
19800,CUST_318,PROD_58,3,2026-01-23 11:36:08
19801,CUST_84,PROD_31,2,2026-01-17 06:59:58
19802,CUST_117,PROD_48,4,2026-01-18 03:07:56
19803,CUST_198,PROD_10,1,2026-01-27 16:27:12
19804,CUST_472,PROD_51,2,2026-01-02 09:54:07
19805,CUST_147,PROD_78,1,2025-12-31 08:55:49
19806,CUST_154,PROD_39,3,2026-01-20 02:20:21
19807,CUST_218,PROD_4,1,2026-01-25 17:59:04
19808,CUST_334,PROD_66,5,2026-01-06 22:00:28
19809,CUST_385,PROD_4,3,2026-01-11 17:42:19
19810,CUST_463,PROD_98,4,2026-01-20 20:54:15
19811,CUST_195,PROD_88,4,2026-01-16 14:15:22
19812,CUST_167,PROD_31,2,2026-01-07 11:38:45
19813,CUST_51,PROD_95,4,2026-01-23 11:18:20
19814,CUST_473,PROD_17,4,2025-12-29 00:08:16
19815,CUST_217,PROD_77,2,2026-01-15 07:25:15
19816,CUST_232,PROD_85,3,2026-01-19 07:56:43
19817,CUST_322,PROD_90,1,2026-01-19 15:44:51
19818,CUST_411,PROD_53,5,2026-01-03 04:07:48
19819,CUST_384,PROD_27,4,2026-01-14 12:56:33
19820,CUST_421,PROD_7,1,2026-01-26 13:11:10
19821,CUST_92,PROD_37,4,2026-01-18 08:03:07
19822,CUST_454,PROD_7,3,2025-12-30 02:48:28
19823,CUST_299,PROD_77,3,2026-01-25 17:26:56
19824,CUST_299,PROD_84,3,2026-01-19 02:36:18
19825,CUST_314,PROD_62,5,2026-01-26 11:49:24
19826,CUST_370,PROD_73,4,2026-01-16 20:10:27
19827,CUST_186,PROD_73,3,2026-01-19 10:07:32
19828,CUST_110,PROD_71,1,2026-01-04 05:20:55
19829,CUST_87,PROD_94,2,2026-01-16 20:55:44
19830,CUST_343,PROD_47,2,2026-01-15 01:28:07
19831,CUST_93,PROD_32,2,2026-01-06 11:21:54
19832,CUST_357,PROD_62,1,2026-01-16 15:52:17
19833,CUST_75,PROD_39,4,2026-01-22 16:29:33
19834,CUST_124,PROD_60,2,2025-12-29 04:22:44
19835,CUST_66,PROD_98,1,2026-01-03 12:09:28
19836,CUST_100,PROD_2,2,2025-12-31 12:37:55
19837,CUST_445,PROD_21,4,2026-01-25 02:59:52
19838,CUST_367,PROD_47,5,2025-12-28 23:50:38
19839,CUST_239,PROD_7,5,2026-01-19 08:29:09
19840,CUST_42,PROD_99,4,2026-01-14 16:27:04
19841,CUST_265,PROD_30,3,2026-01-26 04:28:58
19842,CUST_219,PROD_31,5,2026-01-14 18:03:02
19843,CUST_114,PROD_25,1,2026-01-13 22:32:33
19844,CUST_444,PROD_37,3,2026-01-12 22:20:37
19845,CUST_174,PROD_57,3,2026-01-02 10:39:40
19846,CUST_200,PROD_56,4,2026-01-12 12:13:35
19847,CUST_492,PROD_40,5,2026-01-09 21:57:19
19848,CUST_337,PROD_11,1,2026-01-03 12:13:47
19849,CUST_82,PROD_48,5,2026-01-15 02:33:23
19850,CUST_478,PROD_2,3,2026-01-10 22:57:58
19851,CUST_46,PROD_88,4,2026-01-08 05:51:32
19852,CUST_361,PROD_94,2,2026-01-17 09:35:17
19853,CUST_309,PROD_90,1,2026-01-05 16:03:27
19854,CUST_205,PROD_91,2,2026-01-27 06:46:00
19855,CUST_301,PROD_71,3,2026-01-25 18:19:19
19856,CUST_119,PROD_12,2,2026-01-04 19:39:25
19857,CUST_131,PROD_39,1,2025-12-30 23:29:18
19858,CUST_367,PROD_24,1,2026-01-13 13:07:19
19859,CUST_447,PROD_38,3,2026-01-10 18:27:25
19860,CUST_236,PROD_49,4,2026-01-16 03:25:40
19861,CUST_130,PROD_1,1,2026-01-03 14:04:04
19862,CUST_58,PROD_2,1,2025-12-29 23:04:46
19863,CUST_447,PROD_45,4,2025-12-30 09:44:33
19864,CUST_38,PROD_29,4,2026-01-17 06:58:33
19865,CUST_335,PROD_85,4,2026-01-24 17:30:28
19866,CUST_467,PROD_78,1,2026-01-21 23:19:07
19867,CUST_294,PROD_64,2,2026-01-18 09:32:45
19868,CUST_71,PROD_1,3,2026-01-01 23:52:21
19869,CUST_268,PROD_19,5,2026-01-09 04:32:13
19870,CUST_309,PROD_7,3,2025-12-28 20:43:17
19871,CUST_105,PROD_53,2,2026-01-13 13:02:07
19872,CUST_291,PROD_13,5,2026-01-24 19:51:03
19873,CUST_210,PROD_99,4,2026-01-09 14:29:30
19874,CUST_483,PROD_46,2,2026-01-02 03:15:14
19875,CUST_136,PROD_73,3,2026-01-01 00:37:44
19876,CUST_392,PROD_75,1,2026-01-26 12:27:35
19877,CUST_292,PROD_87,4,2026-01-25 03:55:35
19878,CUST_87,PROD_75,4,2026-01-25 09:34:01
19879,CUST_135,PROD_39,1,2025-12-29 16:48:25
19880,CUST_470,PROD_99,1,2026-01-18 18:42:41
19881,CUST_247,PROD_85,5,2026-01-01 05:07:33
19882,CUST_324,PROD_85,4,2026-01-07 02:29:28
19883,CUST_74,PROD_42,1,2026-01-11 02:53:37
19884,CUST_101,PROD_99,5,2026-01-07 11:26:44
19885,CUST_157,PROD_39,2,2026-01-06 08:51:14
19886,CUST_24,PROD_32,3,2026-01-09 17:24:08
19887,CUST_208,PROD_52,2,2026-01-02 16:06:09
19888,CUST_388,PROD_29,5,2026-01-16 23:28:53
19889,CUST_256,PROD_99,1,2026-01-19 16:28:45
19890,CUST_435,PROD_26,5,2026-01-21 19:16:37
19891,CUST_350,PROD_89,5,2026-01-25 09:29:03
19892,CUST_313,PROD_97,3,2026-01-03 04:27:03
19893,CUST_431,PROD_14,1,2026-01-21 10:53:01
19894,CUST_372,PROD_52,5,2025-12-29 17:35:20
19895,CUST_71,PROD_60,4,2026-01-20 01:19:10
19896,CUST_332,PROD_22,1,2026-01-02 14:11:35
19897,CUST_187,PROD_20,4,2026-01-19 16:28:42
19898,CUST_45,PROD_29,2,2026-01-08 01:38:37
19899,CUST_128,PROD_29,1,2025-12-30 08:23:56
19900,CUST_429,PROD_84,5,2026-01-14 08:28:02
19901,CUST_440,PROD_28,3,2026-01-14 14:38:41
19902,CUST_123,PROD_67,4,2026-01-24 06:59:59
19903,CUST_207,PROD_19,4,2026-01-25 22:06:04
19904,CUST_482,PROD_97,4,2026-01-08 05:42:46
19905,CUST_85,PROD_12,4,2026-01-09 18:30:06
19906,CUST_479,PROD_48,1,2026-01-05 17:57:10
19907,CUST_359,PROD_97,1,2026-01-21 17:47:44
19908,CUST_88,PROD_26,5,2026-01-05 21:17:16
19909,CUST_493,PROD_14,1,2026-01-03 04:36:33
19910,CUST_454,PROD_3,5,2026-01-02 12:05:27
19911,CUST_186,PROD_96,2,2026-01-22 04:25:12
19912,CUST_468,PROD_6,4,2026-01-11 15:58:44
19913,CUST_455,PROD_65,1,2026-01-07 18:29:58
19914,CUST_371,PROD_79,1,2026-01-15 15:30:41
19915,CUST_160,PROD_56,5,2026-01-17 07:05:23
19916,CUST_8,PROD_77,5,2026-01-16 08:09:06
19917,CUST_343,PROD_47,3,2026-01-04 14:41:15
19918,CUST_140,PROD_46,3,2026-01-26 13:38:24
19919,CUST_116,PROD_96,3,2026-01-26 02:33:12
19920,CUST_266,PROD_90,3,2026-01-15 08:57:31
19921,CUST_336,PROD_96,5,2026-01-08 09:12:45
19922,CUST_81,PROD_53,2,2026-01-22 17:01:01
19923,CUST_274,PROD_64,4,2026-01-21 11:09:04
19924,CUST_490,PROD_7,1,2026-01-06 07:59:22
19925,CUST_353,PROD_99,2,2026-01-19 02:33:08
19926,CUST_261,PROD_37,3,2026-01-01 10:47:59
19927,CUST_119,PROD_22,2,2026-01-07 18:21:49
19928,CUST_286,PROD_50,1,2026-01-13 23:24:34
19929,CUST_80,PROD_49,3,2025-12-29 08:10:33
19930,CUST_63,PROD_77,5,2026-01-14 08:30:05
19931,CUST_159,PROD_36,5,2026-01-05 18:15:18
19932,CUST_76,PROD_70,3,2026-01-13 23:16:41
19933,CUST_449,PROD_70,3,2026-01-07 21:22:08
19934,CUST_258,PROD_4,3,2026-01-14 17:35:02
19935,CUST_490,PROD_96,2,2026-01-15 18:25:46
19936,CUST_387,PROD_50,2,2026-01-06 18:46:15
19937,CUST_472,PROD_22,1,2026-01-18 08:00:14
19938,CUST_108,PROD_90,3,2026-01-10 20:11:21
19939,CUST_278,PROD_62,3,2026-01-08 12:11:31
19940,CUST_455,PROD_12,1,2026-01-17 20:01:16
19941,CUST_265,PROD_58,1,2026-01-03 21:54:29
19942,CUST_453,PROD_69,3,2026-01-04 11:23:03
19943,CUST_483,PROD_31,3,2026-01-17 02:46:45
19944,CUST_201,PROD_64,2,2026-01-02 18:45:45
19945,CUST_323,PROD_49,5,2026-01-27 06:08:15
19946,CUST_472,PROD_23,5,2025-12-29 03:40:39
19947,CUST_238,PROD_69,4,2025-12-29 05:54:20
19948,CUST_412,PROD_1,1,2026-01-11 13:10:53
19949,CUST_35,PROD_53,2,2026-01-04 22:10:01
19950,CUST_56,PROD_96,3,2026-01-13 12:48:56
19951,CUST_238,PROD_78,2,2026-01-06 11:55:55
19952,CUST_497,PROD_64,5,2026-01-23 02:08:23
19953,CUST_388,PROD_31,1,2026-01-17 02:55:40
19954,CUST_285,PROD_38,5,2026-01-15 00:51:51
19955,CUST_159,PROD_73,4,2026-01-26 15:31:22
19956,CUST_133,PROD_83,2,2026-01-14 01:33:11
19957,CUST_275,PROD_50,5,2026-01-06 07:40:27
19958,CUST_456,PROD_39,1,2026-01-15 18:22:45
19959,CUST_169,PROD_52,5,2026-01-02 01:45:07
19960,CUST_360,PROD_92,3,2026-01-04 02:51:40
19961,CUST_19,PROD_88,2,2025-12-29 08:44:23
19962,CUST_416,PROD_45,4,2025-12-30 21:02:12
19963,CUST_422,PROD_3,3,2026-01-12 07:49:06
19964,CUST_250,PROD_65,2,2026-01-18 18:24:58
19965,CUST_402,PROD_69,3,2026-01-19 01:53:12
19966,CUST_121,PROD_53,4,2026-01-27 03:17:56
19967,CUST_203,PROD_96,4,2026-01-24 09:03:54
19968,CUST_430,PROD_26,1,2026-01-04 12:41:23
19969,CUST_481,PROD_69,2,2026-01-10 08:18:59
19970,CUST_355,PROD_98,5,2026-01-03 08:44:37
19971,CUST_75,PROD_73,2,2026-01-17 03:17:15
19972,CUST_341,PROD_33,4,2026-01-12 20:47:58
19973,CUST_161,PROD_82,2,2026-01-15 11:34:20
19974,CUST_467,PROD_56,3,2026-01-26 21:08:49
19975,CUST_429,PROD_79,3,2025-12-30 05:23:11
19976,CUST_348,PROD_70,3,2026-01-07 09:22:32
19977,CUST_110,PROD_29,2,2026-01-20 16:44:38
19978,CUST_444,PROD_53,1,2026-01-13 15:46:30
19979,CUST_332,PROD_56,4,2026-01-20 13:49:02
19980,CUST_137,PROD_28,2,2026-01-17 20:28:22
19981,CUST_91,PROD_35,1,2026-01-01 15:42:27
19982,CUST_370,PROD_96,2,2026-01-11 02:20:44
19983,CUST_307,PROD_6,4,2026-01-24 17:38:22
19984,CUST_353,PROD_14,5,2026-01-11 12:40:46
19985,CUST_232,PROD_86,2,2026-01-18 10:46:19
19986,CUST_19,PROD_46,1,2025-12-30 17:44:48
19987,CUST_445,PROD_16,2,2026-01-16 23:42:39
19988,CUST_1,PROD_77,3,2025-12-29 17:41:47
19989,CUST_298,PROD_14,3,2026-01-27 02:57:44
19990,CUST_324,PROD_79,4,2026-01-13 03:02:59
19991,CUST_261,PROD_88,1,2026-01-20 09:54:21
19992,CUST_48,PROD_28,2,2026-01-20 21:48:58
19993,CUST_76,PROD_91,4,2026-01-07 09:14:37
19994,CUST_335,PROD_100,5,2026-01-21 21:56:00
19995,CUST_472,PROD_95,4,2026-01-25 04:21:18
19996,CUST_391,PROD_17,2,2026-01-26 23:25:17
19997,CUST_25,PROD_78,3,2026-01-06 22:32:13
19998,CUST_399,PROD_9,2,2026-01-17 22:09:13
19999,CUST_334,PROD_60,4,2026-01-09 08:01:06
20000,CUST_485,PROD_4,3,2025-12-29 13:40:41
